[watch-slurm] host=a2n16c1 job=3477612
[watch-slurm] manifest=/gpfs/share/home/2501210611/opsd_analysis/OPSD_Analysis/log/train/robustness/submit_latest.tsv interval=120s
[2026-09-06T03:45:59+08:00] host=a2n16c1 job=3477612 interval=120s
[2026-09-06T03:45:59+08:00] manifest=/gpfs/share/home/2501210611/opsd_analysis/OPSD_Analysis/log/train/robustness/submit_latest.tsv rows=37
[2026-09-06T03:45:59+08:00] WAIT qwen3_1.7b jid=3477428 state=PENDING
[2026-09-06T03:45:59+08:00] WAIT qwen3_1.7b jid=3477429 state=PENDING
[2026-09-06T03:45:59+08:00] WAIT qwen3_1.7b jid=3477430 state=PENDING
[2026-09-06T03:45:59+08:00] WAIT olmo3_7b_think jid=3477431 state=PENDING
[2026-09-06T03:45:59+08:00] WAIT olmo3_7b_think jid=3477432 state=PENDING
[2026-09-06T03:45:59+08:00] WAIT olmo3_7b_think jid=3477433 state=PENDING
[2026-09-06T03:45:59+08:00] WAIT qwen3_4b_instruct jid=3477434 state=PENDING
[2026-09-06T03:45:59+08:00] WAIT qwen3_4b_instruct jid=3477435 state=PENDING
[2026-09-06T03:45:59+08:00] WAIT qwen3_4b_instruct jid=3477436 state=PENDING
[2026-09-06T03:45:59+08:00] WAIT qwen3_1.7b jid=3477606_0 state=PENDING
[2026-09-06T03:45:59+08:00] WAIT qwen3_1.7b jid=3477606_1 state=PENDING
[2026-09-06T03:45:59+08:00] WAIT qwen3_1.7b jid=3477606_2 state=PENDING
[2026-09-06T03:45:59+08:00] WAIT qwen3_1.7b jid=3477606_3 state=PENDING
[2026-09-06T03:45:59+08:00] WAIT qwen3_1.7b jid=3477606_4 state=PENDING
[2026-09-06T03:45:59+08:00] WAIT qwen3_1.7b jid=3477606_5 state=PENDING
[2026-09-06T03:45:59+08:00] WAIT qwen3_1.7b jid=3477606_6 state=PENDING
[2026-09-06T03:45:59+08:00] WAIT olmo3_7b_think jid=3477607_0 state=PENDING
[2026-09-06T03:45:59+08:00] WAIT olmo3_7b_think jid=3477607_1 state=PENDING
[2026-09-06T03:45:59+08:00] WAIT olmo3_7b_think jid=3477607_2 state=PENDING
[2026-09-06T03:45:59+08:00] WAIT olmo3_7b_think jid=3477607_3 state=PENDING
[2026-09-06T03:45:59+08:00] WAIT olmo3_7b_think jid=3477607_4 state=PENDING
[2026-09-06T03:45:59+08:00] WAIT olmo3_7b_think jid=3477607_5 state=PENDING
[2026-09-06T03:45:59+08:00] WAIT olmo3_7b_think jid=3477607_6 state=PENDING
[2026-09-06T03:45:59+08:00] WAIT qwen3_1.7b jid=3477608_0 state=PENDING
[2026-09-06T03:45:59+08:00] WAIT qwen3_1.7b jid=3477608_1 state=PENDING
[2026-09-06T03:45:59+08:00] WAIT qwen3_1.7b jid=3477608_2 state=PENDING
[2026-09-06T03:45:59+08:00] WAIT qwen3_1.7b jid=3477608_3 state=PENDING
[2026-09-06T03:45:59+08:00] WAIT qwen3_1.7b jid=3477608_4 state=PENDING
[2026-09-06T03:45:59+08:00] WAIT qwen3_1.7b jid=3477608_5 state=PENDING
[2026-09-06T03:45:59+08:00] WAIT qwen3_1.7b jid=3477608_6 state=PENDING
[2026-09-06T03:45:59+08:00] WAIT olmo3_7b_think jid=3477609_0 state=PENDING
[2026-09-06T03:45:59+08:00] WAIT olmo3_7b_think jid=3477609_1 state=PENDING
[2026-09-06T03:45:59+08:00] WAIT olmo3_7b_think jid=3477609_2 state=PENDING
[2026-09-06T03:45:59+08:00] WAIT olmo3_7b_think jid=3477609_3 state=PENDING
[2026-09-06T03:45:59+08:00] WAIT olmo3_7b_think jid=3477609_4 state=PENDING
[2026-09-06T03:45:59+08:00] WAIT olmo3_7b_think jid=3477609_5 state=PENDING
[2026-09-06T03:45:59+08:00] WAIT olmo3_7b_think jid=3477609_6 state=PENDING
[2026-09-06T03:45:59+08:00] progress done=0/37 pending=37 failed=0
[2026-09-06T03:47:59+08:00] WAIT qwen3_1.7b jid=3477428 state=PENDING
[2026-09-06T03:47:59+08:00] WAIT qwen3_1.7b jid=3477429 state=PENDING
[2026-09-06T03:47:59+08:00] WAIT qwen3_1.7b jid=3477430 state=PENDING
[2026-09-06T03:47:59+08:00] WAIT olmo3_7b_think jid=3477431 state=PENDING
[2026-09-06T03:47:59+08:00] WAIT olmo3_7b_think jid=3477432 state=PENDING
[2026-09-06T03:47:59+08:00] WAIT olmo3_7b_think jid=3477433 state=PENDING
[2026-09-06T03:47:59+08:00] WAIT qwen3_4b_instruct jid=3477434 state=PENDING
[2026-09-06T03:47:59+08:00] WAIT qwen3_4b_instruct jid=3477435 state=PENDING
[2026-09-06T03:47:59+08:00] WAIT qwen3_4b_instruct jid=3477436 state=PENDING
[2026-09-06T03:47:59+08:00] WAIT qwen3_1.7b jid=3477606_0 state=PENDING
[2026-09-06T03:47:59+08:00] WAIT qwen3_1.7b jid=3477606_1 state=PENDING
[2026-09-06T03:47:59+08:00] WAIT qwen3_1.7b jid=3477606_2 state=PENDING
[2026-09-06T03:47:59+08:00] WAIT qwen3_1.7b jid=3477606_3 state=PENDING
[2026-09-06T03:47:59+08:00] WAIT qwen3_1.7b jid=3477606_4 state=PENDING
[2026-09-06T03:47:59+08:00] WAIT qwen3_1.7b jid=3477606_5 state=PENDING
[2026-09-06T03:47:59+08:00] WAIT qwen3_1.7b jid=3477606_6 state=PENDING
[2026-09-06T03:47:59+08:00] WAIT olmo3_7b_think jid=3477607_0 state=PENDING
[2026-09-06T03:47:59+08:00] WAIT olmo3_7b_think jid=3477607_1 state=PENDING
[2026-09-06T03:47:59+08:00] WAIT olmo3_7b_think jid=3477607_2 state=PENDING
[2026-09-06T03:47:59+08:00] WAIT olmo3_7b_think jid=3477607_3 state=PENDING
[2026-09-06T03:47:59+08:00] WAIT olmo3_7b_think jid=3477607_4 state=PENDING
[2026-09-06T03:47:59+08:00] WAIT olmo3_7b_think jid=3477607_5 state=PENDING
[2026-09-06T03:47:59+08:00] WAIT olmo3_7b_think jid=3477607_6 state=PENDING
[2026-09-06T03:47:59+08:00] WAIT qwen3_1.7b jid=3477608_0 state=PENDING
[2026-09-06T03:47:59+08:00] WAIT qwen3_1.7b jid=3477608_1 state=PENDING
[2026-09-06T03:47:59+08:00] WAIT qwen3_1.7b jid=3477608_2 state=PENDING
[2026-09-06T03:47:59+08:00] WAIT qwen3_1.7b jid=3477608_3 state=PENDING
[2026-09-06T03:47:59+08:00] WAIT qwen3_1.7b jid=3477608_4 state=PENDING
[2026-09-06T03:47:59+08:00] WAIT qwen3_1.7b jid=3477608_5 state=PENDING
[2026-09-06T03:47:59+08:00] WAIT qwen3_1.7b jid=3477608_6 state=PENDING
[2026-09-06T03:47:59+08:00] WAIT olmo3_7b_think jid=3477609_0 state=PENDING
[2026-09-06T03:47:59+08:00] WAIT olmo3_7b_think jid=3477609_1 state=PENDING
[2026-09-06T03:47:59+08:00] WAIT olmo3_7b_think jid=3477609_2 state=PENDING
[2026-09-06T03:47:59+08:00] WAIT olmo3_7b_think jid=3477609_3 state=PENDING
[2026-09-06T03:47:59+08:00] WAIT olmo3_7b_think jid=3477609_4 state=PENDING
[2026-09-06T03:47:59+08:00] WAIT olmo3_7b_think jid=3477609_5 state=PENDING
[2026-09-06T03:47:59+08:00] WAIT olmo3_7b_think jid=3477609_6 state=PENDING
[2026-09-06T03:47:59+08:00] progress done=0/37 pending=37 failed=0
[2026-09-06T03:49:59+08:00] WAIT qwen3_1.7b jid=3477428 state=PENDING
[2026-09-06T03:49:59+08:00] WAIT qwen3_1.7b jid=3477429 state=PENDING
[2026-09-06T03:49:59+08:00] WAIT qwen3_1.7b jid=3477430 state=PENDING
[2026-09-06T03:49:59+08:00] WAIT olmo3_7b_think jid=3477431 state=PENDING
[2026-09-06T03:49:59+08:00] WAIT olmo3_7b_think jid=3477432 state=PENDING
[2026-09-06T03:49:59+08:00] WAIT olmo3_7b_think jid=3477433 state=PENDING
[2026-09-06T03:49:59+08:00] WAIT qwen3_4b_instruct jid=3477434 state=PENDING
[2026-09-06T03:49:59+08:00] WAIT qwen3_4b_instruct jid=3477435 state=PENDING
[2026-09-06T03:49:59+08:00] WAIT qwen3_4b_instruct jid=3477436 state=PENDING
[2026-09-06T03:49:59+08:00] WAIT qwen3_1.7b jid=3477606_0 state=PENDING
[2026-09-06T03:49:59+08:00] WAIT qwen3_1.7b jid=3477606_1 state=PENDING
[2026-09-06T03:50:00+08:00] WAIT qwen3_1.7b jid=3477606_2 state=PENDING
[2026-09-06T03:50:00+08:00] WAIT qwen3_1.7b jid=3477606_3 state=PENDING
[2026-09-06T03:50:00+08:00] WAIT qwen3_1.7b jid=3477606_4 state=PENDING
[2026-09-06T03:50:00+08:00] WAIT qwen3_1.7b jid=3477606_5 state=PENDING
[2026-09-06T03:50:00+08:00] WAIT qwen3_1.7b jid=3477606_6 state=PENDING
[2026-09-06T03:50:00+08:00] WAIT olmo3_7b_think jid=3477607_0 state=PENDING
[2026-09-06T03:50:00+08:00] WAIT olmo3_7b_think jid=3477607_1 state=PENDING
[2026-09-06T03:50:00+08:00] WAIT olmo3_7b_think jid=3477607_2 state=PENDING
[2026-09-06T03:50:00+08:00] WAIT olmo3_7b_think jid=3477607_3 state=PENDING
[2026-09-06T03:50:00+08:00] WAIT olmo3_7b_think jid=3477607_4 state=PENDING
[2026-09-06T03:50:00+08:00] WAIT olmo3_7b_think jid=3477607_5 state=PENDING
[2026-09-06T03:50:00+08:00] WAIT olmo3_7b_think jid=3477607_6 state=PENDING
[2026-09-06T03:50:00+08:00] WAIT qwen3_1.7b jid=3477608_0 state=PENDING
[2026-09-06T03:50:00+08:00] WAIT qwen3_1.7b jid=3477608_1 state=PENDING
[2026-09-06T03:50:00+08:00] WAIT qwen3_1.7b jid=3477608_2 state=PENDING
[2026-09-06T03:50:00+08:00] WAIT qwen3_1.7b jid=3477608_3 state=PENDING
[2026-09-06T03:50:00+08:00] WAIT qwen3_1.7b jid=3477608_4 state=PENDING
[2026-09-06T03:50:00+08:00] WAIT qwen3_1.7b jid=3477608_5 state=PENDING
[2026-09-06T03:50:00+08:00] WAIT qwen3_1.7b jid=3477608_6 state=PENDING
[2026-09-06T03:50:00+08:00] WAIT olmo3_7b_think jid=3477609_0 state=PENDING
[2026-09-06T03:50:00+08:00] WAIT olmo3_7b_think jid=3477609_1 state=PENDING
[2026-09-06T03:50:00+08:00] WAIT olmo3_7b_think jid=3477609_2 state=PENDING
[2026-09-06T03:50:00+08:00] WAIT olmo3_7b_think jid=3477609_3 state=PENDING
[2026-09-06T03:50:00+08:00] WAIT olmo3_7b_think jid=3477609_4 state=PENDING
[2026-09-06T03:50:00+08:00] WAIT olmo3_7b_think jid=3477609_5 state=PENDING
[2026-09-06T03:50:00+08:00] WAIT olmo3_7b_think jid=3477609_6 state=PENDING
[2026-09-06T03:50:00+08:00] progress done=0/37 pending=37 failed=0
[2026-09-06T03:52:00+08:00] WAIT qwen3_1.7b jid=3477428 state=PENDING
[2026-09-06T03:52:00+08:00] WAIT qwen3_1.7b jid=3477429 state=PENDING
[2026-09-06T03:52:00+08:00] WAIT qwen3_1.7b jid=3477430 state=PENDING
[2026-09-06T03:52:00+08:00] WAIT olmo3_7b_think jid=3477431 state=PENDING
[2026-09-06T03:52:00+08:00] WAIT olmo3_7b_think jid=3477432 state=PENDING
[2026-09-06T03:52:00+08:00] WAIT olmo3_7b_think jid=3477433 state=PENDING
[2026-09-06T03:52:00+08:00] WAIT qwen3_4b_instruct jid=3477434 state=PENDING
[2026-09-06T03:52:00+08:00] WAIT qwen3_4b_instruct jid=3477435 state=PENDING
[2026-09-06T03:52:00+08:00] WAIT qwen3_4b_instruct jid=3477436 state=PENDING
[2026-09-06T03:52:00+08:00] WAIT qwen3_1.7b jid=3477606_0 state=PENDING
[2026-09-06T03:52:00+08:00] WAIT qwen3_1.7b jid=3477606_1 state=PENDING
[2026-09-06T03:52:00+08:00] WAIT qwen3_1.7b jid=3477606_2 state=PENDING
[2026-09-06T03:52:00+08:00] WAIT qwen3_1.7b jid=3477606_3 state=PENDING
[2026-09-06T03:52:00+08:00] WAIT qwen3_1.7b jid=3477606_4 state=PENDING
[2026-09-06T03:52:00+08:00] WAIT qwen3_1.7b jid=3477606_5 state=PENDING
[2026-09-06T03:52:00+08:00] WAIT qwen3_1.7b jid=3477606_6 state=PENDING
[2026-09-06T03:52:00+08:00] WAIT olmo3_7b_think jid=3477607_0 state=PENDING
[2026-09-06T03:52:00+08:00] WAIT olmo3_7b_think jid=3477607_1 state=PENDING
[2026-09-06T03:52:00+08:00] WAIT olmo3_7b_think jid=3477607_2 state=PENDING
[2026-09-06T03:52:00+08:00] WAIT olmo3_7b_think jid=3477607_3 state=PENDING
[2026-09-06T03:52:00+08:00] WAIT olmo3_7b_think jid=3477607_4 state=PENDING
[2026-09-06T03:52:00+08:00] WAIT olmo3_7b_think jid=3477607_5 state=PENDING
[2026-09-06T03:52:00+08:00] WAIT olmo3_7b_think jid=3477607_6 state=PENDING
[2026-09-06T03:52:00+08:00] WAIT qwen3_1.7b jid=3477608_0 state=PENDING
[2026-09-06T03:52:00+08:00] WAIT qwen3_1.7b jid=3477608_1 state=PENDING
[2026-09-06T03:52:00+08:00] WAIT qwen3_1.7b jid=3477608_2 state=PENDING
[2026-09-06T03:52:00+08:00] WAIT qwen3_1.7b jid=3477608_3 state=PENDING
[2026-09-06T03:52:00+08:00] WAIT qwen3_1.7b jid=3477608_4 state=PENDING
[2026-09-06T03:52:00+08:00] WAIT qwen3_1.7b jid=3477608_5 state=PENDING
[2026-09-06T03:52:00+08:00] WAIT qwen3_1.7b jid=3477608_6 state=PENDING
[2026-09-06T03:52:00+08:00] WAIT olmo3_7b_think jid=3477609_0 state=PENDING
[2026-09-06T03:52:00+08:00] WAIT olmo3_7b_think jid=3477609_1 state=PENDING
[2026-09-06T03:52:00+08:00] WAIT olmo3_7b_think jid=3477609_2 state=PENDING
[2026-09-06T03:52:00+08:00] WAIT olmo3_7b_think jid=3477609_3 state=PENDING
[2026-09-06T03:52:00+08:00] WAIT olmo3_7b_think jid=3477609_4 state=PENDING
[2026-09-06T03:52:00+08:00] WAIT olmo3_7b_think jid=3477609_5 state=PENDING
[2026-09-06T03:52:00+08:00] WAIT olmo3_7b_think jid=3477609_6 state=PENDING
[2026-09-06T03:52:00+08:00] progress done=0/37 pending=37 failed=0
[2026-09-06T03:54:00+08:00] WAIT qwen3_1.7b jid=3477428 state=PENDING
[2026-09-06T03:54:00+08:00] WAIT qwen3_1.7b jid=3477429 state=PENDING
[2026-09-06T03:54:00+08:00] WAIT qwen3_1.7b jid=3477430 state=PENDING
[2026-09-06T03:54:00+08:00] WAIT olmo3_7b_think jid=3477431 state=PENDING
[2026-09-06T03:54:00+08:00] WAIT olmo3_7b_think jid=3477432 state=PENDING
[2026-09-06T03:54:00+08:00] WAIT olmo3_7b_think jid=3477433 state=PENDING
[2026-09-06T03:54:00+08:00] WAIT qwen3_4b_instruct jid=3477434 state=PENDING
[2026-09-06T03:54:00+08:00] WAIT qwen3_4b_instruct jid=3477435 state=PENDING
[2026-09-06T03:54:00+08:00] WAIT qwen3_4b_instruct jid=3477436 state=PENDING
[2026-09-06T03:54:00+08:00] WAIT qwen3_1.7b jid=3477606_0 state=PENDING
[2026-09-06T03:54:00+08:00] WAIT qwen3_1.7b jid=3477606_1 state=PENDING
[2026-09-06T03:54:00+08:00] WAIT qwen3_1.7b jid=3477606_2 state=PENDING
[2026-09-06T03:54:00+08:00] WAIT qwen3_1.7b jid=3477606_3 state=PENDING
[2026-09-06T03:54:00+08:00] WAIT qwen3_1.7b jid=3477606_4 state=PENDING
[2026-09-06T03:54:00+08:00] WAIT qwen3_1.7b jid=3477606_5 state=PENDING
[2026-09-06T03:54:00+08:00] WAIT qwen3_1.7b jid=3477606_6 state=PENDING
[2026-09-06T03:54:00+08:00] WAIT olmo3_7b_think jid=3477607_0 state=PENDING
[2026-09-06T03:54:00+08:00] WAIT olmo3_7b_think jid=3477607_1 state=PENDING
[2026-09-06T03:54:00+08:00] WAIT olmo3_7b_think jid=3477607_2 state=PENDING
[2026-09-06T03:54:00+08:00] WAIT olmo3_7b_think jid=3477607_3 state=PENDING
[2026-09-06T03:54:00+08:00] WAIT olmo3_7b_think jid=3477607_4 state=PENDING
[2026-09-06T03:54:00+08:00] WAIT olmo3_7b_think jid=3477607_5 state=PENDING
[2026-09-06T03:54:00+08:00] WAIT olmo3_7b_think jid=3477607_6 state=PENDING
[2026-09-06T03:54:00+08:00] WAIT qwen3_1.7b jid=3477608_0 state=PENDING
[2026-09-06T03:54:00+08:00] WAIT qwen3_1.7b jid=3477608_1 state=PENDING
[2026-09-06T03:54:00+08:00] WAIT qwen3_1.7b jid=3477608_2 state=PENDING
[2026-09-06T03:54:00+08:00] WAIT qwen3_1.7b jid=3477608_3 state=PENDING
[2026-09-06T03:54:00+08:00] WAIT qwen3_1.7b jid=3477608_4 state=PENDING
[2026-09-06T03:54:00+08:00] WAIT qwen3_1.7b jid=3477608_5 state=PENDING
[2026-09-06T03:54:00+08:00] WAIT qwen3_1.7b jid=3477608_6 state=PENDING
[2026-09-06T03:54:00+08:00] WAIT olmo3_7b_think jid=3477609_0 state=PENDING
[2026-09-06T03:54:00+08:00] WAIT olmo3_7b_think jid=3477609_1 state=PENDING
[2026-09-06T03:54:00+08:00] WAIT olmo3_7b_think jid=3477609_2 state=PENDING
[2026-09-06T03:54:00+08:00] WAIT olmo3_7b_think jid=3477609_3 state=PENDING
[2026-09-06T03:54:01+08:00] WAIT olmo3_7b_think jid=3477609_4 state=PENDING
[2026-09-06T03:54:01+08:00] WAIT olmo3_7b_think jid=3477609_5 state=PENDING
[2026-09-06T03:54:01+08:00] WAIT olmo3_7b_think jid=3477609_6 state=PENDING
[2026-09-06T03:54:01+08:00] progress done=0/37 pending=37 failed=0
[2026-09-06T03:56:01+08:00] WAIT qwen3_1.7b jid=3477428 state=PENDING
[2026-09-06T03:56:01+08:00] WAIT qwen3_1.7b jid=3477429 state=PENDING
[2026-09-06T03:56:01+08:00] WAIT qwen3_1.7b jid=3477430 state=PENDING
[2026-09-06T03:56:01+08:00] WAIT olmo3_7b_think jid=3477431 state=PENDING
[2026-09-06T03:56:01+08:00] WAIT olmo3_7b_think jid=3477432 state=PENDING
[2026-09-06T03:56:01+08:00] WAIT olmo3_7b_think jid=3477433 state=PENDING
[2026-09-06T03:56:01+08:00] WAIT qwen3_4b_instruct jid=3477434 state=PENDING
[2026-09-06T03:56:01+08:00] WAIT qwen3_4b_instruct jid=3477435 state=PENDING
[2026-09-06T03:56:01+08:00] WAIT qwen3_4b_instruct jid=3477436 state=PENDING
[2026-09-06T03:56:01+08:00] WAIT qwen3_1.7b jid=3477606_0 state=PENDING
[2026-09-06T03:56:01+08:00] WAIT qwen3_1.7b jid=3477606_1 state=PENDING
[2026-09-06T03:56:01+08:00] WAIT qwen3_1.7b jid=3477606_2 state=PENDING
[2026-09-06T03:56:01+08:00] WAIT qwen3_1.7b jid=3477606_3 state=PENDING
[2026-09-06T03:56:01+08:00] WAIT qwen3_1.7b jid=3477606_4 state=PENDING
[2026-09-06T03:56:01+08:00] WAIT qwen3_1.7b jid=3477606_5 state=PENDING
[2026-09-06T03:56:01+08:00] WAIT qwen3_1.7b jid=3477606_6 state=PENDING
[2026-09-06T03:56:01+08:00] WAIT olmo3_7b_think jid=3477607_0 state=PENDING
[2026-09-06T03:56:01+08:00] WAIT olmo3_7b_think jid=3477607_1 state=PENDING
[2026-09-06T03:56:01+08:00] WAIT olmo3_7b_think jid=3477607_2 state=PENDING
[2026-09-06T03:56:01+08:00] WAIT olmo3_7b_think jid=3477607_3 state=PENDING
[2026-09-06T03:56:01+08:00] WAIT olmo3_7b_think jid=3477607_4 state=PENDING
[2026-09-06T03:56:01+08:00] WAIT olmo3_7b_think jid=3477607_5 state=PENDING
[2026-09-06T03:56:01+08:00] WAIT olmo3_7b_think jid=3477607_6 state=PENDING
[2026-09-06T03:56:01+08:00] WAIT qwen3_1.7b jid=3477608_0 state=PENDING
[2026-09-06T03:56:01+08:00] WAIT qwen3_1.7b jid=3477608_1 state=PENDING
[2026-09-06T03:56:01+08:00] WAIT qwen3_1.7b jid=3477608_2 state=PENDING
[2026-09-06T03:56:01+08:00] WAIT qwen3_1.7b jid=3477608_3 state=PENDING
[2026-09-06T03:56:01+08:00] WAIT qwen3_1.7b jid=3477608_4 state=PENDING
[2026-09-06T03:56:01+08:00] WAIT qwen3_1.7b jid=3477608_5 state=PENDING
[2026-09-06T03:56:01+08:00] WAIT qwen3_1.7b jid=3477608_6 state=PENDING
[2026-09-06T03:56:01+08:00] WAIT olmo3_7b_think jid=3477609_0 state=PENDING
[2026-09-06T03:56:01+08:00] WAIT olmo3_7b_think jid=3477609_1 state=PENDING
[2026-09-06T03:56:01+08:00] WAIT olmo3_7b_think jid=3477609_2 state=PENDING
[2026-09-06T03:56:01+08:00] WAIT olmo3_7b_think jid=3477609_3 state=PENDING
[2026-09-06T03:56:01+08:00] WAIT olmo3_7b_think jid=3477609_4 state=PENDING
[2026-09-06T03:56:01+08:00] WAIT olmo3_7b_think jid=3477609_5 state=PENDING
[2026-09-06T03:56:01+08:00] WAIT olmo3_7b_think jid=3477609_6 state=PENDING
[2026-09-06T03:56:01+08:00] progress done=0/37 pending=37 failed=0
[2026-09-06T03:58:01+08:00] WAIT qwen3_1.7b jid=3477428 state=PENDING
[2026-09-06T03:58:01+08:00] WAIT qwen3_1.7b jid=3477429 state=PENDING
[2026-09-06T03:58:01+08:00] WAIT qwen3_1.7b jid=3477430 state=PENDING
[2026-09-06T03:58:01+08:00] WAIT olmo3_7b_think jid=3477431 state=PENDING
[2026-09-06T03:58:01+08:00] WAIT olmo3_7b_think jid=3477432 state=PENDING
[2026-09-06T03:58:01+08:00] WAIT olmo3_7b_think jid=3477433 state=PENDING
[2026-09-06T03:58:01+08:00] WAIT qwen3_4b_instruct jid=3477434 state=PENDING
[2026-09-06T03:58:01+08:00] WAIT qwen3_4b_instruct jid=3477435 state=PENDING
[2026-09-06T03:58:01+08:00] WAIT qwen3_4b_instruct jid=3477436 state=PENDING
[2026-09-06T03:58:01+08:00] WAIT qwen3_1.7b jid=3477606_0 state=PENDING
[2026-09-06T03:58:01+08:00] WAIT qwen3_1.7b jid=3477606_1 state=PENDING
[2026-09-06T03:58:01+08:00] WAIT qwen3_1.7b jid=3477606_2 state=PENDING
[2026-09-06T03:58:01+08:00] WAIT qwen3_1.7b jid=3477606_3 state=PENDING
[2026-09-06T03:58:01+08:00] WAIT qwen3_1.7b jid=3477606_4 state=PENDING
[2026-09-06T03:58:01+08:00] WAIT qwen3_1.7b jid=3477606_5 state=PENDING
[2026-09-06T03:58:01+08:00] WAIT qwen3_1.7b jid=3477606_6 state=PENDING
[2026-09-06T03:58:01+08:00] WAIT olmo3_7b_think jid=3477607_0 state=PENDING
[2026-09-06T03:58:01+08:00] WAIT olmo3_7b_think jid=3477607_1 state=PENDING
[2026-09-06T03:58:01+08:00] WAIT olmo3_7b_think jid=3477607_2 state=PENDING
[2026-09-06T03:58:01+08:00] WAIT olmo3_7b_think jid=3477607_3 state=PENDING
[2026-09-06T03:58:01+08:00] WAIT olmo3_7b_think jid=3477607_4 state=PENDING
[2026-09-06T03:58:01+08:00] WAIT olmo3_7b_think jid=3477607_5 state=PENDING
[2026-09-06T03:58:01+08:00] WAIT olmo3_7b_think jid=3477607_6 state=PENDING
[2026-09-06T03:58:01+08:00] WAIT qwen3_1.7b jid=3477608_0 state=PENDING
[2026-09-06T03:58:01+08:00] WAIT qwen3_1.7b jid=3477608_1 state=PENDING
[2026-09-06T03:58:01+08:00] WAIT qwen3_1.7b jid=3477608_2 state=PENDING
[2026-09-06T03:58:01+08:00] WAIT qwen3_1.7b jid=3477608_3 state=PENDING
[2026-09-06T03:58:01+08:00] WAIT qwen3_1.7b jid=3477608_4 state=PENDING
[2026-09-06T03:58:01+08:00] WAIT qwen3_1.7b jid=3477608_5 state=PENDING
[2026-09-06T03:58:01+08:00] WAIT qwen3_1.7b jid=3477608_6 state=PENDING
[2026-09-06T03:58:01+08:00] WAIT olmo3_7b_think jid=3477609_0 state=PENDING
[2026-09-06T03:58:01+08:00] WAIT olmo3_7b_think jid=3477609_1 state=PENDING
[2026-09-06T03:58:01+08:00] WAIT olmo3_7b_think jid=3477609_2 state=PENDING
[2026-09-06T03:58:01+08:00] WAIT olmo3_7b_think jid=3477609_3 state=PENDING
[2026-09-06T03:58:01+08:00] WAIT olmo3_7b_think jid=3477609_4 state=PENDING
[2026-09-06T03:58:01+08:00] WAIT olmo3_7b_think jid=3477609_5 state=PENDING
[2026-09-06T03:58:01+08:00] WAIT olmo3_7b_think jid=3477609_6 state=PENDING
[2026-09-06T03:58:01+08:00] progress done=0/37 pending=37 failed=0
[2026-09-06T04:00:01+08:00] WAIT qwen3_1.7b jid=3477428 state=PENDING
[2026-09-06T04:00:01+08:00] WAIT qwen3_1.7b jid=3477429 state=PENDING
[2026-09-06T04:00:01+08:00] WAIT qwen3_1.7b jid=3477430 state=PENDING
[2026-09-06T04:00:01+08:00] WAIT olmo3_7b_think jid=3477431 state=PENDING
[2026-09-06T04:00:01+08:00] WAIT olmo3_7b_think jid=3477432 state=PENDING
[2026-09-06T04:00:01+08:00] WAIT olmo3_7b_think jid=3477433 state=PENDING
[2026-09-06T04:00:01+08:00] WAIT qwen3_4b_instruct jid=3477434 state=PENDING
[2026-09-06T04:00:01+08:00] WAIT qwen3_4b_instruct jid=3477435 state=PENDING
[2026-09-06T04:00:01+08:00] WAIT qwen3_4b_instruct jid=3477436 state=PENDING
[2026-09-06T04:00:01+08:00] WAIT qwen3_1.7b jid=3477606_0 state=PENDING
[2026-09-06T04:00:01+08:00] WAIT qwen3_1.7b jid=3477606_1 state=PENDING
[2026-09-06T04:00:01+08:00] WAIT qwen3_1.7b jid=3477606_2 state=PENDING
[2026-09-06T04:00:01+08:00] WAIT qwen3_1.7b jid=3477606_3 state=PENDING
[2026-09-06T04:00:01+08:00] WAIT qwen3_1.7b jid=3477606_4 state=PENDING
[2026-09-06T04:00:01+08:00] WAIT qwen3_1.7b jid=3477606_5 state=PENDING
[2026-09-06T04:00:01+08:00] WAIT qwen3_1.7b jid=3477606_6 state=PENDING
[2026-09-06T04:00:01+08:00] WAIT olmo3_7b_think jid=3477607_0 state=PENDING
[2026-09-06T04:00:01+08:00] WAIT olmo3_7b_think jid=3477607_1 state=PENDING
[2026-09-06T04:00:01+08:00] WAIT olmo3_7b_think jid=3477607_2 state=PENDING
[2026-09-06T04:00:02+08:00] WAIT olmo3_7b_think jid=3477607_3 state=PENDING
[2026-09-06T04:00:02+08:00] WAIT olmo3_7b_think jid=3477607_4 state=PENDING
[2026-09-06T04:00:02+08:00] WAIT olmo3_7b_think jid=3477607_5 state=PENDING
[2026-09-06T04:00:02+08:00] WAIT olmo3_7b_think jid=3477607_6 state=PENDING
[2026-09-06T04:00:02+08:00] WAIT qwen3_1.7b jid=3477608_0 state=PENDING
[2026-09-06T04:00:02+08:00] WAIT qwen3_1.7b jid=3477608_1 state=PENDING
[2026-09-06T04:00:02+08:00] WAIT qwen3_1.7b jid=3477608_2 state=PENDING
[2026-09-06T04:00:02+08:00] WAIT qwen3_1.7b jid=3477608_3 state=PENDING
[2026-09-06T04:00:02+08:00] WAIT qwen3_1.7b jid=3477608_4 state=PENDING
[2026-09-06T04:00:02+08:00] WAIT qwen3_1.7b jid=3477608_5 state=PENDING
[2026-09-06T04:00:02+08:00] WAIT qwen3_1.7b jid=3477608_6 state=PENDING
[2026-09-06T04:00:02+08:00] WAIT olmo3_7b_think jid=3477609_0 state=PENDING
[2026-09-06T04:00:02+08:00] WAIT olmo3_7b_think jid=3477609_1 state=PENDING
[2026-09-06T04:00:02+08:00] WAIT olmo3_7b_think jid=3477609_2 state=PENDING
[2026-09-06T04:00:02+08:00] WAIT olmo3_7b_think jid=3477609_3 state=PENDING
[2026-09-06T04:00:02+08:00] WAIT olmo3_7b_think jid=3477609_4 state=PENDING
[2026-09-06T04:00:02+08:00] WAIT olmo3_7b_think jid=3477609_5 state=PENDING
[2026-09-06T04:00:02+08:00] WAIT olmo3_7b_think jid=3477609_6 state=PENDING
[2026-09-06T04:00:02+08:00] progress done=0/37 pending=37 failed=0
[2026-09-06T04:02:02+08:00] WAIT qwen3_1.7b jid=3477428 state=PENDING
[2026-09-06T04:02:02+08:00] WAIT qwen3_1.7b jid=3477429 state=PENDING
[2026-09-06T04:02:02+08:00] WAIT qwen3_1.7b jid=3477430 state=PENDING
[2026-09-06T04:02:02+08:00] WAIT olmo3_7b_think jid=3477431 state=PENDING
[2026-09-06T04:02:02+08:00] WAIT olmo3_7b_think jid=3477432 state=PENDING
[2026-09-06T04:02:02+08:00] WAIT olmo3_7b_think jid=3477433 state=PENDING
[2026-09-06T04:02:02+08:00] WAIT qwen3_4b_instruct jid=3477434 state=PENDING
[2026-09-06T04:02:02+08:00] WAIT qwen3_4b_instruct jid=3477435 state=PENDING
[2026-09-06T04:02:02+08:00] WAIT qwen3_4b_instruct jid=3477436 state=PENDING
[2026-09-06T04:02:02+08:00] WAIT qwen3_1.7b jid=3477606_0 state=PENDING
[2026-09-06T04:02:02+08:00] WAIT qwen3_1.7b jid=3477606_1 state=PENDING
[2026-09-06T04:02:02+08:00] WAIT qwen3_1.7b jid=3477606_2 state=PENDING
[2026-09-06T04:02:02+08:00] WAIT qwen3_1.7b jid=3477606_3 state=PENDING
[2026-09-06T04:02:02+08:00] WAIT qwen3_1.7b jid=3477606_4 state=PENDING
[2026-09-06T04:02:02+08:00] WAIT qwen3_1.7b jid=3477606_5 state=PENDING
[2026-09-06T04:02:02+08:00] WAIT qwen3_1.7b jid=3477606_6 state=PENDING
[2026-09-06T04:02:02+08:00] WAIT olmo3_7b_think jid=3477607_0 state=PENDING
[2026-09-06T04:02:02+08:00] WAIT olmo3_7b_think jid=3477607_1 state=PENDING
[2026-09-06T04:02:02+08:00] WAIT olmo3_7b_think jid=3477607_2 state=PENDING
[2026-09-06T04:02:02+08:00] WAIT olmo3_7b_think jid=3477607_3 state=PENDING
[2026-09-06T04:02:02+08:00] WAIT olmo3_7b_think jid=3477607_4 state=PENDING
[2026-09-06T04:02:02+08:00] WAIT olmo3_7b_think jid=3477607_5 state=PENDING
[2026-09-06T04:02:02+08:00] WAIT olmo3_7b_think jid=3477607_6 state=PENDING
[2026-09-06T04:02:02+08:00] WAIT qwen3_1.7b jid=3477608_0 state=PENDING
[2026-09-06T04:02:02+08:00] WAIT qwen3_1.7b jid=3477608_1 state=PENDING
[2026-09-06T04:02:02+08:00] WAIT qwen3_1.7b jid=3477608_2 state=PENDING
[2026-09-06T04:02:02+08:00] WAIT qwen3_1.7b jid=3477608_3 state=PENDING
[2026-09-06T04:02:02+08:00] WAIT qwen3_1.7b jid=3477608_4 state=PENDING
[2026-09-06T04:02:02+08:00] WAIT qwen3_1.7b jid=3477608_5 state=PENDING
[2026-09-06T04:02:02+08:00] WAIT qwen3_1.7b jid=3477608_6 state=PENDING
[2026-09-06T04:02:02+08:00] WAIT olmo3_7b_think jid=3477609_0 state=PENDING
[2026-09-06T04:02:02+08:00] WAIT olmo3_7b_think jid=3477609_1 state=PENDING
[2026-09-06T04:02:02+08:00] WAIT olmo3_7b_think jid=3477609_2 state=PENDING
[2026-09-06T04:02:02+08:00] WAIT olmo3_7b_think jid=3477609_3 state=PENDING
[2026-09-06T04:02:02+08:00] WAIT olmo3_7b_think jid=3477609_4 state=PENDING
[2026-09-06T04:02:02+08:00] WAIT olmo3_7b_think jid=3477609_5 state=PENDING
[2026-09-06T04:02:02+08:00] WAIT olmo3_7b_think jid=3477609_6 state=PENDING
[2026-09-06T04:02:02+08:00] progress done=0/37 pending=37 failed=0
[2026-09-06T04:04:02+08:00] WAIT qwen3_1.7b jid=3477428 state=PENDING
[2026-09-06T04:04:02+08:00] WAIT qwen3_1.7b jid=3477429 state=PENDING
[2026-09-06T04:04:02+08:00] WAIT qwen3_1.7b jid=3477430 state=PENDING
[2026-09-06T04:04:02+08:00] WAIT olmo3_7b_think jid=3477431 state=PENDING
[2026-09-06T04:04:02+08:00] WAIT olmo3_7b_think jid=3477432 state=PENDING
[2026-09-06T04:04:02+08:00] WAIT olmo3_7b_think jid=3477433 state=PENDING
[2026-09-06T04:04:02+08:00] WAIT qwen3_4b_instruct jid=3477434 state=PENDING
[2026-09-06T04:04:02+08:00] WAIT qwen3_4b_instruct jid=3477435 state=PENDING
[2026-09-06T04:04:02+08:00] WAIT qwen3_4b_instruct jid=3477436 state=PENDING
[2026-09-06T04:04:02+08:00] WAIT qwen3_1.7b jid=3477606_0 state=PENDING
[2026-09-06T04:04:02+08:00] WAIT qwen3_1.7b jid=3477606_1 state=PENDING
[2026-09-06T04:04:02+08:00] WAIT qwen3_1.7b jid=3477606_2 state=PENDING
[2026-09-06T04:04:02+08:00] WAIT qwen3_1.7b jid=3477606_3 state=PENDING
[2026-09-06T04:04:02+08:00] WAIT qwen3_1.7b jid=3477606_4 state=PENDING
[2026-09-06T04:04:02+08:00] WAIT qwen3_1.7b jid=3477606_5 state=PENDING
[2026-09-06T04:04:02+08:00] WAIT qwen3_1.7b jid=3477606_6 state=PENDING
[2026-09-06T04:04:02+08:00] WAIT olmo3_7b_think jid=3477607_0 state=PENDING
[2026-09-06T04:04:02+08:00] WAIT olmo3_7b_think jid=3477607_1 state=PENDING
[2026-09-06T04:04:02+08:00] WAIT olmo3_7b_think jid=3477607_2 state=PENDING
[2026-09-06T04:04:02+08:00] WAIT olmo3_7b_think jid=3477607_3 state=PENDING
[2026-09-06T04:04:02+08:00] WAIT olmo3_7b_think jid=3477607_4 state=PENDING
[2026-09-06T04:04:02+08:00] WAIT olmo3_7b_think jid=3477607_5 state=PENDING
[2026-09-06T04:04:02+08:00] WAIT olmo3_7b_think jid=3477607_6 state=PENDING
[2026-09-06T04:04:02+08:00] WAIT qwen3_1.7b jid=3477608_0 state=PENDING
[2026-09-06T04:04:02+08:00] WAIT qwen3_1.7b jid=3477608_1 state=PENDING
[2026-09-06T04:04:02+08:00] WAIT qwen3_1.7b jid=3477608_2 state=PENDING
[2026-09-06T04:04:02+08:00] WAIT qwen3_1.7b jid=3477608_3 state=PENDING
[2026-09-06T04:04:02+08:00] WAIT qwen3_1.7b jid=3477608_4 state=PENDING
[2026-09-06T04:04:02+08:00] WAIT qwen3_1.7b jid=3477608_5 state=PENDING
[2026-09-06T04:04:02+08:00] WAIT qwen3_1.7b jid=3477608_6 state=PENDING
[2026-09-06T04:04:02+08:00] WAIT olmo3_7b_think jid=3477609_0 state=PENDING
[2026-09-06T04:04:02+08:00] WAIT olmo3_7b_think jid=3477609_1 state=PENDING
[2026-09-06T04:04:02+08:00] WAIT olmo3_7b_think jid=3477609_2 state=PENDING
[2026-09-06T04:04:02+08:00] WAIT olmo3_7b_think jid=3477609_3 state=PENDING
[2026-09-06T04:04:02+08:00] WAIT olmo3_7b_think jid=3477609_4 state=PENDING
[2026-09-06T04:04:02+08:00] WAIT olmo3_7b_think jid=3477609_5 state=PENDING
[2026-09-06T04:04:02+08:00] WAIT olmo3_7b_think jid=3477609_6 state=PENDING
[2026-09-06T04:04:02+08:00] progress done=0/37 pending=37 failed=0
[2026-09-06T04:06:02+08:00] WAIT qwen3_1.7b jid=3477428 state=PENDING
[2026-09-06T04:06:02+08:00] WAIT qwen3_1.7b jid=3477429 state=PENDING
[2026-09-06T04:06:02+08:00] WAIT qwen3_1.7b jid=3477430 state=PENDING
[2026-09-06T04:06:02+08:00] WAIT olmo3_7b_think jid=3477431 state=PENDING
[2026-09-06T04:06:03+08:00] WAIT olmo3_7b_think jid=3477432 state=PENDING
[2026-09-06T04:06:03+08:00] WAIT olmo3_7b_think jid=3477433 state=PENDING
[2026-09-06T04:06:03+08:00] WAIT qwen3_4b_instruct jid=3477434 state=PENDING
[2026-09-06T04:06:03+08:00] WAIT qwen3_4b_instruct jid=3477435 state=PENDING
[2026-09-06T04:06:03+08:00] WAIT qwen3_4b_instruct jid=3477436 state=PENDING
[2026-09-06T04:06:03+08:00] WAIT qwen3_1.7b jid=3477606_0 state=PENDING
[2026-09-06T04:06:03+08:00] WAIT qwen3_1.7b jid=3477606_1 state=PENDING
[2026-09-06T04:06:03+08:00] WAIT qwen3_1.7b jid=3477606_2 state=PENDING
[2026-09-06T04:06:03+08:00] WAIT qwen3_1.7b jid=3477606_3 state=PENDING
[2026-09-06T04:06:03+08:00] WAIT qwen3_1.7b jid=3477606_4 state=PENDING
[2026-09-06T04:06:03+08:00] WAIT qwen3_1.7b jid=3477606_5 state=PENDING
[2026-09-06T04:06:03+08:00] WAIT qwen3_1.7b jid=3477606_6 state=PENDING
[2026-09-06T04:06:03+08:00] WAIT olmo3_7b_think jid=3477607_0 state=PENDING
[2026-09-06T04:06:03+08:00] WAIT olmo3_7b_think jid=3477607_1 state=PENDING
[2026-09-06T04:06:03+08:00] WAIT olmo3_7b_think jid=3477607_2 state=PENDING
[2026-09-06T04:06:03+08:00] WAIT olmo3_7b_think jid=3477607_3 state=PENDING
[2026-09-06T04:06:03+08:00] WAIT olmo3_7b_think jid=3477607_4 state=PENDING
[2026-09-06T04:06:03+08:00] WAIT olmo3_7b_think jid=3477607_5 state=PENDING
[2026-09-06T04:06:03+08:00] WAIT olmo3_7b_think jid=3477607_6 state=PENDING
[2026-09-06T04:06:03+08:00] WAIT qwen3_1.7b jid=3477608_0 state=PENDING
[2026-09-06T04:06:03+08:00] WAIT qwen3_1.7b jid=3477608_1 state=PENDING
[2026-09-06T04:06:03+08:00] WAIT qwen3_1.7b jid=3477608_2 state=PENDING
[2026-09-06T04:06:03+08:00] WAIT qwen3_1.7b jid=3477608_3 state=PENDING
[2026-09-06T04:06:03+08:00] WAIT qwen3_1.7b jid=3477608_4 state=PENDING
[2026-09-06T04:06:03+08:00] WAIT qwen3_1.7b jid=3477608_5 state=PENDING
[2026-09-06T04:06:03+08:00] WAIT qwen3_1.7b jid=3477608_6 state=PENDING
[2026-09-06T04:06:03+08:00] WAIT olmo3_7b_think jid=3477609_0 state=PENDING
[2026-09-06T04:06:03+08:00] WAIT olmo3_7b_think jid=3477609_1 state=PENDING
[2026-09-06T04:06:03+08:00] WAIT olmo3_7b_think jid=3477609_2 state=PENDING
[2026-09-06T04:06:03+08:00] WAIT olmo3_7b_think jid=3477609_3 state=PENDING
[2026-09-06T04:06:03+08:00] WAIT olmo3_7b_think jid=3477609_4 state=PENDING
[2026-09-06T04:06:03+08:00] WAIT olmo3_7b_think jid=3477609_5 state=PENDING
[2026-09-06T04:06:03+08:00] WAIT olmo3_7b_think jid=3477609_6 state=PENDING
[2026-09-06T04:06:03+08:00] progress done=0/37 pending=37 failed=0
[2026-09-06T04:08:03+08:00] WAIT qwen3_1.7b jid=3477428 state=PENDING
[2026-09-06T04:08:03+08:00] WAIT qwen3_1.7b jid=3477429 state=PENDING
[2026-09-06T04:08:03+08:00] WAIT qwen3_1.7b jid=3477430 state=PENDING
[2026-09-06T04:08:03+08:00] WAIT olmo3_7b_think jid=3477431 state=PENDING
[2026-09-06T04:08:03+08:00] WAIT olmo3_7b_think jid=3477432 state=PENDING
[2026-09-06T04:08:03+08:00] WAIT olmo3_7b_think jid=3477433 state=PENDING
[2026-09-06T04:08:03+08:00] WAIT qwen3_4b_instruct jid=3477434 state=PENDING
[2026-09-06T04:08:03+08:00] WAIT qwen3_4b_instruct jid=3477435 state=PENDING
[2026-09-06T04:08:03+08:00] WAIT qwen3_4b_instruct jid=3477436 state=PENDING
[2026-09-06T04:08:03+08:00] WAIT qwen3_1.7b jid=3477606_0 state=PENDING
[2026-09-06T04:08:03+08:00] WAIT qwen3_1.7b jid=3477606_1 state=PENDING
[2026-09-06T04:08:03+08:00] WAIT qwen3_1.7b jid=3477606_2 state=PENDING
[2026-09-06T04:08:03+08:00] WAIT qwen3_1.7b jid=3477606_3 state=PENDING
[2026-09-06T04:08:03+08:00] WAIT qwen3_1.7b jid=3477606_4 state=PENDING
[2026-09-06T04:08:03+08:00] WAIT qwen3_1.7b jid=3477606_5 state=PENDING
[2026-09-06T04:08:03+08:00] WAIT qwen3_1.7b jid=3477606_6 state=PENDING
[2026-09-06T04:08:03+08:00] WAIT olmo3_7b_think jid=3477607_0 state=PENDING
[2026-09-06T04:08:03+08:00] WAIT olmo3_7b_think jid=3477607_1 state=PENDING
[2026-09-06T04:08:03+08:00] WAIT olmo3_7b_think jid=3477607_2 state=PENDING
[2026-09-06T04:08:03+08:00] WAIT olmo3_7b_think jid=3477607_3 state=PENDING
[2026-09-06T04:08:03+08:00] WAIT olmo3_7b_think jid=3477607_4 state=PENDING
[2026-09-06T04:08:03+08:00] WAIT olmo3_7b_think jid=3477607_5 state=PENDING
[2026-09-06T04:08:03+08:00] WAIT olmo3_7b_think jid=3477607_6 state=PENDING
[2026-09-06T04:08:03+08:00] WAIT qwen3_1.7b jid=3477608_0 state=PENDING
[2026-09-06T04:08:03+08:00] WAIT qwen3_1.7b jid=3477608_1 state=PENDING
[2026-09-06T04:08:03+08:00] WAIT qwen3_1.7b jid=3477608_2 state=PENDING
[2026-09-06T04:08:03+08:00] WAIT qwen3_1.7b jid=3477608_3 state=PENDING
[2026-09-06T04:08:03+08:00] WAIT qwen3_1.7b jid=3477608_4 state=PENDING
[2026-09-06T04:08:03+08:00] WAIT qwen3_1.7b jid=3477608_5 state=PENDING
[2026-09-06T04:08:03+08:00] WAIT qwen3_1.7b jid=3477608_6 state=PENDING
[2026-09-06T04:08:03+08:00] WAIT olmo3_7b_think jid=3477609_0 state=PENDING
[2026-09-06T04:08:03+08:00] WAIT olmo3_7b_think jid=3477609_1 state=PENDING
[2026-09-06T04:08:03+08:00] WAIT olmo3_7b_think jid=3477609_2 state=PENDING
[2026-09-06T04:08:03+08:00] WAIT olmo3_7b_think jid=3477609_3 state=PENDING
[2026-09-06T04:08:03+08:00] WAIT olmo3_7b_think jid=3477609_4 state=PENDING
[2026-09-06T04:08:03+08:00] WAIT olmo3_7b_think jid=3477609_5 state=PENDING
[2026-09-06T04:08:03+08:00] WAIT olmo3_7b_think jid=3477609_6 state=PENDING
[2026-09-06T04:08:03+08:00] progress done=0/37 pending=37 failed=0
[2026-09-06T04:10:03+08:00] WAIT qwen3_1.7b jid=3477428 state=PENDING
[2026-09-06T04:10:03+08:00] WAIT qwen3_1.7b jid=3477429 state=PENDING
[2026-09-06T04:10:03+08:00] WAIT qwen3_1.7b jid=3477430 state=PENDING
[2026-09-06T04:10:03+08:00] WAIT olmo3_7b_think jid=3477431 state=PENDING
[2026-09-06T04:10:03+08:00] WAIT olmo3_7b_think jid=3477432 state=PENDING
[2026-09-06T04:10:03+08:00] WAIT olmo3_7b_think jid=3477433 state=PENDING
[2026-09-06T04:10:03+08:00] WAIT qwen3_4b_instruct jid=3477434 state=PENDING
[2026-09-06T04:10:03+08:00] WAIT qwen3_4b_instruct jid=3477435 state=PENDING
[2026-09-06T04:10:03+08:00] WAIT qwen3_4b_instruct jid=3477436 state=PENDING
[2026-09-06T04:10:03+08:00] WAIT qwen3_1.7b jid=3477606_0 state=PENDING
[2026-09-06T04:10:03+08:00] WAIT qwen3_1.7b jid=3477606_1 state=PENDING
[2026-09-06T04:10:03+08:00] WAIT qwen3_1.7b jid=3477606_2 state=PENDING
[2026-09-06T04:10:03+08:00] WAIT qwen3_1.7b jid=3477606_3 state=PENDING
[2026-09-06T04:10:03+08:00] WAIT qwen3_1.7b jid=3477606_4 state=PENDING
[2026-09-06T04:10:03+08:00] WAIT qwen3_1.7b jid=3477606_5 state=PENDING
[2026-09-06T04:10:03+08:00] WAIT qwen3_1.7b jid=3477606_6 state=PENDING
[2026-09-06T04:10:03+08:00] WAIT olmo3_7b_think jid=3477607_0 state=PENDING
[2026-09-06T04:10:03+08:00] WAIT olmo3_7b_think jid=3477607_1 state=PENDING
[2026-09-06T04:10:03+08:00] WAIT olmo3_7b_think jid=3477607_2 state=PENDING
[2026-09-06T04:10:03+08:00] WAIT olmo3_7b_think jid=3477607_3 state=PENDING
[2026-09-06T04:10:03+08:00] WAIT olmo3_7b_think jid=3477607_4 state=PENDING
[2026-09-06T04:10:03+08:00] WAIT olmo3_7b_think jid=3477607_5 state=PENDING
[2026-09-06T04:10:03+08:00] WAIT olmo3_7b_think jid=3477607_6 state=PENDING
[2026-09-06T04:10:03+08:00] WAIT qwen3_1.7b jid=3477608_0 state=PENDING
[2026-09-06T04:10:03+08:00] WAIT qwen3_1.7b jid=3477608_1 state=PENDING
[2026-09-06T04:10:03+08:00] WAIT qwen3_1.7b jid=3477608_2 state=PENDING
[2026-09-06T04:10:03+08:00] WAIT qwen3_1.7b jid=3477608_3 state=PENDING
[2026-09-06T04:10:04+08:00] WAIT qwen3_1.7b jid=3477608_4 state=PENDING
[2026-09-06T04:10:04+08:00] WAIT qwen3_1.7b jid=3477608_5 state=PENDING
[2026-09-06T04:10:04+08:00] WAIT qwen3_1.7b jid=3477608_6 state=PENDING
[2026-09-06T04:10:04+08:00] WAIT olmo3_7b_think jid=3477609_0 state=PENDING
[2026-09-06T04:10:04+08:00] WAIT olmo3_7b_think jid=3477609_1 state=PENDING
[2026-09-06T04:10:04+08:00] WAIT olmo3_7b_think jid=3477609_2 state=PENDING
[2026-09-06T04:10:04+08:00] WAIT olmo3_7b_think jid=3477609_3 state=PENDING
[2026-09-06T04:10:04+08:00] WAIT olmo3_7b_think jid=3477609_4 state=PENDING
[2026-09-06T04:10:04+08:00] WAIT olmo3_7b_think jid=3477609_5 state=PENDING
[2026-09-06T04:10:04+08:00] WAIT olmo3_7b_think jid=3477609_6 state=PENDING
[2026-09-06T04:10:04+08:00] progress done=0/37 pending=37 failed=0
[2026-09-06T04:12:04+08:00] WAIT qwen3_1.7b jid=3477428 state=PENDING
[2026-09-06T04:12:04+08:00] WAIT qwen3_1.7b jid=3477429 state=PENDING
[2026-09-06T04:12:04+08:00] WAIT qwen3_1.7b jid=3477430 state=PENDING
[2026-09-06T04:12:04+08:00] WAIT olmo3_7b_think jid=3477431 state=PENDING
[2026-09-06T04:12:04+08:00] WAIT olmo3_7b_think jid=3477432 state=PENDING
[2026-09-06T04:12:04+08:00] WAIT olmo3_7b_think jid=3477433 state=PENDING
[2026-09-06T04:12:04+08:00] WAIT qwen3_4b_instruct jid=3477434 state=PENDING
[2026-09-06T04:12:04+08:00] WAIT qwen3_4b_instruct jid=3477435 state=PENDING
[2026-09-06T04:12:04+08:00] WAIT qwen3_4b_instruct jid=3477436 state=PENDING
[2026-09-06T04:12:04+08:00] WAIT qwen3_1.7b jid=3477606_0 state=PENDING
[2026-09-06T04:12:04+08:00] WAIT qwen3_1.7b jid=3477606_1 state=PENDING
[2026-09-06T04:12:04+08:00] WAIT qwen3_1.7b jid=3477606_2 state=PENDING
[2026-09-06T04:12:04+08:00] WAIT qwen3_1.7b jid=3477606_3 state=PENDING
[2026-09-06T04:12:04+08:00] WAIT qwen3_1.7b jid=3477606_4 state=PENDING
[2026-09-06T04:12:04+08:00] WAIT qwen3_1.7b jid=3477606_5 state=PENDING
[2026-09-06T04:12:04+08:00] WAIT qwen3_1.7b jid=3477606_6 state=PENDING
[2026-09-06T04:12:04+08:00] WAIT olmo3_7b_think jid=3477607_0 state=PENDING
[2026-09-06T04:12:04+08:00] WAIT olmo3_7b_think jid=3477607_1 state=PENDING
[2026-09-06T04:12:04+08:00] WAIT olmo3_7b_think jid=3477607_2 state=PENDING
[2026-09-06T04:12:04+08:00] WAIT olmo3_7b_think jid=3477607_3 state=PENDING
[2026-09-06T04:12:04+08:00] WAIT olmo3_7b_think jid=3477607_4 state=PENDING
[2026-09-06T04:12:04+08:00] WAIT olmo3_7b_think jid=3477607_5 state=PENDING
[2026-09-06T04:12:04+08:00] WAIT olmo3_7b_think jid=3477607_6 state=PENDING
[2026-09-06T04:12:04+08:00] WAIT qwen3_1.7b jid=3477608_0 state=PENDING
[2026-09-06T04:12:04+08:00] WAIT qwen3_1.7b jid=3477608_1 state=PENDING
[2026-09-06T04:12:04+08:00] WAIT qwen3_1.7b jid=3477608_2 state=PENDING
[2026-09-06T04:12:04+08:00] WAIT qwen3_1.7b jid=3477608_3 state=PENDING
[2026-09-06T04:12:04+08:00] WAIT qwen3_1.7b jid=3477608_4 state=PENDING
[2026-09-06T04:12:04+08:00] WAIT qwen3_1.7b jid=3477608_5 state=PENDING
[2026-09-06T04:12:04+08:00] WAIT qwen3_1.7b jid=3477608_6 state=PENDING
[2026-09-06T04:12:04+08:00] WAIT olmo3_7b_think jid=3477609_0 state=PENDING
[2026-09-06T04:12:04+08:00] WAIT olmo3_7b_think jid=3477609_1 state=PENDING
[2026-09-06T04:12:04+08:00] WAIT olmo3_7b_think jid=3477609_2 state=PENDING
[2026-09-06T04:12:04+08:00] WAIT olmo3_7b_think jid=3477609_3 state=PENDING
[2026-09-06T04:12:04+08:00] WAIT olmo3_7b_think jid=3477609_4 state=PENDING
[2026-09-06T04:12:04+08:00] WAIT olmo3_7b_think jid=3477609_5 state=PENDING
[2026-09-06T04:12:04+08:00] WAIT olmo3_7b_think jid=3477609_6 state=PENDING
[2026-09-06T04:12:04+08:00] progress done=0/37 pending=37 failed=0
[2026-09-06T04:14:04+08:00] WAIT qwen3_1.7b jid=3477428 state=PENDING
[2026-09-06T04:14:04+08:00] WAIT qwen3_1.7b jid=3477429 state=PENDING
[2026-09-06T04:14:04+08:00] WAIT qwen3_1.7b jid=3477430 state=PENDING
[2026-09-06T04:14:04+08:00] WAIT olmo3_7b_think jid=3477431 state=PENDING
[2026-09-06T04:14:04+08:00] WAIT olmo3_7b_think jid=3477432 state=PENDING
[2026-09-06T04:14:04+08:00] WAIT olmo3_7b_think jid=3477433 state=PENDING
[2026-09-06T04:14:04+08:00] WAIT qwen3_4b_instruct jid=3477434 state=PENDING
[2026-09-06T04:14:04+08:00] WAIT qwen3_4b_instruct jid=3477435 state=PENDING
[2026-09-06T04:14:04+08:00] WAIT qwen3_4b_instruct jid=3477436 state=PENDING
[2026-09-06T04:14:04+08:00] WAIT qwen3_1.7b jid=3477606_0 state=PENDING
[2026-09-06T04:14:04+08:00] WAIT qwen3_1.7b jid=3477606_1 state=PENDING
[2026-09-06T04:14:04+08:00] WAIT qwen3_1.7b jid=3477606_2 state=PENDING
[2026-09-06T04:14:04+08:00] WAIT qwen3_1.7b jid=3477606_3 state=PENDING
[2026-09-06T04:14:04+08:00] WAIT qwen3_1.7b jid=3477606_4 state=PENDING
[2026-09-06T04:14:04+08:00] WAIT qwen3_1.7b jid=3477606_5 state=PENDING
[2026-09-06T04:14:04+08:00] WAIT qwen3_1.7b jid=3477606_6 state=PENDING
[2026-09-06T04:14:04+08:00] WAIT olmo3_7b_think jid=3477607_0 state=PENDING
[2026-09-06T04:14:04+08:00] WAIT olmo3_7b_think jid=3477607_1 state=PENDING
[2026-09-06T04:14:04+08:00] WAIT olmo3_7b_think jid=3477607_2 state=PENDING
[2026-09-06T04:14:04+08:00] WAIT olmo3_7b_think jid=3477607_3 state=PENDING
[2026-09-06T04:14:04+08:00] WAIT olmo3_7b_think jid=3477607_4 state=PENDING
[2026-09-06T04:14:04+08:00] WAIT olmo3_7b_think jid=3477607_5 state=PENDING
[2026-09-06T04:14:04+08:00] WAIT olmo3_7b_think jid=3477607_6 state=PENDING
[2026-09-06T04:14:04+08:00] WAIT qwen3_1.7b jid=3477608_0 state=PENDING
[2026-09-06T04:14:04+08:00] WAIT qwen3_1.7b jid=3477608_1 state=PENDING
[2026-09-06T04:14:04+08:00] WAIT qwen3_1.7b jid=3477608_2 state=PENDING
[2026-09-06T04:14:04+08:00] WAIT qwen3_1.7b jid=3477608_3 state=PENDING
[2026-09-06T04:14:04+08:00] WAIT qwen3_1.7b jid=3477608_4 state=PENDING
[2026-09-06T04:14:04+08:00] WAIT qwen3_1.7b jid=3477608_5 state=PENDING
[2026-09-06T04:14:04+08:00] WAIT qwen3_1.7b jid=3477608_6 state=PENDING
[2026-09-06T04:14:04+08:00] WAIT olmo3_7b_think jid=3477609_0 state=PENDING
[2026-09-06T04:14:04+08:00] WAIT olmo3_7b_think jid=3477609_1 state=PENDING
[2026-09-06T04:14:04+08:00] WAIT olmo3_7b_think jid=3477609_2 state=PENDING
[2026-09-06T04:14:04+08:00] WAIT olmo3_7b_think jid=3477609_3 state=PENDING
[2026-09-06T04:14:04+08:00] WAIT olmo3_7b_think jid=3477609_4 state=PENDING
[2026-09-06T04:14:04+08:00] WAIT olmo3_7b_think jid=3477609_5 state=PENDING
[2026-09-06T04:14:04+08:00] WAIT olmo3_7b_think jid=3477609_6 state=PENDING
[2026-09-06T04:14:04+08:00] progress done=0/37 pending=37 failed=0
[2026-09-06T04:16:04+08:00] WAIT qwen3_1.7b jid=3477428 state=PENDING
[2026-09-06T04:16:04+08:00] WAIT qwen3_1.7b jid=3477429 state=PENDING
[2026-09-06T04:16:04+08:00] WAIT qwen3_1.7b jid=3477430 state=PENDING
[2026-09-06T04:16:04+08:00] WAIT olmo3_7b_think jid=3477431 state=PENDING
[2026-09-06T04:16:04+08:00] WAIT olmo3_7b_think jid=3477432 state=PENDING
[2026-09-06T04:16:04+08:00] WAIT olmo3_7b_think jid=3477433 state=PENDING
[2026-09-06T04:16:04+08:00] WAIT qwen3_4b_instruct jid=3477434 state=PENDING
[2026-09-06T04:16:04+08:00] WAIT qwen3_4b_instruct jid=3477435 state=PENDING
[2026-09-06T04:16:04+08:00] WAIT qwen3_4b_instruct jid=3477436 state=PENDING
[2026-09-06T04:16:04+08:00] WAIT qwen3_1.7b jid=3477606_0 state=PENDING
[2026-09-06T04:16:04+08:00] WAIT qwen3_1.7b jid=3477606_1 state=PENDING
[2026-09-06T04:16:05+08:00] WAIT qwen3_1.7b jid=3477606_2 state=PENDING
[2026-09-06T04:16:05+08:00] WAIT qwen3_1.7b jid=3477606_3 state=PENDING
[2026-09-06T04:16:05+08:00] WAIT qwen3_1.7b jid=3477606_4 state=PENDING
[2026-09-06T04:16:05+08:00] WAIT qwen3_1.7b jid=3477606_5 state=PENDING
[2026-09-06T04:16:05+08:00] WAIT qwen3_1.7b jid=3477606_6 state=PENDING
[2026-09-06T04:16:05+08:00] WAIT olmo3_7b_think jid=3477607_0 state=PENDING
[2026-09-06T04:16:05+08:00] WAIT olmo3_7b_think jid=3477607_1 state=PENDING
[2026-09-06T04:16:05+08:00] WAIT olmo3_7b_think jid=3477607_2 state=PENDING
[2026-09-06T04:16:05+08:00] WAIT olmo3_7b_think jid=3477607_3 state=PENDING
[2026-09-06T04:16:05+08:00] WAIT olmo3_7b_think jid=3477607_4 state=PENDING
[2026-09-06T04:16:05+08:00] WAIT olmo3_7b_think jid=3477607_5 state=PENDING
[2026-09-06T04:16:05+08:00] WAIT olmo3_7b_think jid=3477607_6 state=PENDING
[2026-09-06T04:16:05+08:00] WAIT qwen3_1.7b jid=3477608_0 state=PENDING
[2026-09-06T04:16:05+08:00] WAIT qwen3_1.7b jid=3477608_1 state=PENDING
[2026-09-06T04:16:05+08:00] WAIT qwen3_1.7b jid=3477608_2 state=PENDING
[2026-09-06T04:16:05+08:00] WAIT qwen3_1.7b jid=3477608_3 state=PENDING
[2026-09-06T04:16:05+08:00] WAIT qwen3_1.7b jid=3477608_4 state=PENDING
[2026-09-06T04:16:05+08:00] WAIT qwen3_1.7b jid=3477608_5 state=PENDING
[2026-09-06T04:16:05+08:00] WAIT qwen3_1.7b jid=3477608_6 state=PENDING
[2026-09-06T04:16:05+08:00] WAIT olmo3_7b_think jid=3477609_0 state=PENDING
[2026-09-06T04:16:05+08:00] WAIT olmo3_7b_think jid=3477609_1 state=PENDING
[2026-09-06T04:16:05+08:00] WAIT olmo3_7b_think jid=3477609_2 state=PENDING
[2026-09-06T04:16:05+08:00] WAIT olmo3_7b_think jid=3477609_3 state=PENDING
[2026-09-06T04:16:05+08:00] WAIT olmo3_7b_think jid=3477609_4 state=PENDING
[2026-09-06T04:16:05+08:00] WAIT olmo3_7b_think jid=3477609_5 state=PENDING
[2026-09-06T04:16:05+08:00] WAIT olmo3_7b_think jid=3477609_6 state=PENDING
[2026-09-06T04:16:05+08:00] progress done=0/37 pending=37 failed=0
[2026-09-06T04:18:05+08:00] WAIT qwen3_1.7b jid=3477428 state=PENDING
[2026-09-06T04:18:05+08:00] WAIT qwen3_1.7b jid=3477429 state=PENDING
[2026-09-06T04:18:05+08:00] WAIT qwen3_1.7b jid=3477430 state=PENDING
[2026-09-06T04:18:05+08:00] WAIT olmo3_7b_think jid=3477431 state=PENDING
[2026-09-06T04:18:05+08:00] WAIT olmo3_7b_think jid=3477432 state=PENDING
[2026-09-06T04:18:05+08:00] WAIT olmo3_7b_think jid=3477433 state=PENDING
[2026-09-06T04:18:05+08:00] WAIT qwen3_4b_instruct jid=3477434 state=PENDING
[2026-09-06T04:18:05+08:00] WAIT qwen3_4b_instruct jid=3477435 state=PENDING
[2026-09-06T04:18:05+08:00] WAIT qwen3_4b_instruct jid=3477436 state=PENDING
[2026-09-06T04:18:05+08:00] WAIT qwen3_1.7b jid=3477606_0 state=PENDING
[2026-09-06T04:18:05+08:00] WAIT qwen3_1.7b jid=3477606_1 state=PENDING
[2026-09-06T04:18:05+08:00] WAIT qwen3_1.7b jid=3477606_2 state=PENDING
[2026-09-06T04:18:05+08:00] WAIT qwen3_1.7b jid=3477606_3 state=PENDING
[2026-09-06T04:18:05+08:00] WAIT qwen3_1.7b jid=3477606_4 state=PENDING
[2026-09-06T04:18:05+08:00] WAIT qwen3_1.7b jid=3477606_5 state=PENDING
[2026-09-06T04:18:05+08:00] WAIT qwen3_1.7b jid=3477606_6 state=PENDING
[2026-09-06T04:18:05+08:00] WAIT olmo3_7b_think jid=3477607_0 state=PENDING
[2026-09-06T04:18:05+08:00] WAIT olmo3_7b_think jid=3477607_1 state=PENDING
[2026-09-06T04:18:05+08:00] WAIT olmo3_7b_think jid=3477607_2 state=PENDING
[2026-09-06T04:18:05+08:00] WAIT olmo3_7b_think jid=3477607_3 state=PENDING
[2026-09-06T04:18:05+08:00] WAIT olmo3_7b_think jid=3477607_4 state=PENDING
[2026-09-06T04:18:05+08:00] WAIT olmo3_7b_think jid=3477607_5 state=PENDING
[2026-09-06T04:18:05+08:00] WAIT olmo3_7b_think jid=3477607_6 state=PENDING
[2026-09-06T04:18:05+08:00] WAIT qwen3_1.7b jid=3477608_0 state=PENDING
[2026-09-06T04:18:05+08:00] WAIT qwen3_1.7b jid=3477608_1 state=PENDING
[2026-09-06T04:18:05+08:00] WAIT qwen3_1.7b jid=3477608_2 state=PENDING
[2026-09-06T04:18:05+08:00] WAIT qwen3_1.7b jid=3477608_3 state=PENDING
[2026-09-06T04:18:05+08:00] WAIT qwen3_1.7b jid=3477608_4 state=PENDING
[2026-09-06T04:18:05+08:00] WAIT qwen3_1.7b jid=3477608_5 state=PENDING
[2026-09-06T04:18:05+08:00] WAIT qwen3_1.7b jid=3477608_6 state=PENDING
[2026-09-06T04:18:05+08:00] WAIT olmo3_7b_think jid=3477609_0 state=PENDING
[2026-09-06T04:18:05+08:00] WAIT olmo3_7b_think jid=3477609_1 state=PENDING
[2026-09-06T04:18:05+08:00] WAIT olmo3_7b_think jid=3477609_2 state=PENDING
[2026-09-06T04:18:05+08:00] WAIT olmo3_7b_think jid=3477609_3 state=PENDING
[2026-09-06T04:18:05+08:00] WAIT olmo3_7b_think jid=3477609_4 state=PENDING
[2026-09-06T04:18:05+08:00] WAIT olmo3_7b_think jid=3477609_5 state=PENDING
[2026-09-06T04:18:05+08:00] WAIT olmo3_7b_think jid=3477609_6 state=PENDING
[2026-09-06T04:18:05+08:00] progress done=0/37 pending=37 failed=0
[2026-09-06T04:20:05+08:00] WAIT qwen3_1.7b jid=3477428 state=PENDING
[2026-09-06T04:20:05+08:00] WAIT qwen3_1.7b jid=3477429 state=PENDING
[2026-09-06T04:20:05+08:00] WAIT qwen3_1.7b jid=3477430 state=PENDING
[2026-09-06T04:20:05+08:00] WAIT olmo3_7b_think jid=3477431 state=PENDING
[2026-09-06T04:20:05+08:00] WAIT olmo3_7b_think jid=3477432 state=PENDING
[2026-09-06T04:20:05+08:00] WAIT olmo3_7b_think jid=3477433 state=PENDING
[2026-09-06T04:20:05+08:00] WAIT qwen3_4b_instruct jid=3477434 state=PENDING
[2026-09-06T04:20:05+08:00] WAIT qwen3_4b_instruct jid=3477435 state=PENDING
[2026-09-06T04:20:05+08:00] WAIT qwen3_4b_instruct jid=3477436 state=PENDING
[2026-09-06T04:20:05+08:00] WAIT qwen3_1.7b jid=3477606_0 state=PENDING
[2026-09-06T04:20:05+08:00] WAIT qwen3_1.7b jid=3477606_1 state=PENDING
[2026-09-06T04:20:05+08:00] WAIT qwen3_1.7b jid=3477606_2 state=PENDING
[2026-09-06T04:20:05+08:00] WAIT qwen3_1.7b jid=3477606_3 state=PENDING
[2026-09-06T04:20:05+08:00] WAIT qwen3_1.7b jid=3477606_4 state=PENDING
[2026-09-06T04:20:05+08:00] WAIT qwen3_1.7b jid=3477606_5 state=PENDING
[2026-09-06T04:20:05+08:00] WAIT qwen3_1.7b jid=3477606_6 state=PENDING
[2026-09-06T04:20:05+08:00] WAIT olmo3_7b_think jid=3477607_0 state=PENDING
[2026-09-06T04:20:05+08:00] WAIT olmo3_7b_think jid=3477607_1 state=PENDING
[2026-09-06T04:20:05+08:00] WAIT olmo3_7b_think jid=3477607_2 state=PENDING
[2026-09-06T04:20:05+08:00] WAIT olmo3_7b_think jid=3477607_3 state=PENDING
[2026-09-06T04:20:05+08:00] WAIT olmo3_7b_think jid=3477607_4 state=PENDING
[2026-09-06T04:20:05+08:00] WAIT olmo3_7b_think jid=3477607_5 state=PENDING
[2026-09-06T04:20:05+08:00] WAIT olmo3_7b_think jid=3477607_6 state=PENDING
[2026-09-06T04:20:05+08:00] WAIT qwen3_1.7b jid=3477608_0 state=PENDING
[2026-09-06T04:20:05+08:00] WAIT qwen3_1.7b jid=3477608_1 state=PENDING
[2026-09-06T04:20:05+08:00] WAIT qwen3_1.7b jid=3477608_2 state=PENDING
[2026-09-06T04:20:05+08:00] WAIT qwen3_1.7b jid=3477608_3 state=PENDING
[2026-09-06T04:20:05+08:00] WAIT qwen3_1.7b jid=3477608_4 state=PENDING
[2026-09-06T04:20:05+08:00] WAIT qwen3_1.7b jid=3477608_5 state=PENDING
[2026-09-06T04:20:05+08:00] WAIT qwen3_1.7b jid=3477608_6 state=PENDING
[2026-09-06T04:20:06+08:00] WAIT olmo3_7b_think jid=3477609_0 state=PENDING
[2026-09-06T04:20:06+08:00] WAIT olmo3_7b_think jid=3477609_1 state=PENDING
[2026-09-06T04:20:06+08:00] WAIT olmo3_7b_think jid=3477609_2 state=PENDING
[2026-09-06T04:20:06+08:00] WAIT olmo3_7b_think jid=3477609_3 state=PENDING
[2026-09-06T04:20:06+08:00] WAIT olmo3_7b_think jid=3477609_4 state=PENDING
[2026-09-06T04:20:06+08:00] WAIT olmo3_7b_think jid=3477609_5 state=PENDING
[2026-09-06T04:20:06+08:00] WAIT olmo3_7b_think jid=3477609_6 state=PENDING
[2026-09-06T04:20:06+08:00] progress done=0/37 pending=37 failed=0
[2026-09-06T04:22:06+08:00] WAIT qwen3_1.7b jid=3477428 state=PENDING
[2026-09-06T04:22:06+08:00] WAIT qwen3_1.7b jid=3477429 state=PENDING
[2026-09-06T04:22:06+08:00] WAIT qwen3_1.7b jid=3477430 state=PENDING
[2026-09-06T04:22:06+08:00] WAIT olmo3_7b_think jid=3477431 state=PENDING
[2026-09-06T04:22:06+08:00] WAIT olmo3_7b_think jid=3477432 state=PENDING
[2026-09-06T04:22:06+08:00] WAIT olmo3_7b_think jid=3477433 state=PENDING
[2026-09-06T04:22:06+08:00] WAIT qwen3_4b_instruct jid=3477434 state=PENDING
[2026-09-06T04:22:06+08:00] WAIT qwen3_4b_instruct jid=3477435 state=PENDING
[2026-09-06T04:22:06+08:00] WAIT qwen3_4b_instruct jid=3477436 state=PENDING
[2026-09-06T04:22:06+08:00] WAIT qwen3_1.7b jid=3477606_0 state=PENDING
[2026-09-06T04:22:06+08:00] WAIT qwen3_1.7b jid=3477606_1 state=PENDING
[2026-09-06T04:22:06+08:00] WAIT qwen3_1.7b jid=3477606_2 state=PENDING
[2026-09-06T04:22:06+08:00] WAIT qwen3_1.7b jid=3477606_3 state=PENDING
[2026-09-06T04:22:06+08:00] WAIT qwen3_1.7b jid=3477606_4 state=PENDING
[2026-09-06T04:22:06+08:00] WAIT qwen3_1.7b jid=3477606_5 state=PENDING
[2026-09-06T04:22:06+08:00] WAIT qwen3_1.7b jid=3477606_6 state=PENDING
[2026-09-06T04:22:06+08:00] WAIT olmo3_7b_think jid=3477607_0 state=PENDING
[2026-09-06T04:22:06+08:00] WAIT olmo3_7b_think jid=3477607_1 state=PENDING
[2026-09-06T04:22:06+08:00] WAIT olmo3_7b_think jid=3477607_2 state=PENDING
[2026-09-06T04:22:06+08:00] WAIT olmo3_7b_think jid=3477607_3 state=PENDING
[2026-09-06T04:22:06+08:00] WAIT olmo3_7b_think jid=3477607_4 state=PENDING
[2026-09-06T04:22:06+08:00] WAIT olmo3_7b_think jid=3477607_5 state=PENDING
[2026-09-06T04:22:06+08:00] WAIT olmo3_7b_think jid=3477607_6 state=PENDING
[2026-09-06T04:22:06+08:00] WAIT qwen3_1.7b jid=3477608_0 state=PENDING
[2026-09-06T04:22:06+08:00] WAIT qwen3_1.7b jid=3477608_1 state=PENDING
[2026-09-06T04:22:06+08:00] WAIT qwen3_1.7b jid=3477608_2 state=PENDING
[2026-09-06T04:22:06+08:00] WAIT qwen3_1.7b jid=3477608_3 state=PENDING
[2026-09-06T04:22:06+08:00] WAIT qwen3_1.7b jid=3477608_4 state=PENDING
[2026-09-06T04:22:06+08:00] WAIT qwen3_1.7b jid=3477608_5 state=PENDING
[2026-09-06T04:22:06+08:00] WAIT qwen3_1.7b jid=3477608_6 state=PENDING
[2026-09-06T04:22:06+08:00] WAIT olmo3_7b_think jid=3477609_0 state=PENDING
[2026-09-06T04:22:06+08:00] WAIT olmo3_7b_think jid=3477609_1 state=PENDING
[2026-09-06T04:22:06+08:00] WAIT olmo3_7b_think jid=3477609_2 state=PENDING
[2026-09-06T04:22:06+08:00] WAIT olmo3_7b_think jid=3477609_3 state=PENDING
[2026-09-06T04:22:06+08:00] WAIT olmo3_7b_think jid=3477609_4 state=PENDING
[2026-09-06T04:22:06+08:00] WAIT olmo3_7b_think jid=3477609_5 state=PENDING
[2026-09-06T04:22:06+08:00] WAIT olmo3_7b_think jid=3477609_6 state=PENDING
[2026-09-06T04:22:06+08:00] progress done=0/37 pending=37 failed=0
[2026-09-06T04:24:06+08:00] WAIT qwen3_1.7b jid=3477428 state=PENDING
[2026-09-06T04:24:06+08:00] WAIT qwen3_1.7b jid=3477429 state=PENDING
[2026-09-06T04:24:06+08:00] WAIT qwen3_1.7b jid=3477430 state=PENDING
[2026-09-06T04:24:06+08:00] WAIT olmo3_7b_think jid=3477431 state=PENDING
[2026-09-06T04:24:06+08:00] WAIT olmo3_7b_think jid=3477432 state=PENDING
[2026-09-06T04:24:06+08:00] WAIT olmo3_7b_think jid=3477433 state=PENDING
[2026-09-06T04:24:06+08:00] WAIT qwen3_4b_instruct jid=3477434 state=PENDING
[2026-09-06T04:24:06+08:00] WAIT qwen3_4b_instruct jid=3477435 state=PENDING
[2026-09-06T04:24:06+08:00] WAIT qwen3_4b_instruct jid=3477436 state=PENDING
[2026-09-06T04:24:06+08:00] WAIT qwen3_1.7b jid=3477606_0 state=PENDING
[2026-09-06T04:24:06+08:00] WAIT qwen3_1.7b jid=3477606_1 state=PENDING
[2026-09-06T04:24:06+08:00] WAIT qwen3_1.7b jid=3477606_2 state=PENDING
[2026-09-06T04:24:06+08:00] WAIT qwen3_1.7b jid=3477606_3 state=PENDING
[2026-09-06T04:24:06+08:00] WAIT qwen3_1.7b jid=3477606_4 state=PENDING
[2026-09-06T04:24:06+08:00] WAIT qwen3_1.7b jid=3477606_5 state=PENDING
[2026-09-06T04:24:06+08:00] WAIT qwen3_1.7b jid=3477606_6 state=PENDING
[2026-09-06T04:24:06+08:00] WAIT olmo3_7b_think jid=3477607_0 state=PENDING
[2026-09-06T04:24:06+08:00] WAIT olmo3_7b_think jid=3477607_1 state=PENDING
[2026-09-06T04:24:06+08:00] WAIT olmo3_7b_think jid=3477607_2 state=PENDING
[2026-09-06T04:24:06+08:00] WAIT olmo3_7b_think jid=3477607_3 state=PENDING
[2026-09-06T04:24:06+08:00] WAIT olmo3_7b_think jid=3477607_4 state=PENDING
[2026-09-06T04:24:06+08:00] WAIT olmo3_7b_think jid=3477607_5 state=PENDING
[2026-09-06T04:24:06+08:00] WAIT olmo3_7b_think jid=3477607_6 state=PENDING
[2026-09-06T04:24:06+08:00] WAIT qwen3_1.7b jid=3477608_0 state=PENDING
[2026-09-06T04:24:06+08:00] WAIT qwen3_1.7b jid=3477608_1 state=PENDING
[2026-09-06T04:24:06+08:00] WAIT qwen3_1.7b jid=3477608_2 state=PENDING
[2026-09-06T04:24:06+08:00] WAIT qwen3_1.7b jid=3477608_3 state=PENDING
[2026-09-06T04:24:06+08:00] WAIT qwen3_1.7b jid=3477608_4 state=PENDING
[2026-09-06T04:24:06+08:00] WAIT qwen3_1.7b jid=3477608_5 state=PENDING
[2026-09-06T04:24:06+08:00] WAIT qwen3_1.7b jid=3477608_6 state=PENDING
[2026-09-06T04:24:06+08:00] WAIT olmo3_7b_think jid=3477609_0 state=PENDING
[2026-09-06T04:24:06+08:00] WAIT olmo3_7b_think jid=3477609_1 state=PENDING
[2026-09-06T04:24:06+08:00] WAIT olmo3_7b_think jid=3477609_2 state=PENDING
[2026-09-06T04:24:06+08:00] WAIT olmo3_7b_think jid=3477609_3 state=PENDING
[2026-09-06T04:24:06+08:00] WAIT olmo3_7b_think jid=3477609_4 state=PENDING
[2026-09-06T04:24:06+08:00] WAIT olmo3_7b_think jid=3477609_5 state=PENDING
[2026-09-06T04:24:06+08:00] WAIT olmo3_7b_think jid=3477609_6 state=PENDING
[2026-09-06T04:24:06+08:00] progress done=0/37 pending=37 failed=0
[2026-09-06T04:26:06+08:00] WAIT qwen3_1.7b jid=3477428 state=PENDING
[2026-09-06T04:26:06+08:00] WAIT qwen3_1.7b jid=3477429 state=PENDING
[2026-09-06T04:26:06+08:00] WAIT qwen3_1.7b jid=3477430 state=PENDING
[2026-09-06T04:26:06+08:00] WAIT olmo3_7b_think jid=3477431 state=PENDING
[2026-09-06T04:26:06+08:00] WAIT olmo3_7b_think jid=3477432 state=PENDING
[2026-09-06T04:26:06+08:00] WAIT olmo3_7b_think jid=3477433 state=PENDING
[2026-09-06T04:26:06+08:00] WAIT qwen3_4b_instruct jid=3477434 state=PENDING
[2026-09-06T04:26:06+08:00] WAIT qwen3_4b_instruct jid=3477435 state=PENDING
[2026-09-06T04:26:06+08:00] WAIT qwen3_4b_instruct jid=3477436 state=PENDING
[2026-09-06T04:26:06+08:00] WAIT qwen3_1.7b jid=3477606_0 state=PENDING
[2026-09-06T04:26:06+08:00] WAIT qwen3_1.7b jid=3477606_1 state=PENDING
[2026-09-06T04:26:06+08:00] WAIT qwen3_1.7b jid=3477606_2 state=PENDING
[2026-09-06T04:26:06+08:00] WAIT qwen3_1.7b jid=3477606_3 state=PENDING
[2026-09-06T04:26:06+08:00] WAIT qwen3_1.7b jid=3477606_4 state=PENDING
[2026-09-06T04:26:06+08:00] WAIT qwen3_1.7b jid=3477606_5 state=PENDING
[2026-09-06T04:26:06+08:00] WAIT qwen3_1.7b jid=3477606_6 state=PENDING
[2026-09-06T04:26:07+08:00] WAIT olmo3_7b_think jid=3477607_0 state=PENDING
[2026-09-06T04:26:07+08:00] WAIT olmo3_7b_think jid=3477607_1 state=PENDING
[2026-09-06T04:26:07+08:00] WAIT olmo3_7b_think jid=3477607_2 state=PENDING
[2026-09-06T04:26:07+08:00] WAIT olmo3_7b_think jid=3477607_3 state=PENDING
[2026-09-06T04:26:07+08:00] WAIT olmo3_7b_think jid=3477607_4 state=PENDING
[2026-09-06T04:26:07+08:00] WAIT olmo3_7b_think jid=3477607_5 state=PENDING
[2026-09-06T04:26:07+08:00] WAIT olmo3_7b_think jid=3477607_6 state=PENDING
[2026-09-06T04:26:07+08:00] WAIT qwen3_1.7b jid=3477608_0 state=PENDING
[2026-09-06T04:26:07+08:00] WAIT qwen3_1.7b jid=3477608_1 state=PENDING
[2026-09-06T04:26:07+08:00] WAIT qwen3_1.7b jid=3477608_2 state=PENDING
[2026-09-06T04:26:07+08:00] WAIT qwen3_1.7b jid=3477608_3 state=PENDING
[2026-09-06T04:26:07+08:00] WAIT qwen3_1.7b jid=3477608_4 state=PENDING
[2026-09-06T04:26:07+08:00] WAIT qwen3_1.7b jid=3477608_5 state=PENDING
[2026-09-06T04:26:07+08:00] WAIT qwen3_1.7b jid=3477608_6 state=PENDING
[2026-09-06T04:26:07+08:00] WAIT olmo3_7b_think jid=3477609_0 state=PENDING
[2026-09-06T04:26:07+08:00] WAIT olmo3_7b_think jid=3477609_1 state=PENDING
[2026-09-06T04:26:07+08:00] WAIT olmo3_7b_think jid=3477609_2 state=PENDING
[2026-09-06T04:26:07+08:00] WAIT olmo3_7b_think jid=3477609_3 state=PENDING
[2026-09-06T04:26:07+08:00] WAIT olmo3_7b_think jid=3477609_4 state=PENDING
[2026-09-06T04:26:07+08:00] WAIT olmo3_7b_think jid=3477609_5 state=PENDING
[2026-09-06T04:26:07+08:00] WAIT olmo3_7b_think jid=3477609_6 state=PENDING
[2026-09-06T04:26:07+08:00] progress done=0/37 pending=37 failed=0
[2026-09-06T04:28:07+08:00] WAIT qwen3_1.7b jid=3477428 state=PENDING
[2026-09-06T04:28:07+08:00] WAIT qwen3_1.7b jid=3477429 state=PENDING
[2026-09-06T04:28:07+08:00] WAIT qwen3_1.7b jid=3477430 state=PENDING
[2026-09-06T04:28:07+08:00] WAIT olmo3_7b_think jid=3477431 state=PENDING
[2026-09-06T04:28:07+08:00] WAIT olmo3_7b_think jid=3477432 state=PENDING
[2026-09-06T04:28:07+08:00] WAIT olmo3_7b_think jid=3477433 state=PENDING
[2026-09-06T04:28:07+08:00] WAIT qwen3_4b_instruct jid=3477434 state=PENDING
[2026-09-06T04:28:07+08:00] WAIT qwen3_4b_instruct jid=3477435 state=PENDING
[2026-09-06T04:28:07+08:00] WAIT qwen3_4b_instruct jid=3477436 state=PENDING
[2026-09-06T04:28:07+08:00] WAIT qwen3_1.7b jid=3477606_0 state=PENDING
[2026-09-06T04:28:07+08:00] WAIT qwen3_1.7b jid=3477606_1 state=PENDING
[2026-09-06T04:28:07+08:00] WAIT qwen3_1.7b jid=3477606_2 state=PENDING
[2026-09-06T04:28:07+08:00] WAIT qwen3_1.7b jid=3477606_3 state=PENDING
[2026-09-06T04:28:07+08:00] WAIT qwen3_1.7b jid=3477606_4 state=PENDING
[2026-09-06T04:28:07+08:00] WAIT qwen3_1.7b jid=3477606_5 state=PENDING
[2026-09-06T04:28:07+08:00] WAIT qwen3_1.7b jid=3477606_6 state=PENDING
[2026-09-06T04:28:07+08:00] WAIT olmo3_7b_think jid=3477607_0 state=PENDING
[2026-09-06T04:28:07+08:00] WAIT olmo3_7b_think jid=3477607_1 state=PENDING
[2026-09-06T04:28:07+08:00] WAIT olmo3_7b_think jid=3477607_2 state=PENDING
[2026-09-06T04:28:07+08:00] WAIT olmo3_7b_think jid=3477607_3 state=PENDING
[2026-09-06T04:28:07+08:00] WAIT olmo3_7b_think jid=3477607_4 state=PENDING
[2026-09-06T04:28:07+08:00] WAIT olmo3_7b_think jid=3477607_5 state=PENDING
[2026-09-06T04:28:07+08:00] WAIT olmo3_7b_think jid=3477607_6 state=PENDING
[2026-09-06T04:28:07+08:00] WAIT qwen3_1.7b jid=3477608_0 state=PENDING
[2026-09-06T04:28:07+08:00] WAIT qwen3_1.7b jid=3477608_1 state=PENDING
[2026-09-06T04:28:07+08:00] WAIT qwen3_1.7b jid=3477608_2 state=PENDING
[2026-09-06T04:28:07+08:00] WAIT qwen3_1.7b jid=3477608_3 state=PENDING
[2026-09-06T04:28:07+08:00] WAIT qwen3_1.7b jid=3477608_4 state=PENDING
[2026-09-06T04:28:07+08:00] WAIT qwen3_1.7b jid=3477608_5 state=PENDING
[2026-09-06T04:28:07+08:00] WAIT qwen3_1.7b jid=3477608_6 state=PENDING
[2026-09-06T04:28:07+08:00] WAIT olmo3_7b_think jid=3477609_0 state=PENDING
[2026-09-06T04:28:07+08:00] WAIT olmo3_7b_think jid=3477609_1 state=PENDING
[2026-09-06T04:28:07+08:00] WAIT olmo3_7b_think jid=3477609_2 state=PENDING
[2026-09-06T04:28:07+08:00] WAIT olmo3_7b_think jid=3477609_3 state=PENDING
[2026-09-06T04:28:07+08:00] WAIT olmo3_7b_think jid=3477609_4 state=PENDING
[2026-09-06T04:28:07+08:00] WAIT olmo3_7b_think jid=3477609_5 state=PENDING
[2026-09-06T04:28:07+08:00] WAIT olmo3_7b_think jid=3477609_6 state=PENDING
[2026-09-06T04:28:07+08:00] progress done=0/37 pending=37 failed=0
[2026-09-06T04:30:07+08:00] WAIT qwen3_1.7b jid=3477428 state=PENDING
[2026-09-06T04:30:07+08:00] WAIT qwen3_1.7b jid=3477429 state=PENDING
[2026-09-06T04:30:07+08:00] WAIT qwen3_1.7b jid=3477430 state=PENDING
[2026-09-06T04:30:07+08:00] WAIT olmo3_7b_think jid=3477431 state=PENDING
[2026-09-06T04:30:07+08:00] WAIT olmo3_7b_think jid=3477432 state=PENDING
[2026-09-06T04:30:07+08:00] WAIT olmo3_7b_think jid=3477433 state=PENDING
[2026-09-06T04:30:07+08:00] WAIT qwen3_4b_instruct jid=3477434 state=PENDING
[2026-09-06T04:30:07+08:00] WAIT qwen3_4b_instruct jid=3477435 state=PENDING
[2026-09-06T04:30:07+08:00] WAIT qwen3_4b_instruct jid=3477436 state=PENDING
[2026-09-06T04:30:07+08:00] WAIT qwen3_1.7b jid=3477606_0 state=PENDING
[2026-09-06T04:30:07+08:00] WAIT qwen3_1.7b jid=3477606_1 state=PENDING
[2026-09-06T04:30:07+08:00] WAIT qwen3_1.7b jid=3477606_2 state=PENDING
[2026-09-06T04:30:07+08:00] WAIT qwen3_1.7b jid=3477606_3 state=PENDING
[2026-09-06T04:30:07+08:00] WAIT qwen3_1.7b jid=3477606_4 state=PENDING
[2026-09-06T04:30:07+08:00] WAIT qwen3_1.7b jid=3477606_5 state=PENDING
[2026-09-06T04:30:07+08:00] WAIT qwen3_1.7b jid=3477606_6 state=PENDING
[2026-09-06T04:30:07+08:00] WAIT olmo3_7b_think jid=3477607_0 state=PENDING
[2026-09-06T04:30:07+08:00] WAIT olmo3_7b_think jid=3477607_1 state=PENDING
[2026-09-06T04:30:07+08:00] WAIT olmo3_7b_think jid=3477607_2 state=PENDING
[2026-09-06T04:30:07+08:00] WAIT olmo3_7b_think jid=3477607_3 state=PENDING
[2026-09-06T04:30:07+08:00] WAIT olmo3_7b_think jid=3477607_4 state=PENDING
[2026-09-06T04:30:07+08:00] WAIT olmo3_7b_think jid=3477607_5 state=PENDING
[2026-09-06T04:30:07+08:00] WAIT olmo3_7b_think jid=3477607_6 state=PENDING
[2026-09-06T04:30:07+08:00] WAIT qwen3_1.7b jid=3477608_0 state=PENDING
[2026-09-06T04:30:07+08:00] WAIT qwen3_1.7b jid=3477608_1 state=PENDING
[2026-09-06T04:30:07+08:00] WAIT qwen3_1.7b jid=3477608_2 state=PENDING
[2026-09-06T04:30:07+08:00] WAIT qwen3_1.7b jid=3477608_3 state=PENDING
[2026-09-06T04:30:07+08:00] WAIT qwen3_1.7b jid=3477608_4 state=PENDING
[2026-09-06T04:30:07+08:00] WAIT qwen3_1.7b jid=3477608_5 state=PENDING
[2026-09-06T04:30:07+08:00] WAIT qwen3_1.7b jid=3477608_6 state=PENDING
[2026-09-06T04:30:07+08:00] WAIT olmo3_7b_think jid=3477609_0 state=PENDING
[2026-09-06T04:30:07+08:00] WAIT olmo3_7b_think jid=3477609_1 state=PENDING
[2026-09-06T04:30:07+08:00] WAIT olmo3_7b_think jid=3477609_2 state=PENDING
[2026-09-06T04:30:07+08:00] WAIT olmo3_7b_think jid=3477609_3 state=PENDING
[2026-09-06T04:30:07+08:00] WAIT olmo3_7b_think jid=3477609_4 state=PENDING
[2026-09-06T04:30:07+08:00] WAIT olmo3_7b_think jid=3477609_5 state=PENDING
[2026-09-06T04:30:07+08:00] WAIT olmo3_7b_think jid=3477609_6 state=PENDING
[2026-09-06T04:30:07+08:00] progress done=0/37 pending=37 failed=0
[2026-09-06T04:32:07+08:00] WAIT qwen3_1.7b jid=3477428 state=PENDING
[2026-09-06T04:32:08+08:00] WAIT qwen3_1.7b jid=3477429 state=PENDING
[2026-09-06T04:32:08+08:00] WAIT qwen3_1.7b jid=3477430 state=PENDING
[2026-09-06T04:32:08+08:00] WAIT olmo3_7b_think jid=3477431 state=PENDING
[2026-09-06T04:32:08+08:00] WAIT olmo3_7b_think jid=3477432 state=PENDING
[2026-09-06T04:32:08+08:00] WAIT olmo3_7b_think jid=3477433 state=PENDING
[2026-09-06T04:32:08+08:00] WAIT qwen3_4b_instruct jid=3477434 state=PENDING
[2026-09-06T04:32:08+08:00] WAIT qwen3_4b_instruct jid=3477435 state=PENDING
[2026-09-06T04:32:08+08:00] WAIT qwen3_4b_instruct jid=3477436 state=PENDING
[2026-09-06T04:32:08+08:00] WAIT qwen3_1.7b jid=3477606_0 state=PENDING
[2026-09-06T04:32:08+08:00] WAIT qwen3_1.7b jid=3477606_1 state=PENDING
[2026-09-06T04:32:08+08:00] WAIT qwen3_1.7b jid=3477606_2 state=PENDING
[2026-09-06T04:32:08+08:00] WAIT qwen3_1.7b jid=3477606_3 state=PENDING
[2026-09-06T04:32:08+08:00] WAIT qwen3_1.7b jid=3477606_4 state=PENDING
[2026-09-06T04:32:08+08:00] WAIT qwen3_1.7b jid=3477606_5 state=PENDING
[2026-09-06T04:32:08+08:00] WAIT qwen3_1.7b jid=3477606_6 state=PENDING
[2026-09-06T04:32:08+08:00] WAIT olmo3_7b_think jid=3477607_0 state=PENDING
[2026-09-06T04:32:08+08:00] WAIT olmo3_7b_think jid=3477607_1 state=PENDING
[2026-09-06T04:32:08+08:00] WAIT olmo3_7b_think jid=3477607_2 state=PENDING
[2026-09-06T04:32:08+08:00] WAIT olmo3_7b_think jid=3477607_3 state=PENDING
[2026-09-06T04:32:08+08:00] WAIT olmo3_7b_think jid=3477607_4 state=PENDING
[2026-09-06T04:32:08+08:00] WAIT olmo3_7b_think jid=3477607_5 state=PENDING
[2026-09-06T04:32:08+08:00] WAIT olmo3_7b_think jid=3477607_6 state=PENDING
[2026-09-06T04:32:08+08:00] WAIT qwen3_1.7b jid=3477608_0 state=PENDING
[2026-09-06T04:32:08+08:00] WAIT qwen3_1.7b jid=3477608_1 state=PENDING
[2026-09-06T04:32:08+08:00] WAIT qwen3_1.7b jid=3477608_2 state=PENDING
[2026-09-06T04:32:08+08:00] WAIT qwen3_1.7b jid=3477608_3 state=PENDING
[2026-09-06T04:32:08+08:00] WAIT qwen3_1.7b jid=3477608_4 state=PENDING
[2026-09-06T04:32:08+08:00] WAIT qwen3_1.7b jid=3477608_5 state=PENDING
[2026-09-06T04:32:08+08:00] WAIT qwen3_1.7b jid=3477608_6 state=PENDING
[2026-09-06T04:32:08+08:00] WAIT olmo3_7b_think jid=3477609_0 state=PENDING
[2026-09-06T04:32:08+08:00] WAIT olmo3_7b_think jid=3477609_1 state=PENDING
[2026-09-06T04:32:08+08:00] WAIT olmo3_7b_think jid=3477609_2 state=PENDING
[2026-09-06T04:32:08+08:00] WAIT olmo3_7b_think jid=3477609_3 state=PENDING
[2026-09-06T04:32:08+08:00] WAIT olmo3_7b_think jid=3477609_4 state=PENDING
[2026-09-06T04:32:08+08:00] WAIT olmo3_7b_think jid=3477609_5 state=PENDING
[2026-09-06T04:32:08+08:00] WAIT olmo3_7b_think jid=3477609_6 state=PENDING
[2026-09-06T04:32:08+08:00] progress done=0/37 pending=37 failed=0
[2026-09-06T04:34:08+08:00] WAIT qwen3_1.7b jid=3477428 state=PENDING
[2026-09-06T04:34:08+08:00] WAIT qwen3_1.7b jid=3477429 state=PENDING
[2026-09-06T04:34:08+08:00] WAIT qwen3_1.7b jid=3477430 state=PENDING
[2026-09-06T04:34:08+08:00] WAIT olmo3_7b_think jid=3477431 state=PENDING
[2026-09-06T04:34:08+08:00] WAIT olmo3_7b_think jid=3477432 state=PENDING
[2026-09-06T04:34:08+08:00] WAIT olmo3_7b_think jid=3477433 state=PENDING
[2026-09-06T04:34:08+08:00] WAIT qwen3_4b_instruct jid=3477434 state=PENDING
[2026-09-06T04:34:08+08:00] WAIT qwen3_4b_instruct jid=3477435 state=PENDING
[2026-09-06T04:34:08+08:00] WAIT qwen3_4b_instruct jid=3477436 state=PENDING
[2026-09-06T04:34:08+08:00] WAIT qwen3_1.7b jid=3477606_0 state=PENDING
[2026-09-06T04:34:08+08:00] WAIT qwen3_1.7b jid=3477606_1 state=PENDING
[2026-09-06T04:34:08+08:00] WAIT qwen3_1.7b jid=3477606_2 state=PENDING
[2026-09-06T04:34:08+08:00] WAIT qwen3_1.7b jid=3477606_3 state=PENDING
[2026-09-06T04:34:08+08:00] WAIT qwen3_1.7b jid=3477606_4 state=PENDING
[2026-09-06T04:34:08+08:00] WAIT qwen3_1.7b jid=3477606_5 state=PENDING
[2026-09-06T04:34:08+08:00] WAIT qwen3_1.7b jid=3477606_6 state=PENDING
[2026-09-06T04:34:08+08:00] WAIT olmo3_7b_think jid=3477607_0 state=PENDING
[2026-09-06T04:34:08+08:00] WAIT olmo3_7b_think jid=3477607_1 state=PENDING
[2026-09-06T04:34:08+08:00] WAIT olmo3_7b_think jid=3477607_2 state=PENDING
[2026-09-06T04:34:08+08:00] WAIT olmo3_7b_think jid=3477607_3 state=PENDING
[2026-09-06T04:34:08+08:00] WAIT olmo3_7b_think jid=3477607_4 state=PENDING
[2026-09-06T04:34:08+08:00] WAIT olmo3_7b_think jid=3477607_5 state=PENDING
[2026-09-06T04:34:08+08:00] WAIT olmo3_7b_think jid=3477607_6 state=PENDING
[2026-09-06T04:34:08+08:00] WAIT qwen3_1.7b jid=3477608_0 state=PENDING
[2026-09-06T04:34:08+08:00] WAIT qwen3_1.7b jid=3477608_1 state=PENDING
[2026-09-06T04:34:08+08:00] WAIT qwen3_1.7b jid=3477608_2 state=PENDING
[2026-09-06T04:34:08+08:00] WAIT qwen3_1.7b jid=3477608_3 state=PENDING
[2026-09-06T04:34:08+08:00] WAIT qwen3_1.7b jid=3477608_4 state=PENDING
[2026-09-06T04:34:08+08:00] WAIT qwen3_1.7b jid=3477608_5 state=PENDING
[2026-09-06T04:34:08+08:00] WAIT qwen3_1.7b jid=3477608_6 state=PENDING
[2026-09-06T04:34:08+08:00] WAIT olmo3_7b_think jid=3477609_0 state=PENDING
[2026-09-06T04:34:08+08:00] WAIT olmo3_7b_think jid=3477609_1 state=PENDING
[2026-09-06T04:34:08+08:00] WAIT olmo3_7b_think jid=3477609_2 state=PENDING
[2026-09-06T04:34:08+08:00] WAIT olmo3_7b_think jid=3477609_3 state=PENDING
[2026-09-06T04:34:08+08:00] WAIT olmo3_7b_think jid=3477609_4 state=PENDING
[2026-09-06T04:34:08+08:00] WAIT olmo3_7b_think jid=3477609_5 state=PENDING
[2026-09-06T04:34:08+08:00] WAIT olmo3_7b_think jid=3477609_6 state=PENDING
[2026-09-06T04:34:08+08:00] progress done=0/37 pending=37 failed=0
[2026-09-06T04:36:08+08:00] WAIT qwen3_1.7b jid=3477428 state=PENDING
[2026-09-06T04:36:08+08:00] WAIT qwen3_1.7b jid=3477429 state=PENDING
[2026-09-06T04:36:08+08:00] WAIT qwen3_1.7b jid=3477430 state=PENDING
[2026-09-06T04:36:08+08:00] WAIT olmo3_7b_think jid=3477431 state=PENDING
[2026-09-06T04:36:08+08:00] WAIT olmo3_7b_think jid=3477432 state=PENDING
[2026-09-06T04:36:08+08:00] WAIT olmo3_7b_think jid=3477433 state=PENDING
[2026-09-06T04:36:08+08:00] WAIT qwen3_4b_instruct jid=3477434 state=PENDING
[2026-09-06T04:36:08+08:00] WAIT qwen3_4b_instruct jid=3477435 state=PENDING
[2026-09-06T04:36:08+08:00] WAIT qwen3_4b_instruct jid=3477436 state=PENDING
[2026-09-06T04:36:08+08:00] WAIT qwen3_1.7b jid=3477606_0 state=PENDING
[2026-09-06T04:36:08+08:00] WAIT qwen3_1.7b jid=3477606_1 state=PENDING
[2026-09-06T04:36:08+08:00] WAIT qwen3_1.7b jid=3477606_2 state=PENDING
[2026-09-06T04:36:08+08:00] WAIT qwen3_1.7b jid=3477606_3 state=PENDING
[2026-09-06T04:36:08+08:00] WAIT qwen3_1.7b jid=3477606_4 state=PENDING
[2026-09-06T04:36:08+08:00] WAIT qwen3_1.7b jid=3477606_5 state=PENDING
[2026-09-06T04:36:08+08:00] WAIT qwen3_1.7b jid=3477606_6 state=PENDING
[2026-09-06T04:36:08+08:00] WAIT olmo3_7b_think jid=3477607_0 state=PENDING
[2026-09-06T04:36:08+08:00] WAIT olmo3_7b_think jid=3477607_1 state=PENDING
[2026-09-06T04:36:08+08:00] WAIT olmo3_7b_think jid=3477607_2 state=PENDING
[2026-09-06T04:36:08+08:00] WAIT olmo3_7b_think jid=3477607_3 state=PENDING
[2026-09-06T04:36:08+08:00] WAIT olmo3_7b_think jid=3477607_4 state=PENDING
[2026-09-06T04:36:08+08:00] WAIT olmo3_7b_think jid=3477607_5 state=PENDING
[2026-09-06T04:36:08+08:00] WAIT olmo3_7b_think jid=3477607_6 state=PENDING
[2026-09-06T04:36:08+08:00] WAIT qwen3_1.7b jid=3477608_0 state=PENDING
[2026-09-06T04:36:09+08:00] WAIT qwen3_1.7b jid=3477608_1 state=PENDING
[2026-09-06T04:36:09+08:00] WAIT qwen3_1.7b jid=3477608_2 state=PENDING
[2026-09-06T04:36:09+08:00] WAIT qwen3_1.7b jid=3477608_3 state=PENDING
[2026-09-06T04:36:09+08:00] WAIT qwen3_1.7b jid=3477608_4 state=PENDING
[2026-09-06T04:36:09+08:00] WAIT qwen3_1.7b jid=3477608_5 state=PENDING
[2026-09-06T04:36:09+08:00] WAIT qwen3_1.7b jid=3477608_6 state=PENDING
[2026-09-06T04:36:09+08:00] WAIT olmo3_7b_think jid=3477609_0 state=PENDING
[2026-09-06T04:36:09+08:00] WAIT olmo3_7b_think jid=3477609_1 state=PENDING
[2026-09-06T04:36:09+08:00] WAIT olmo3_7b_think jid=3477609_2 state=PENDING
[2026-09-06T04:36:09+08:00] WAIT olmo3_7b_think jid=3477609_3 state=PENDING
[2026-09-06T04:36:09+08:00] WAIT olmo3_7b_think jid=3477609_4 state=PENDING
[2026-09-06T04:36:09+08:00] WAIT olmo3_7b_think jid=3477609_5 state=PENDING
[2026-09-06T04:36:09+08:00] WAIT olmo3_7b_think jid=3477609_6 state=PENDING
[2026-09-06T04:36:09+08:00] progress done=0/37 pending=37 failed=0
[2026-09-06T04:38:09+08:00] WAIT qwen3_1.7b jid=3477428 state=PENDING
[2026-09-06T04:38:09+08:00] WAIT qwen3_1.7b jid=3477429 state=PENDING
[2026-09-06T04:38:09+08:00] WAIT qwen3_1.7b jid=3477430 state=PENDING
[2026-09-06T04:38:09+08:00] WAIT olmo3_7b_think jid=3477431 state=PENDING
[2026-09-06T04:38:09+08:00] WAIT olmo3_7b_think jid=3477432 state=PENDING
[2026-09-06T04:38:09+08:00] WAIT olmo3_7b_think jid=3477433 state=PENDING
[2026-09-06T04:38:09+08:00] WAIT qwen3_4b_instruct jid=3477434 state=PENDING
[2026-09-06T04:38:09+08:00] WAIT qwen3_4b_instruct jid=3477435 state=PENDING
[2026-09-06T04:38:09+08:00] WAIT qwen3_4b_instruct jid=3477436 state=PENDING
[2026-09-06T04:38:09+08:00] WAIT qwen3_1.7b jid=3477606_0 state=PENDING
[2026-09-06T04:38:09+08:00] WAIT qwen3_1.7b jid=3477606_1 state=PENDING
[2026-09-06T04:38:09+08:00] WAIT qwen3_1.7b jid=3477606_2 state=PENDING
[2026-09-06T04:38:09+08:00] WAIT qwen3_1.7b jid=3477606_3 state=PENDING
[2026-09-06T04:38:09+08:00] WAIT qwen3_1.7b jid=3477606_4 state=PENDING
[2026-09-06T04:38:09+08:00] WAIT qwen3_1.7b jid=3477606_5 state=PENDING
[2026-09-06T04:38:09+08:00] WAIT qwen3_1.7b jid=3477606_6 state=PENDING
[2026-09-06T04:38:09+08:00] WAIT olmo3_7b_think jid=3477607_0 state=PENDING
[2026-09-06T04:38:09+08:00] WAIT olmo3_7b_think jid=3477607_1 state=PENDING
[2026-09-06T04:38:09+08:00] WAIT olmo3_7b_think jid=3477607_2 state=PENDING
[2026-09-06T04:38:09+08:00] WAIT olmo3_7b_think jid=3477607_3 state=PENDING
[2026-09-06T04:38:09+08:00] WAIT olmo3_7b_think jid=3477607_4 state=PENDING
[2026-09-06T04:38:09+08:00] WAIT olmo3_7b_think jid=3477607_5 state=PENDING
[2026-09-06T04:38:09+08:00] WAIT olmo3_7b_think jid=3477607_6 state=PENDING
[2026-09-06T04:38:09+08:00] WAIT qwen3_1.7b jid=3477608_0 state=PENDING
[2026-09-06T04:38:09+08:00] WAIT qwen3_1.7b jid=3477608_1 state=PENDING
[2026-09-06T04:38:09+08:00] WAIT qwen3_1.7b jid=3477608_2 state=PENDING
[2026-09-06T04:38:09+08:00] WAIT qwen3_1.7b jid=3477608_3 state=PENDING
[2026-09-06T04:38:09+08:00] WAIT qwen3_1.7b jid=3477608_4 state=PENDING
[2026-09-06T04:38:09+08:00] WAIT qwen3_1.7b jid=3477608_5 state=PENDING
[2026-09-06T04:38:09+08:00] WAIT qwen3_1.7b jid=3477608_6 state=PENDING
[2026-09-06T04:38:09+08:00] WAIT olmo3_7b_think jid=3477609_0 state=PENDING
[2026-09-06T04:38:09+08:00] WAIT olmo3_7b_think jid=3477609_1 state=PENDING
[2026-09-06T04:38:09+08:00] WAIT olmo3_7b_think jid=3477609_2 state=PENDING
[2026-09-06T04:38:09+08:00] WAIT olmo3_7b_think jid=3477609_3 state=PENDING
[2026-09-06T04:38:09+08:00] WAIT olmo3_7b_think jid=3477609_4 state=PENDING
[2026-09-06T04:38:09+08:00] WAIT olmo3_7b_think jid=3477609_5 state=PENDING
[2026-09-06T04:38:09+08:00] WAIT olmo3_7b_think jid=3477609_6 state=PENDING
[2026-09-06T04:38:09+08:00] progress done=0/37 pending=37 failed=0
[2026-09-06T04:40:09+08:00] WAIT qwen3_1.7b jid=3477428 state=PENDING
[2026-09-06T04:40:09+08:00] WAIT qwen3_1.7b jid=3477429 state=PENDING
[2026-09-06T04:40:09+08:00] WAIT qwen3_1.7b jid=3477430 state=PENDING
[2026-09-06T04:40:09+08:00] WAIT olmo3_7b_think jid=3477431 state=PENDING
[2026-09-06T04:40:09+08:00] WAIT olmo3_7b_think jid=3477432 state=PENDING
[2026-09-06T04:40:09+08:00] WAIT olmo3_7b_think jid=3477433 state=PENDING
[2026-09-06T04:40:09+08:00] WAIT qwen3_4b_instruct jid=3477434 state=PENDING
[2026-09-06T04:40:09+08:00] WAIT qwen3_4b_instruct jid=3477435 state=PENDING
[2026-09-06T04:40:09+08:00] WAIT qwen3_4b_instruct jid=3477436 state=PENDING
[2026-09-06T04:40:09+08:00] WAIT qwen3_1.7b jid=3477606_0 state=PENDING
[2026-09-06T04:40:09+08:00] WAIT qwen3_1.7b jid=3477606_1 state=PENDING
[2026-09-06T04:40:09+08:00] WAIT qwen3_1.7b jid=3477606_2 state=PENDING
[2026-09-06T04:40:09+08:00] WAIT qwen3_1.7b jid=3477606_3 state=PENDING
[2026-09-06T04:40:09+08:00] WAIT qwen3_1.7b jid=3477606_4 state=PENDING
[2026-09-06T04:40:09+08:00] WAIT qwen3_1.7b jid=3477606_5 state=PENDING
[2026-09-06T04:40:09+08:00] WAIT qwen3_1.7b jid=3477606_6 state=PENDING
[2026-09-06T04:40:09+08:00] WAIT olmo3_7b_think jid=3477607_0 state=PENDING
[2026-09-06T04:40:09+08:00] WAIT olmo3_7b_think jid=3477607_1 state=PENDING
[2026-09-06T04:40:09+08:00] WAIT olmo3_7b_think jid=3477607_2 state=PENDING
[2026-09-06T04:40:09+08:00] WAIT olmo3_7b_think jid=3477607_3 state=PENDING
[2026-09-06T04:40:09+08:00] WAIT olmo3_7b_think jid=3477607_4 state=PENDING
[2026-09-06T04:40:09+08:00] WAIT olmo3_7b_think jid=3477607_5 state=PENDING
[2026-09-06T04:40:09+08:00] WAIT olmo3_7b_think jid=3477607_6 state=PENDING
[2026-09-06T04:40:09+08:00] WAIT qwen3_1.7b jid=3477608_0 state=PENDING
[2026-09-06T04:40:09+08:00] WAIT qwen3_1.7b jid=3477608_1 state=PENDING
[2026-09-06T04:40:09+08:00] WAIT qwen3_1.7b jid=3477608_2 state=PENDING
[2026-09-06T04:40:09+08:00] WAIT qwen3_1.7b jid=3477608_3 state=PENDING
[2026-09-06T04:40:09+08:00] WAIT qwen3_1.7b jid=3477608_4 state=PENDING
[2026-09-06T04:40:09+08:00] WAIT qwen3_1.7b jid=3477608_5 state=PENDING
[2026-09-06T04:40:09+08:00] WAIT qwen3_1.7b jid=3477608_6 state=PENDING
[2026-09-06T04:40:09+08:00] WAIT olmo3_7b_think jid=3477609_0 state=PENDING
[2026-09-06T04:40:09+08:00] WAIT olmo3_7b_think jid=3477609_1 state=PENDING
[2026-09-06T04:40:09+08:00] WAIT olmo3_7b_think jid=3477609_2 state=PENDING
[2026-09-06T04:40:09+08:00] WAIT olmo3_7b_think jid=3477609_3 state=PENDING
[2026-09-06T04:40:09+08:00] WAIT olmo3_7b_think jid=3477609_4 state=PENDING
[2026-09-06T04:40:09+08:00] WAIT olmo3_7b_think jid=3477609_5 state=PENDING
[2026-09-06T04:40:09+08:00] WAIT olmo3_7b_think jid=3477609_6 state=PENDING
[2026-09-06T04:40:09+08:00] progress done=0/37 pending=37 failed=0
[2026-09-06T04:42:09+08:00] WAIT qwen3_1.7b jid=3477428 state=PENDING
[2026-09-06T04:42:09+08:00] WAIT qwen3_1.7b jid=3477429 state=PENDING
[2026-09-06T04:42:09+08:00] WAIT qwen3_1.7b jid=3477430 state=PENDING
[2026-09-06T04:42:09+08:00] WAIT olmo3_7b_think jid=3477431 state=PENDING
[2026-09-06T04:42:09+08:00] WAIT olmo3_7b_think jid=3477432 state=PENDING
[2026-09-06T04:42:09+08:00] WAIT olmo3_7b_think jid=3477433 state=PENDING
[2026-09-06T04:42:09+08:00] WAIT qwen3_4b_instruct jid=3477434 state=PENDING
[2026-09-06T04:42:09+08:00] WAIT qwen3_4b_instruct jid=3477435 state=PENDING
[2026-09-06T04:42:10+08:00] WAIT qwen3_4b_instruct jid=3477436 state=PENDING
[2026-09-06T04:42:10+08:00] WAIT qwen3_1.7b jid=3477606_0 state=PENDING
[2026-09-06T04:42:10+08:00] WAIT qwen3_1.7b jid=3477606_1 state=PENDING
[2026-09-06T04:42:10+08:00] WAIT qwen3_1.7b jid=3477606_2 state=PENDING
[2026-09-06T04:42:10+08:00] WAIT qwen3_1.7b jid=3477606_3 state=PENDING
[2026-09-06T04:42:10+08:00] WAIT qwen3_1.7b jid=3477606_4 state=PENDING
[2026-09-06T04:42:10+08:00] WAIT qwen3_1.7b jid=3477606_5 state=PENDING
[2026-09-06T04:42:10+08:00] WAIT qwen3_1.7b jid=3477606_6 state=PENDING
[2026-09-06T04:42:10+08:00] WAIT olmo3_7b_think jid=3477607_0 state=PENDING
[2026-09-06T04:42:10+08:00] WAIT olmo3_7b_think jid=3477607_1 state=PENDING
[2026-09-06T04:42:10+08:00] WAIT olmo3_7b_think jid=3477607_2 state=PENDING
[2026-09-06T04:42:10+08:00] WAIT olmo3_7b_think jid=3477607_3 state=PENDING
[2026-09-06T04:42:10+08:00] WAIT olmo3_7b_think jid=3477607_4 state=PENDING
[2026-09-06T04:42:10+08:00] WAIT olmo3_7b_think jid=3477607_5 state=PENDING
[2026-09-06T04:42:10+08:00] WAIT olmo3_7b_think jid=3477607_6 state=PENDING
[2026-09-06T04:42:10+08:00] WAIT qwen3_1.7b jid=3477608_0 state=PENDING
[2026-09-06T04:42:10+08:00] WAIT qwen3_1.7b jid=3477608_1 state=PENDING
[2026-09-06T04:42:10+08:00] WAIT qwen3_1.7b jid=3477608_2 state=PENDING
[2026-09-06T04:42:10+08:00] WAIT qwen3_1.7b jid=3477608_3 state=PENDING
[2026-09-06T04:42:10+08:00] WAIT qwen3_1.7b jid=3477608_4 state=PENDING
[2026-09-06T04:42:10+08:00] WAIT qwen3_1.7b jid=3477608_5 state=PENDING
[2026-09-06T04:42:10+08:00] WAIT qwen3_1.7b jid=3477608_6 state=PENDING
[2026-09-06T04:42:10+08:00] WAIT olmo3_7b_think jid=3477609_0 state=PENDING
[2026-09-06T04:42:10+08:00] WAIT olmo3_7b_think jid=3477609_1 state=PENDING
[2026-09-06T04:42:10+08:00] WAIT olmo3_7b_think jid=3477609_2 state=PENDING
[2026-09-06T04:42:10+08:00] WAIT olmo3_7b_think jid=3477609_3 state=PENDING
[2026-09-06T04:42:10+08:00] WAIT olmo3_7b_think jid=3477609_4 state=PENDING
[2026-09-06T04:42:10+08:00] WAIT olmo3_7b_think jid=3477609_5 state=PENDING
[2026-09-06T04:42:10+08:00] WAIT olmo3_7b_think jid=3477609_6 state=PENDING
[2026-09-06T04:42:10+08:00] progress done=0/37 pending=37 failed=0
[2026-09-06T04:44:10+08:00] WAIT qwen3_1.7b jid=3477428 state=PENDING
[2026-09-06T04:44:10+08:00] WAIT qwen3_1.7b jid=3477429 state=PENDING
[2026-09-06T04:44:10+08:00] WAIT qwen3_1.7b jid=3477430 state=PENDING
[2026-09-06T04:44:10+08:00] WAIT olmo3_7b_think jid=3477431 state=PENDING
[2026-09-06T04:44:10+08:00] WAIT olmo3_7b_think jid=3477432 state=PENDING
[2026-09-06T04:44:10+08:00] WAIT olmo3_7b_think jid=3477433 state=PENDING
[2026-09-06T04:44:10+08:00] WAIT qwen3_4b_instruct jid=3477434 state=PENDING
[2026-09-06T04:44:10+08:00] WAIT qwen3_4b_instruct jid=3477435 state=PENDING
[2026-09-06T04:44:10+08:00] WAIT qwen3_4b_instruct jid=3477436 state=PENDING
[2026-09-06T04:44:10+08:00] WAIT qwen3_1.7b jid=3477606_0 state=PENDING
[2026-09-06T04:44:10+08:00] WAIT qwen3_1.7b jid=3477606_1 state=PENDING
[2026-09-06T04:44:10+08:00] WAIT qwen3_1.7b jid=3477606_2 state=PENDING
[2026-09-06T04:44:10+08:00] WAIT qwen3_1.7b jid=3477606_3 state=PENDING
[2026-09-06T04:44:10+08:00] WAIT qwen3_1.7b jid=3477606_4 state=PENDING
[2026-09-06T04:44:10+08:00] WAIT qwen3_1.7b jid=3477606_5 state=PENDING
[2026-09-06T04:44:10+08:00] WAIT qwen3_1.7b jid=3477606_6 state=PENDING
[2026-09-06T04:44:10+08:00] WAIT olmo3_7b_think jid=3477607_0 state=PENDING
[2026-09-06T04:44:10+08:00] WAIT olmo3_7b_think jid=3477607_1 state=PENDING
[2026-09-06T04:44:10+08:00] WAIT olmo3_7b_think jid=3477607_2 state=PENDING
[2026-09-06T04:44:10+08:00] WAIT olmo3_7b_think jid=3477607_3 state=PENDING
[2026-09-06T04:44:10+08:00] WAIT olmo3_7b_think jid=3477607_4 state=PENDING
[2026-09-06T04:44:10+08:00] WAIT olmo3_7b_think jid=3477607_5 state=PENDING
[2026-09-06T04:44:10+08:00] WAIT olmo3_7b_think jid=3477607_6 state=PENDING
[2026-09-06T04:44:10+08:00] WAIT qwen3_1.7b jid=3477608_0 state=PENDING
[2026-09-06T04:44:10+08:00] WAIT qwen3_1.7b jid=3477608_1 state=PENDING
[2026-09-06T04:44:10+08:00] WAIT qwen3_1.7b jid=3477608_2 state=PENDING
[2026-09-06T04:44:10+08:00] WAIT qwen3_1.7b jid=3477608_3 state=PENDING
[2026-09-06T04:44:10+08:00] WAIT qwen3_1.7b jid=3477608_4 state=PENDING
[2026-09-06T04:44:10+08:00] WAIT qwen3_1.7b jid=3477608_5 state=PENDING
[2026-09-06T04:44:10+08:00] WAIT qwen3_1.7b jid=3477608_6 state=PENDING
[2026-09-06T04:44:10+08:00] WAIT olmo3_7b_think jid=3477609_0 state=PENDING
[2026-09-06T04:44:10+08:00] WAIT olmo3_7b_think jid=3477609_1 state=PENDING
[2026-09-06T04:44:10+08:00] WAIT olmo3_7b_think jid=3477609_2 state=PENDING
[2026-09-06T04:44:10+08:00] WAIT olmo3_7b_think jid=3477609_3 state=PENDING
[2026-09-06T04:44:10+08:00] WAIT olmo3_7b_think jid=3477609_4 state=PENDING
[2026-09-06T04:44:10+08:00] WAIT olmo3_7b_think jid=3477609_5 state=PENDING
[2026-09-06T04:44:10+08:00] WAIT olmo3_7b_think jid=3477609_6 state=PENDING
[2026-09-06T04:44:10+08:00] progress done=0/37 pending=37 failed=0
[2026-09-06T04:46:10+08:00] WAIT qwen3_1.7b jid=3477428 state=PENDING
[2026-09-06T04:46:10+08:00] WAIT qwen3_1.7b jid=3477429 state=PENDING
[2026-09-06T04:46:10+08:00] WAIT qwen3_1.7b jid=3477430 state=PENDING
[2026-09-06T04:46:10+08:00] WAIT olmo3_7b_think jid=3477431 state=PENDING
[2026-09-06T04:46:10+08:00] WAIT olmo3_7b_think jid=3477432 state=PENDING
[2026-09-06T04:46:10+08:00] WAIT olmo3_7b_think jid=3477433 state=PENDING
[2026-09-06T04:46:10+08:00] WAIT qwen3_4b_instruct jid=3477434 state=PENDING
[2026-09-06T04:46:10+08:00] WAIT qwen3_4b_instruct jid=3477435 state=PENDING
[2026-09-06T04:46:10+08:00] WAIT qwen3_4b_instruct jid=3477436 state=PENDING
[2026-09-06T04:46:10+08:00] WAIT qwen3_1.7b jid=3477606_0 state=PENDING
[2026-09-06T04:46:10+08:00] WAIT qwen3_1.7b jid=3477606_1 state=PENDING
[2026-09-06T04:46:10+08:00] WAIT qwen3_1.7b jid=3477606_2 state=PENDING
[2026-09-06T04:46:10+08:00] WAIT qwen3_1.7b jid=3477606_3 state=PENDING
[2026-09-06T04:46:10+08:00] WAIT qwen3_1.7b jid=3477606_4 state=PENDING
[2026-09-06T04:46:10+08:00] WAIT qwen3_1.7b jid=3477606_5 state=PENDING
[2026-09-06T04:46:10+08:00] WAIT qwen3_1.7b jid=3477606_6 state=PENDING
[2026-09-06T04:46:10+08:00] WAIT olmo3_7b_think jid=3477607_0 state=PENDING
[2026-09-06T04:46:10+08:00] WAIT olmo3_7b_think jid=3477607_1 state=PENDING
[2026-09-06T04:46:10+08:00] WAIT olmo3_7b_think jid=3477607_2 state=PENDING
[2026-09-06T04:46:10+08:00] WAIT olmo3_7b_think jid=3477607_3 state=PENDING
[2026-09-06T04:46:10+08:00] WAIT olmo3_7b_think jid=3477607_4 state=PENDING
[2026-09-06T04:46:10+08:00] WAIT olmo3_7b_think jid=3477607_5 state=PENDING
[2026-09-06T04:46:10+08:00] WAIT olmo3_7b_think jid=3477607_6 state=PENDING
[2026-09-06T04:46:10+08:00] WAIT qwen3_1.7b jid=3477608_0 state=PENDING
[2026-09-06T04:46:10+08:00] WAIT qwen3_1.7b jid=3477608_1 state=PENDING
[2026-09-06T04:46:10+08:00] WAIT qwen3_1.7b jid=3477608_2 state=PENDING
[2026-09-06T04:46:10+08:00] WAIT qwen3_1.7b jid=3477608_3 state=PENDING
[2026-09-06T04:46:10+08:00] WAIT qwen3_1.7b jid=3477608_4 state=PENDING
[2026-09-06T04:46:10+08:00] WAIT qwen3_1.7b jid=3477608_5 state=PENDING
[2026-09-06T04:46:10+08:00] WAIT qwen3_1.7b jid=3477608_6 state=PENDING
[2026-09-06T04:46:10+08:00] WAIT olmo3_7b_think jid=3477609_0 state=PENDING
[2026-09-06T04:46:10+08:00] WAIT olmo3_7b_think jid=3477609_1 state=PENDING
[2026-09-06T04:46:11+08:00] WAIT olmo3_7b_think jid=3477609_2 state=PENDING
[2026-09-06T04:46:11+08:00] WAIT olmo3_7b_think jid=3477609_3 state=PENDING
[2026-09-06T04:46:11+08:00] WAIT olmo3_7b_think jid=3477609_4 state=PENDING
[2026-09-06T04:46:11+08:00] WAIT olmo3_7b_think jid=3477609_5 state=PENDING
[2026-09-06T04:46:11+08:00] WAIT olmo3_7b_think jid=3477609_6 state=PENDING
[2026-09-06T04:46:11+08:00] progress done=0/37 pending=37 failed=0
[2026-09-06T04:48:11+08:00] WAIT qwen3_1.7b jid=3477428 state=PENDING
[2026-09-06T04:48:11+08:00] WAIT qwen3_1.7b jid=3477429 state=PENDING
[2026-09-06T04:48:11+08:00] WAIT qwen3_1.7b jid=3477430 state=PENDING
[2026-09-06T04:48:11+08:00] WAIT olmo3_7b_think jid=3477431 state=PENDING
[2026-09-06T04:48:11+08:00] WAIT olmo3_7b_think jid=3477432 state=PENDING
[2026-09-06T04:48:11+08:00] WAIT olmo3_7b_think jid=3477433 state=PENDING
[2026-09-06T04:48:11+08:00] WAIT qwen3_4b_instruct jid=3477434 state=PENDING
[2026-09-06T04:48:11+08:00] WAIT qwen3_4b_instruct jid=3477435 state=PENDING
[2026-09-06T04:48:11+08:00] WAIT qwen3_4b_instruct jid=3477436 state=PENDING
[2026-09-06T04:48:11+08:00] WAIT qwen3_1.7b jid=3477606_0 state=PENDING
[2026-09-06T04:48:11+08:00] WAIT qwen3_1.7b jid=3477606_1 state=PENDING
[2026-09-06T04:48:11+08:00] WAIT qwen3_1.7b jid=3477606_2 state=PENDING
[2026-09-06T04:48:11+08:00] WAIT qwen3_1.7b jid=3477606_3 state=PENDING
[2026-09-06T04:48:11+08:00] WAIT qwen3_1.7b jid=3477606_4 state=PENDING
[2026-09-06T04:48:11+08:00] WAIT qwen3_1.7b jid=3477606_5 state=PENDING
[2026-09-06T04:48:11+08:00] WAIT qwen3_1.7b jid=3477606_6 state=PENDING
[2026-09-06T04:48:11+08:00] WAIT olmo3_7b_think jid=3477607_0 state=PENDING
[2026-09-06T04:48:11+08:00] WAIT olmo3_7b_think jid=3477607_1 state=PENDING
[2026-09-06T04:48:11+08:00] WAIT olmo3_7b_think jid=3477607_2 state=PENDING
[2026-09-06T04:48:11+08:00] WAIT olmo3_7b_think jid=3477607_3 state=PENDING
[2026-09-06T04:48:11+08:00] WAIT olmo3_7b_think jid=3477607_4 state=PENDING
[2026-09-06T04:48:11+08:00] WAIT olmo3_7b_think jid=3477607_5 state=PENDING
[2026-09-06T04:48:11+08:00] WAIT olmo3_7b_think jid=3477607_6 state=PENDING
[2026-09-06T04:48:11+08:00] WAIT qwen3_1.7b jid=3477608_0 state=PENDING
[2026-09-06T04:48:11+08:00] WAIT qwen3_1.7b jid=3477608_1 state=PENDING
[2026-09-06T04:48:11+08:00] WAIT qwen3_1.7b jid=3477608_2 state=PENDING
[2026-09-06T04:48:11+08:00] WAIT qwen3_1.7b jid=3477608_3 state=PENDING
[2026-09-06T04:48:11+08:00] WAIT qwen3_1.7b jid=3477608_4 state=PENDING
[2026-09-06T04:48:11+08:00] WAIT qwen3_1.7b jid=3477608_5 state=PENDING
[2026-09-06T04:48:11+08:00] WAIT qwen3_1.7b jid=3477608_6 state=PENDING
[2026-09-06T04:48:11+08:00] WAIT olmo3_7b_think jid=3477609_0 state=PENDING
[2026-09-06T04:48:11+08:00] WAIT olmo3_7b_think jid=3477609_1 state=PENDING
[2026-09-06T04:48:11+08:00] WAIT olmo3_7b_think jid=3477609_2 state=PENDING
[2026-09-06T04:48:11+08:00] WAIT olmo3_7b_think jid=3477609_3 state=PENDING
[2026-09-06T04:48:11+08:00] WAIT olmo3_7b_think jid=3477609_4 state=PENDING
[2026-09-06T04:48:11+08:00] WAIT olmo3_7b_think jid=3477609_5 state=PENDING
[2026-09-06T04:48:11+08:00] WAIT olmo3_7b_think jid=3477609_6 state=PENDING
[2026-09-06T04:48:11+08:00] progress done=0/37 pending=37 failed=0
[2026-09-06T04:50:11+08:00] WAIT qwen3_1.7b jid=3477428 state=PENDING
[2026-09-06T04:50:11+08:00] WAIT qwen3_1.7b jid=3477429 state=PENDING
[2026-09-06T04:50:11+08:00] WAIT qwen3_1.7b jid=3477430 state=PENDING
[2026-09-06T04:50:11+08:00] WAIT olmo3_7b_think jid=3477431 state=PENDING
[2026-09-06T04:50:11+08:00] WAIT olmo3_7b_think jid=3477432 state=PENDING
[2026-09-06T04:50:11+08:00] WAIT olmo3_7b_think jid=3477433 state=PENDING
[2026-09-06T04:50:11+08:00] WAIT qwen3_4b_instruct jid=3477434 state=PENDING
[2026-09-06T04:50:11+08:00] WAIT qwen3_4b_instruct jid=3477435 state=PENDING
[2026-09-06T04:50:11+08:00] WAIT qwen3_4b_instruct jid=3477436 state=PENDING
[2026-09-06T04:50:11+08:00] WAIT qwen3_1.7b jid=3477606_0 state=PENDING
[2026-09-06T04:50:11+08:00] WAIT qwen3_1.7b jid=3477606_1 state=PENDING
[2026-09-06T04:50:11+08:00] WAIT qwen3_1.7b jid=3477606_2 state=PENDING
[2026-09-06T04:50:11+08:00] WAIT qwen3_1.7b jid=3477606_3 state=PENDING
[2026-09-06T04:50:11+08:00] WAIT qwen3_1.7b jid=3477606_4 state=PENDING
[2026-09-06T04:50:11+08:00] WAIT qwen3_1.7b jid=3477606_5 state=PENDING
[2026-09-06T04:50:11+08:00] WAIT qwen3_1.7b jid=3477606_6 state=PENDING
[2026-09-06T04:50:11+08:00] WAIT olmo3_7b_think jid=3477607_0 state=PENDING
[2026-09-06T04:50:11+08:00] WAIT olmo3_7b_think jid=3477607_1 state=PENDING
[2026-09-06T04:50:11+08:00] WAIT olmo3_7b_think jid=3477607_2 state=PENDING
[2026-09-06T04:50:11+08:00] WAIT olmo3_7b_think jid=3477607_3 state=PENDING
[2026-09-06T04:50:11+08:00] WAIT olmo3_7b_think jid=3477607_4 state=PENDING
[2026-09-06T04:50:11+08:00] WAIT olmo3_7b_think jid=3477607_5 state=PENDING
[2026-09-06T04:50:11+08:00] WAIT olmo3_7b_think jid=3477607_6 state=PENDING
[2026-09-06T04:50:11+08:00] WAIT qwen3_1.7b jid=3477608_0 state=PENDING
[2026-09-06T04:50:11+08:00] WAIT qwen3_1.7b jid=3477608_1 state=PENDING
[2026-09-06T04:50:11+08:00] WAIT qwen3_1.7b jid=3477608_2 state=PENDING
[2026-09-06T04:50:11+08:00] WAIT qwen3_1.7b jid=3477608_3 state=PENDING
[2026-09-06T04:50:11+08:00] WAIT qwen3_1.7b jid=3477608_4 state=PENDING
[2026-09-06T04:50:11+08:00] WAIT qwen3_1.7b jid=3477608_5 state=PENDING
[2026-09-06T04:50:11+08:00] WAIT qwen3_1.7b jid=3477608_6 state=PENDING
[2026-09-06T04:50:11+08:00] WAIT olmo3_7b_think jid=3477609_0 state=PENDING
[2026-09-06T04:50:11+08:00] WAIT olmo3_7b_think jid=3477609_1 state=PENDING
[2026-09-06T04:50:11+08:00] WAIT olmo3_7b_think jid=3477609_2 state=PENDING
[2026-09-06T04:50:11+08:00] WAIT olmo3_7b_think jid=3477609_3 state=PENDING
[2026-09-06T04:50:11+08:00] WAIT olmo3_7b_think jid=3477609_4 state=PENDING
[2026-09-06T04:50:11+08:00] WAIT olmo3_7b_think jid=3477609_5 state=PENDING
[2026-09-06T04:50:11+08:00] WAIT olmo3_7b_think jid=3477609_6 state=PENDING
[2026-09-06T04:50:11+08:00] progress done=0/37 pending=37 failed=0
[2026-09-06T04:52:11+08:00] WAIT qwen3_1.7b jid=3477428 state=PENDING
[2026-09-06T04:52:11+08:00] WAIT qwen3_1.7b jid=3477429 state=PENDING
[2026-09-06T04:52:11+08:00] WAIT qwen3_1.7b jid=3477430 state=PENDING
[2026-09-06T04:52:11+08:00] WAIT olmo3_7b_think jid=3477431 state=PENDING
[2026-09-06T04:52:11+08:00] WAIT olmo3_7b_think jid=3477432 state=PENDING
[2026-09-06T04:52:11+08:00] WAIT olmo3_7b_think jid=3477433 state=PENDING
[2026-09-06T04:52:11+08:00] WAIT qwen3_4b_instruct jid=3477434 state=PENDING
[2026-09-06T04:52:11+08:00] WAIT qwen3_4b_instruct jid=3477435 state=PENDING
[2026-09-06T04:52:11+08:00] WAIT qwen3_4b_instruct jid=3477436 state=PENDING
[2026-09-06T04:52:11+08:00] WAIT qwen3_1.7b jid=3477606_0 state=PENDING
[2026-09-06T04:52:11+08:00] WAIT qwen3_1.7b jid=3477606_1 state=PENDING
[2026-09-06T04:52:11+08:00] WAIT qwen3_1.7b jid=3477606_2 state=PENDING
[2026-09-06T04:52:11+08:00] WAIT qwen3_1.7b jid=3477606_3 state=PENDING
[2026-09-06T04:52:11+08:00] WAIT qwen3_1.7b jid=3477606_4 state=PENDING
[2026-09-06T04:52:11+08:00] WAIT qwen3_1.7b jid=3477606_5 state=PENDING
[2026-09-06T04:52:11+08:00] WAIT qwen3_1.7b jid=3477606_6 state=PENDING
[2026-09-06T04:52:11+08:00] WAIT olmo3_7b_think jid=3477607_0 state=PENDING
[2026-09-06T04:52:12+08:00] WAIT olmo3_7b_think jid=3477607_1 state=PENDING
[2026-09-06T04:52:12+08:00] WAIT olmo3_7b_think jid=3477607_2 state=PENDING
[2026-09-06T04:52:12+08:00] WAIT olmo3_7b_think jid=3477607_3 state=PENDING
[2026-09-06T04:52:12+08:00] WAIT olmo3_7b_think jid=3477607_4 state=PENDING
[2026-09-06T04:52:12+08:00] WAIT olmo3_7b_think jid=3477607_5 state=PENDING
[2026-09-06T04:52:12+08:00] WAIT olmo3_7b_think jid=3477607_6 state=PENDING
[2026-09-06T04:52:12+08:00] WAIT qwen3_1.7b jid=3477608_0 state=PENDING
[2026-09-06T04:52:12+08:00] WAIT qwen3_1.7b jid=3477608_1 state=PENDING
[2026-09-06T04:52:12+08:00] WAIT qwen3_1.7b jid=3477608_2 state=PENDING
[2026-09-06T04:52:12+08:00] WAIT qwen3_1.7b jid=3477608_3 state=PENDING
[2026-09-06T04:52:12+08:00] WAIT qwen3_1.7b jid=3477608_4 state=PENDING
[2026-09-06T04:52:12+08:00] WAIT qwen3_1.7b jid=3477608_5 state=PENDING
[2026-09-06T04:52:12+08:00] WAIT qwen3_1.7b jid=3477608_6 state=PENDING
[2026-09-06T04:52:12+08:00] WAIT olmo3_7b_think jid=3477609_0 state=PENDING
[2026-09-06T04:52:12+08:00] WAIT olmo3_7b_think jid=3477609_1 state=PENDING
[2026-09-06T04:52:12+08:00] WAIT olmo3_7b_think jid=3477609_2 state=PENDING
[2026-09-06T04:52:12+08:00] WAIT olmo3_7b_think jid=3477609_3 state=PENDING
[2026-09-06T04:52:12+08:00] WAIT olmo3_7b_think jid=3477609_4 state=PENDING
[2026-09-06T04:52:12+08:00] WAIT olmo3_7b_think jid=3477609_5 state=PENDING
[2026-09-06T04:52:12+08:00] WAIT olmo3_7b_think jid=3477609_6 state=PENDING
[2026-09-06T04:52:12+08:00] progress done=0/37 pending=37 failed=0
[2026-09-06T04:54:12+08:00] WAIT qwen3_1.7b jid=3477428 state=PENDING
[2026-09-06T04:54:12+08:00] WAIT qwen3_1.7b jid=3477429 state=PENDING
[2026-09-06T04:54:12+08:00] WAIT qwen3_1.7b jid=3477430 state=PENDING
[2026-09-06T04:54:12+08:00] WAIT olmo3_7b_think jid=3477431 state=PENDING
[2026-09-06T04:54:12+08:00] WAIT olmo3_7b_think jid=3477432 state=PENDING
[2026-09-06T04:54:12+08:00] WAIT olmo3_7b_think jid=3477433 state=PENDING
[2026-09-06T04:54:12+08:00] WAIT qwen3_4b_instruct jid=3477434 state=PENDING
[2026-09-06T04:54:12+08:00] WAIT qwen3_4b_instruct jid=3477435 state=PENDING
[2026-09-06T04:54:12+08:00] WAIT qwen3_4b_instruct jid=3477436 state=PENDING
[2026-09-06T04:54:12+08:00] WAIT qwen3_1.7b jid=3477606_0 state=PENDING
[2026-09-06T04:54:12+08:00] WAIT qwen3_1.7b jid=3477606_1 state=PENDING
[2026-09-06T04:54:12+08:00] WAIT qwen3_1.7b jid=3477606_2 state=PENDING
[2026-09-06T04:54:12+08:00] WAIT qwen3_1.7b jid=3477606_3 state=PENDING
[2026-09-06T04:54:12+08:00] WAIT qwen3_1.7b jid=3477606_4 state=PENDING
[2026-09-06T04:54:12+08:00] WAIT qwen3_1.7b jid=3477606_5 state=PENDING
[2026-09-06T04:54:12+08:00] WAIT qwen3_1.7b jid=3477606_6 state=PENDING
[2026-09-06T04:54:12+08:00] WAIT olmo3_7b_think jid=3477607_0 state=PENDING
[2026-09-06T04:54:12+08:00] WAIT olmo3_7b_think jid=3477607_1 state=PENDING
[2026-09-06T04:54:12+08:00] WAIT olmo3_7b_think jid=3477607_2 state=PENDING
[2026-09-06T04:54:12+08:00] WAIT olmo3_7b_think jid=3477607_3 state=PENDING
[2026-09-06T04:54:12+08:00] WAIT olmo3_7b_think jid=3477607_4 state=PENDING
[2026-09-06T04:54:12+08:00] WAIT olmo3_7b_think jid=3477607_5 state=PENDING
[2026-09-06T04:54:12+08:00] WAIT olmo3_7b_think jid=3477607_6 state=PENDING
[2026-09-06T04:54:12+08:00] WAIT qwen3_1.7b jid=3477608_0 state=PENDING
[2026-09-06T04:54:12+08:00] WAIT qwen3_1.7b jid=3477608_1 state=PENDING
[2026-09-06T04:54:12+08:00] WAIT qwen3_1.7b jid=3477608_2 state=PENDING
[2026-09-06T04:54:12+08:00] WAIT qwen3_1.7b jid=3477608_3 state=PENDING
[2026-09-06T04:54:12+08:00] WAIT qwen3_1.7b jid=3477608_4 state=PENDING
[2026-09-06T04:54:12+08:00] WAIT qwen3_1.7b jid=3477608_5 state=PENDING
[2026-09-06T04:54:12+08:00] WAIT qwen3_1.7b jid=3477608_6 state=PENDING
[2026-09-06T04:54:12+08:00] WAIT olmo3_7b_think jid=3477609_0 state=PENDING
[2026-09-06T04:54:12+08:00] WAIT olmo3_7b_think jid=3477609_1 state=PENDING
[2026-09-06T04:54:12+08:00] WAIT olmo3_7b_think jid=3477609_2 state=PENDING
[2026-09-06T04:54:12+08:00] WAIT olmo3_7b_think jid=3477609_3 state=PENDING
[2026-09-06T04:54:12+08:00] WAIT olmo3_7b_think jid=3477609_4 state=PENDING
[2026-09-06T04:54:12+08:00] WAIT olmo3_7b_think jid=3477609_5 state=PENDING
[2026-09-06T04:54:12+08:00] WAIT olmo3_7b_think jid=3477609_6 state=PENDING
[2026-09-06T04:54:12+08:00] progress done=0/37 pending=37 failed=0
[2026-09-06T04:56:12+08:00] WAIT qwen3_1.7b jid=3477428 state=PENDING
[2026-09-06T04:56:12+08:00] WAIT qwen3_1.7b jid=3477429 state=PENDING
[2026-09-06T04:56:12+08:00] WAIT qwen3_1.7b jid=3477430 state=PENDING
[2026-09-06T04:56:12+08:00] WAIT olmo3_7b_think jid=3477431 state=PENDING
[2026-09-06T04:56:12+08:00] WAIT olmo3_7b_think jid=3477432 state=PENDING
[2026-09-06T04:56:12+08:00] WAIT olmo3_7b_think jid=3477433 state=PENDING
[2026-09-06T04:56:12+08:00] WAIT qwen3_4b_instruct jid=3477434 state=PENDING
[2026-09-06T04:56:12+08:00] WAIT qwen3_4b_instruct jid=3477435 state=PENDING
[2026-09-06T04:56:12+08:00] WAIT qwen3_4b_instruct jid=3477436 state=PENDING
[2026-09-06T04:56:12+08:00] WAIT qwen3_1.7b jid=3477606_0 state=PENDING
[2026-09-06T04:56:12+08:00] WAIT qwen3_1.7b jid=3477606_1 state=PENDING
[2026-09-06T04:56:12+08:00] WAIT qwen3_1.7b jid=3477606_2 state=PENDING
[2026-09-06T04:56:12+08:00] WAIT qwen3_1.7b jid=3477606_3 state=PENDING
[2026-09-06T04:56:12+08:00] WAIT qwen3_1.7b jid=3477606_4 state=PENDING
[2026-09-06T04:56:12+08:00] WAIT qwen3_1.7b jid=3477606_5 state=PENDING
[2026-09-06T04:56:12+08:00] WAIT qwen3_1.7b jid=3477606_6 state=PENDING
[2026-09-06T04:56:12+08:00] WAIT olmo3_7b_think jid=3477607_0 state=PENDING
[2026-09-06T04:56:12+08:00] WAIT olmo3_7b_think jid=3477607_1 state=PENDING
[2026-09-06T04:56:12+08:00] WAIT olmo3_7b_think jid=3477607_2 state=PENDING
[2026-09-06T04:56:12+08:00] WAIT olmo3_7b_think jid=3477607_3 state=PENDING
[2026-09-06T04:56:12+08:00] WAIT olmo3_7b_think jid=3477607_4 state=PENDING
[2026-09-06T04:56:12+08:00] WAIT olmo3_7b_think jid=3477607_5 state=PENDING
[2026-09-06T04:56:12+08:00] WAIT olmo3_7b_think jid=3477607_6 state=PENDING
[2026-09-06T04:56:12+08:00] WAIT qwen3_1.7b jid=3477608_0 state=PENDING
[2026-09-06T04:56:12+08:00] WAIT qwen3_1.7b jid=3477608_1 state=PENDING
[2026-09-06T04:56:12+08:00] WAIT qwen3_1.7b jid=3477608_2 state=PENDING
[2026-09-06T04:56:12+08:00] WAIT qwen3_1.7b jid=3477608_3 state=PENDING
[2026-09-06T04:56:12+08:00] WAIT qwen3_1.7b jid=3477608_4 state=PENDING
[2026-09-06T04:56:12+08:00] WAIT qwen3_1.7b jid=3477608_5 state=PENDING
[2026-09-06T04:56:12+08:00] WAIT qwen3_1.7b jid=3477608_6 state=PENDING
[2026-09-06T04:56:12+08:00] WAIT olmo3_7b_think jid=3477609_0 state=PENDING
[2026-09-06T04:56:12+08:00] WAIT olmo3_7b_think jid=3477609_1 state=PENDING
[2026-09-06T04:56:12+08:00] WAIT olmo3_7b_think jid=3477609_2 state=PENDING
[2026-09-06T04:56:12+08:00] WAIT olmo3_7b_think jid=3477609_3 state=PENDING
[2026-09-06T04:56:12+08:00] WAIT olmo3_7b_think jid=3477609_4 state=PENDING
[2026-09-06T04:56:12+08:00] WAIT olmo3_7b_think jid=3477609_5 state=PENDING
[2026-09-06T04:56:12+08:00] WAIT olmo3_7b_think jid=3477609_6 state=PENDING
[2026-09-06T04:56:12+08:00] progress done=0/37 pending=37 failed=0
[2026-09-06T04:58:12+08:00] WAIT qwen3_1.7b jid=3477428 state=PENDING
[2026-09-06T04:58:12+08:00] WAIT qwen3_1.7b jid=3477429 state=PENDING
[2026-09-06T04:58:13+08:00] WAIT qwen3_1.7b jid=3477430 state=PENDING
[2026-09-06T04:58:13+08:00] WAIT olmo3_7b_think jid=3477431 state=PENDING
[2026-09-06T04:58:13+08:00] WAIT olmo3_7b_think jid=3477432 state=PENDING
[2026-09-06T04:58:13+08:00] WAIT olmo3_7b_think jid=3477433 state=PENDING
[2026-09-06T04:58:13+08:00] WAIT qwen3_4b_instruct jid=3477434 state=PENDING
[2026-09-06T04:58:13+08:00] WAIT qwen3_4b_instruct jid=3477435 state=PENDING
[2026-09-06T04:58:13+08:00] WAIT qwen3_4b_instruct jid=3477436 state=PENDING
[2026-09-06T04:58:13+08:00] WAIT qwen3_1.7b jid=3477606_0 state=PENDING
[2026-09-06T04:58:13+08:00] WAIT qwen3_1.7b jid=3477606_1 state=PENDING
[2026-09-06T04:58:13+08:00] WAIT qwen3_1.7b jid=3477606_2 state=PENDING
[2026-09-06T04:58:13+08:00] WAIT qwen3_1.7b jid=3477606_3 state=PENDING
[2026-09-06T04:58:13+08:00] WAIT qwen3_1.7b jid=3477606_4 state=PENDING
[2026-09-06T04:58:13+08:00] WAIT qwen3_1.7b jid=3477606_5 state=PENDING
[2026-09-06T04:58:13+08:00] WAIT qwen3_1.7b jid=3477606_6 state=PENDING
[2026-09-06T04:58:13+08:00] WAIT olmo3_7b_think jid=3477607_0 state=PENDING
[2026-09-06T04:58:13+08:00] WAIT olmo3_7b_think jid=3477607_1 state=PENDING
[2026-09-06T04:58:13+08:00] WAIT olmo3_7b_think jid=3477607_2 state=PENDING
[2026-09-06T04:58:13+08:00] WAIT olmo3_7b_think jid=3477607_3 state=PENDING
[2026-09-06T04:58:13+08:00] WAIT olmo3_7b_think jid=3477607_4 state=PENDING
[2026-09-06T04:58:13+08:00] WAIT olmo3_7b_think jid=3477607_5 state=PENDING
[2026-09-06T04:58:13+08:00] WAIT olmo3_7b_think jid=3477607_6 state=PENDING
[2026-09-06T04:58:13+08:00] WAIT qwen3_1.7b jid=3477608_0 state=PENDING
[2026-09-06T04:58:13+08:00] WAIT qwen3_1.7b jid=3477608_1 state=PENDING
[2026-09-06T04:58:13+08:00] WAIT qwen3_1.7b jid=3477608_2 state=PENDING
[2026-09-06T04:58:13+08:00] WAIT qwen3_1.7b jid=3477608_3 state=PENDING
[2026-09-06T04:58:13+08:00] WAIT qwen3_1.7b jid=3477608_4 state=PENDING
[2026-09-06T04:58:13+08:00] WAIT qwen3_1.7b jid=3477608_5 state=PENDING
[2026-09-06T04:58:13+08:00] WAIT qwen3_1.7b jid=3477608_6 state=PENDING
[2026-09-06T04:58:13+08:00] WAIT olmo3_7b_think jid=3477609_0 state=PENDING
[2026-09-06T04:58:13+08:00] WAIT olmo3_7b_think jid=3477609_1 state=PENDING
[2026-09-06T04:58:13+08:00] WAIT olmo3_7b_think jid=3477609_2 state=PENDING
[2026-09-06T04:58:13+08:00] WAIT olmo3_7b_think jid=3477609_3 state=PENDING
[2026-09-06T04:58:13+08:00] WAIT olmo3_7b_think jid=3477609_4 state=PENDING
[2026-09-06T04:58:13+08:00] WAIT olmo3_7b_think jid=3477609_5 state=PENDING
[2026-09-06T04:58:13+08:00] WAIT olmo3_7b_think jid=3477609_6 state=PENDING
[2026-09-06T04:58:13+08:00] progress done=0/37 pending=37 failed=0
[2026-09-06T05:00:13+08:00] WAIT qwen3_1.7b jid=3477428 state=PENDING
[2026-09-06T05:00:13+08:00] WAIT qwen3_1.7b jid=3477429 state=PENDING
[2026-09-06T05:00:13+08:00] WAIT qwen3_1.7b jid=3477430 state=PENDING
[2026-09-06T05:00:13+08:00] WAIT olmo3_7b_think jid=3477431 state=PENDING
[2026-09-06T05:00:13+08:00] WAIT olmo3_7b_think jid=3477432 state=PENDING
[2026-09-06T05:00:13+08:00] WAIT olmo3_7b_think jid=3477433 state=PENDING
[2026-09-06T05:00:13+08:00] WAIT qwen3_4b_instruct jid=3477434 state=PENDING
[2026-09-06T05:00:13+08:00] WAIT qwen3_4b_instruct jid=3477435 state=PENDING
[2026-09-06T05:00:13+08:00] WAIT qwen3_4b_instruct jid=3477436 state=PENDING
[2026-09-06T05:00:13+08:00] WAIT qwen3_1.7b jid=3477606_0 state=PENDING
[2026-09-06T05:00:13+08:00] WAIT qwen3_1.7b jid=3477606_1 state=PENDING
[2026-09-06T05:00:13+08:00] WAIT qwen3_1.7b jid=3477606_2 state=PENDING
[2026-09-06T05:00:13+08:00] WAIT qwen3_1.7b jid=3477606_3 state=PENDING
[2026-09-06T05:00:13+08:00] WAIT qwen3_1.7b jid=3477606_4 state=PENDING
[2026-09-06T05:00:13+08:00] WAIT qwen3_1.7b jid=3477606_5 state=PENDING
[2026-09-06T05:00:13+08:00] WAIT qwen3_1.7b jid=3477606_6 state=PENDING
[2026-09-06T05:00:13+08:00] WAIT olmo3_7b_think jid=3477607_0 state=PENDING
[2026-09-06T05:00:13+08:00] WAIT olmo3_7b_think jid=3477607_1 state=PENDING
[2026-09-06T05:00:13+08:00] WAIT olmo3_7b_think jid=3477607_2 state=PENDING
[2026-09-06T05:00:13+08:00] WAIT olmo3_7b_think jid=3477607_3 state=PENDING
[2026-09-06T05:00:13+08:00] WAIT olmo3_7b_think jid=3477607_4 state=PENDING
[2026-09-06T05:00:13+08:00] WAIT olmo3_7b_think jid=3477607_5 state=PENDING
[2026-09-06T05:00:13+08:00] WAIT olmo3_7b_think jid=3477607_6 state=PENDING
[2026-09-06T05:00:13+08:00] WAIT qwen3_1.7b jid=3477608_0 state=PENDING
[2026-09-06T05:00:13+08:00] WAIT qwen3_1.7b jid=3477608_1 state=PENDING
[2026-09-06T05:00:13+08:00] WAIT qwen3_1.7b jid=3477608_2 state=PENDING
[2026-09-06T05:00:13+08:00] WAIT qwen3_1.7b jid=3477608_3 state=PENDING
[2026-09-06T05:00:13+08:00] WAIT qwen3_1.7b jid=3477608_4 state=PENDING
[2026-09-06T05:00:13+08:00] WAIT qwen3_1.7b jid=3477608_5 state=PENDING
[2026-09-06T05:00:13+08:00] WAIT qwen3_1.7b jid=3477608_6 state=PENDING
[2026-09-06T05:00:13+08:00] WAIT olmo3_7b_think jid=3477609_0 state=PENDING
[2026-09-06T05:00:13+08:00] WAIT olmo3_7b_think jid=3477609_1 state=PENDING
[2026-09-06T05:00:13+08:00] WAIT olmo3_7b_think jid=3477609_2 state=PENDING
[2026-09-06T05:00:13+08:00] WAIT olmo3_7b_think jid=3477609_3 state=PENDING
[2026-09-06T05:00:13+08:00] WAIT olmo3_7b_think jid=3477609_4 state=PENDING
[2026-09-06T05:00:13+08:00] WAIT olmo3_7b_think jid=3477609_5 state=PENDING
[2026-09-06T05:00:13+08:00] WAIT olmo3_7b_think jid=3477609_6 state=PENDING
[2026-09-06T05:00:13+08:00] progress done=0/37 pending=37 failed=0
[2026-09-06T05:02:13+08:00] WAIT qwen3_1.7b jid=3477428 state=PENDING
[2026-09-06T05:02:13+08:00] WAIT qwen3_1.7b jid=3477429 state=PENDING
[2026-09-06T05:02:13+08:00] WAIT qwen3_1.7b jid=3477430 state=PENDING
[2026-09-06T05:02:13+08:00] WAIT olmo3_7b_think jid=3477431 state=PENDING
[2026-09-06T05:02:13+08:00] WAIT olmo3_7b_think jid=3477432 state=PENDING
[2026-09-06T05:02:13+08:00] WAIT olmo3_7b_think jid=3477433 state=PENDING
[2026-09-06T05:02:13+08:00] WAIT qwen3_4b_instruct jid=3477434 state=PENDING
[2026-09-06T05:02:13+08:00] WAIT qwen3_4b_instruct jid=3477435 state=PENDING
[2026-09-06T05:02:13+08:00] WAIT qwen3_4b_instruct jid=3477436 state=PENDING
[2026-09-06T05:02:13+08:00] WAIT qwen3_1.7b jid=3477606_0 state=PENDING
[2026-09-06T05:02:13+08:00] WAIT qwen3_1.7b jid=3477606_1 state=PENDING
[2026-09-06T05:02:13+08:00] WAIT qwen3_1.7b jid=3477606_2 state=PENDING
[2026-09-06T05:02:13+08:00] WAIT qwen3_1.7b jid=3477606_3 state=PENDING
[2026-09-06T05:02:13+08:00] WAIT qwen3_1.7b jid=3477606_4 state=PENDING
[2026-09-06T05:02:13+08:00] WAIT qwen3_1.7b jid=3477606_5 state=PENDING
[2026-09-06T05:02:13+08:00] WAIT qwen3_1.7b jid=3477606_6 state=PENDING
[2026-09-06T05:02:13+08:00] WAIT olmo3_7b_think jid=3477607_0 state=PENDING
[2026-09-06T05:02:13+08:00] WAIT olmo3_7b_think jid=3477607_1 state=PENDING
[2026-09-06T05:02:13+08:00] WAIT olmo3_7b_think jid=3477607_2 state=PENDING
[2026-09-06T05:02:13+08:00] WAIT olmo3_7b_think jid=3477607_3 state=PENDING
[2026-09-06T05:02:13+08:00] WAIT olmo3_7b_think jid=3477607_4 state=PENDING
[2026-09-06T05:02:13+08:00] WAIT olmo3_7b_think jid=3477607_5 state=PENDING
[2026-09-06T05:02:13+08:00] WAIT olmo3_7b_think jid=3477607_6 state=PENDING
[2026-09-06T05:02:14+08:00] WAIT qwen3_1.7b jid=3477608_0 state=PENDING
[2026-09-06T05:02:14+08:00] WAIT qwen3_1.7b jid=3477608_1 state=PENDING
[2026-09-06T05:02:14+08:00] WAIT qwen3_1.7b jid=3477608_2 state=PENDING
[2026-09-06T05:02:14+08:00] WAIT qwen3_1.7b jid=3477608_3 state=PENDING
[2026-09-06T05:02:14+08:00] WAIT qwen3_1.7b jid=3477608_4 state=PENDING
[2026-09-06T05:02:14+08:00] WAIT qwen3_1.7b jid=3477608_5 state=PENDING
[2026-09-06T05:02:14+08:00] WAIT qwen3_1.7b jid=3477608_6 state=PENDING
[2026-09-06T05:02:14+08:00] WAIT olmo3_7b_think jid=3477609_0 state=PENDING
[2026-09-06T05:02:14+08:00] WAIT olmo3_7b_think jid=3477609_1 state=PENDING
[2026-09-06T05:02:14+08:00] WAIT olmo3_7b_think jid=3477609_2 state=PENDING
[2026-09-06T05:02:14+08:00] WAIT olmo3_7b_think jid=3477609_3 state=PENDING
[2026-09-06T05:02:14+08:00] WAIT olmo3_7b_think jid=3477609_4 state=PENDING
[2026-09-06T05:02:14+08:00] WAIT olmo3_7b_think jid=3477609_5 state=PENDING
[2026-09-06T05:02:14+08:00] WAIT olmo3_7b_think jid=3477609_6 state=PENDING
[2026-09-06T05:02:14+08:00] progress done=0/37 pending=37 failed=0
[2026-09-06T05:04:14+08:00] WAIT qwen3_1.7b jid=3477428 state=PENDING
[2026-09-06T05:04:14+08:00] WAIT qwen3_1.7b jid=3477429 state=PENDING
[2026-09-06T05:04:14+08:00] WAIT qwen3_1.7b jid=3477430 state=PENDING
[2026-09-06T05:04:14+08:00] WAIT olmo3_7b_think jid=3477431 state=PENDING
[2026-09-06T05:04:14+08:00] WAIT olmo3_7b_think jid=3477432 state=PENDING
[2026-09-06T05:04:14+08:00] WAIT olmo3_7b_think jid=3477433 state=PENDING
[2026-09-06T05:04:14+08:00] WAIT qwen3_4b_instruct jid=3477434 state=PENDING
[2026-09-06T05:04:14+08:00] WAIT qwen3_4b_instruct jid=3477435 state=PENDING
[2026-09-06T05:04:14+08:00] WAIT qwen3_4b_instruct jid=3477436 state=PENDING
[2026-09-06T05:04:14+08:00] WAIT qwen3_1.7b jid=3477606_0 state=PENDING
[2026-09-06T05:04:14+08:00] WAIT qwen3_1.7b jid=3477606_1 state=PENDING
[2026-09-06T05:04:14+08:00] WAIT qwen3_1.7b jid=3477606_2 state=PENDING
[2026-09-06T05:04:14+08:00] WAIT qwen3_1.7b jid=3477606_3 state=PENDING
[2026-09-06T05:04:14+08:00] WAIT qwen3_1.7b jid=3477606_4 state=PENDING
[2026-09-06T05:04:14+08:00] WAIT qwen3_1.7b jid=3477606_5 state=PENDING
[2026-09-06T05:04:14+08:00] WAIT qwen3_1.7b jid=3477606_6 state=PENDING
[2026-09-06T05:04:14+08:00] WAIT olmo3_7b_think jid=3477607_0 state=PENDING
[2026-09-06T05:04:14+08:00] WAIT olmo3_7b_think jid=3477607_1 state=PENDING
[2026-09-06T05:04:14+08:00] WAIT olmo3_7b_think jid=3477607_2 state=PENDING
[2026-09-06T05:04:14+08:00] WAIT olmo3_7b_think jid=3477607_3 state=PENDING
[2026-09-06T05:04:14+08:00] WAIT olmo3_7b_think jid=3477607_4 state=PENDING
[2026-09-06T05:04:14+08:00] WAIT olmo3_7b_think jid=3477607_5 state=PENDING
[2026-09-06T05:04:14+08:00] WAIT olmo3_7b_think jid=3477607_6 state=PENDING
[2026-09-06T05:04:14+08:00] WAIT qwen3_1.7b jid=3477608_0 state=PENDING
[2026-09-06T05:04:14+08:00] WAIT qwen3_1.7b jid=3477608_1 state=PENDING
[2026-09-06T05:04:14+08:00] WAIT qwen3_1.7b jid=3477608_2 state=PENDING
[2026-09-06T05:04:14+08:00] WAIT qwen3_1.7b jid=3477608_3 state=PENDING
[2026-09-06T05:04:14+08:00] WAIT qwen3_1.7b jid=3477608_4 state=PENDING
[2026-09-06T05:04:14+08:00] WAIT qwen3_1.7b jid=3477608_5 state=PENDING
[2026-09-06T05:04:14+08:00] WAIT qwen3_1.7b jid=3477608_6 state=PENDING
[2026-09-06T05:04:14+08:00] WAIT olmo3_7b_think jid=3477609_0 state=PENDING
[2026-09-06T05:04:14+08:00] WAIT olmo3_7b_think jid=3477609_1 state=PENDING
[2026-09-06T05:04:14+08:00] WAIT olmo3_7b_think jid=3477609_2 state=PENDING
[2026-09-06T05:04:14+08:00] WAIT olmo3_7b_think jid=3477609_3 state=PENDING
[2026-09-06T05:04:14+08:00] WAIT olmo3_7b_think jid=3477609_4 state=PENDING
[2026-09-06T05:04:14+08:00] WAIT olmo3_7b_think jid=3477609_5 state=PENDING
[2026-09-06T05:04:14+08:00] WAIT olmo3_7b_think jid=3477609_6 state=PENDING
[2026-09-06T05:04:14+08:00] progress done=0/37 pending=37 failed=0
[2026-09-06T05:06:14+08:00] WAIT qwen3_1.7b jid=3477428 state=PENDING
[2026-09-06T05:06:14+08:00] WAIT qwen3_1.7b jid=3477429 state=PENDING
[2026-09-06T05:06:14+08:00] WAIT qwen3_1.7b jid=3477430 state=PENDING
[2026-09-06T05:06:14+08:00] WAIT olmo3_7b_think jid=3477431 state=PENDING
[2026-09-06T05:06:14+08:00] WAIT olmo3_7b_think jid=3477432 state=PENDING
[2026-09-06T05:06:14+08:00] WAIT olmo3_7b_think jid=3477433 state=PENDING
[2026-09-06T05:06:14+08:00] WAIT qwen3_4b_instruct jid=3477434 state=PENDING
[2026-09-06T05:06:14+08:00] WAIT qwen3_4b_instruct jid=3477435 state=PENDING
[2026-09-06T05:06:14+08:00] WAIT qwen3_4b_instruct jid=3477436 state=PENDING
[2026-09-06T05:06:14+08:00] WAIT qwen3_1.7b jid=3477606_0 state=PENDING
[2026-09-06T05:06:14+08:00] WAIT qwen3_1.7b jid=3477606_1 state=PENDING
[2026-09-06T05:06:14+08:00] WAIT qwen3_1.7b jid=3477606_2 state=PENDING
[2026-09-06T05:06:14+08:00] WAIT qwen3_1.7b jid=3477606_3 state=PENDING
[2026-09-06T05:06:14+08:00] WAIT qwen3_1.7b jid=3477606_4 state=PENDING
[2026-09-06T05:06:14+08:00] WAIT qwen3_1.7b jid=3477606_5 state=PENDING
[2026-09-06T05:06:14+08:00] WAIT qwen3_1.7b jid=3477606_6 state=PENDING
[2026-09-06T05:06:14+08:00] WAIT olmo3_7b_think jid=3477607_0 state=PENDING
[2026-09-06T05:06:14+08:00] WAIT olmo3_7b_think jid=3477607_1 state=PENDING
[2026-09-06T05:06:14+08:00] WAIT olmo3_7b_think jid=3477607_2 state=PENDING
[2026-09-06T05:06:14+08:00] WAIT olmo3_7b_think jid=3477607_3 state=PENDING
[2026-09-06T05:06:14+08:00] WAIT olmo3_7b_think jid=3477607_4 state=PENDING
[2026-09-06T05:06:14+08:00] WAIT olmo3_7b_think jid=3477607_5 state=PENDING
[2026-09-06T05:06:14+08:00] WAIT olmo3_7b_think jid=3477607_6 state=PENDING
[2026-09-06T05:06:14+08:00] WAIT qwen3_1.7b jid=3477608_0 state=PENDING
[2026-09-06T05:06:14+08:00] WAIT qwen3_1.7b jid=3477608_1 state=PENDING
[2026-09-06T05:06:14+08:00] WAIT qwen3_1.7b jid=3477608_2 state=PENDING
[2026-09-06T05:06:14+08:00] WAIT qwen3_1.7b jid=3477608_3 state=PENDING
[2026-09-06T05:06:14+08:00] WAIT qwen3_1.7b jid=3477608_4 state=PENDING
[2026-09-06T05:06:14+08:00] WAIT qwen3_1.7b jid=3477608_5 state=PENDING
[2026-09-06T05:06:14+08:00] WAIT qwen3_1.7b jid=3477608_6 state=PENDING
[2026-09-06T05:06:14+08:00] WAIT olmo3_7b_think jid=3477609_0 state=PENDING
[2026-09-06T05:06:14+08:00] WAIT olmo3_7b_think jid=3477609_1 state=PENDING
[2026-09-06T05:06:14+08:00] WAIT olmo3_7b_think jid=3477609_2 state=PENDING
[2026-09-06T05:06:14+08:00] WAIT olmo3_7b_think jid=3477609_3 state=PENDING
[2026-09-06T05:06:14+08:00] WAIT olmo3_7b_think jid=3477609_4 state=PENDING
[2026-09-06T05:06:14+08:00] WAIT olmo3_7b_think jid=3477609_5 state=PENDING
[2026-09-06T05:06:14+08:00] WAIT olmo3_7b_think jid=3477609_6 state=PENDING
[2026-09-06T05:06:14+08:00] progress done=0/37 pending=37 failed=0
[2026-09-06T05:08:14+08:00] WAIT qwen3_1.7b jid=3477428 state=PENDING
[2026-09-06T05:08:14+08:00] WAIT qwen3_1.7b jid=3477429 state=PENDING
[2026-09-06T05:08:14+08:00] WAIT qwen3_1.7b jid=3477430 state=PENDING
[2026-09-06T05:08:14+08:00] WAIT olmo3_7b_think jid=3477431 state=PENDING
[2026-09-06T05:08:14+08:00] WAIT olmo3_7b_think jid=3477432 state=PENDING
[2026-09-06T05:08:14+08:00] WAIT olmo3_7b_think jid=3477433 state=PENDING
[2026-09-06T05:08:14+08:00] WAIT qwen3_4b_instruct jid=3477434 state=PENDING
[2026-09-06T05:08:15+08:00] WAIT qwen3_4b_instruct jid=3477435 state=PENDING
[2026-09-06T05:08:15+08:00] WAIT qwen3_4b_instruct jid=3477436 state=PENDING
[2026-09-06T05:08:15+08:00] WAIT qwen3_1.7b jid=3477606_0 state=PENDING
[2026-09-06T05:08:15+08:00] WAIT qwen3_1.7b jid=3477606_1 state=PENDING
[2026-09-06T05:08:15+08:00] WAIT qwen3_1.7b jid=3477606_2 state=PENDING
[2026-09-06T05:08:15+08:00] WAIT qwen3_1.7b jid=3477606_3 state=PENDING
[2026-09-06T05:08:15+08:00] WAIT qwen3_1.7b jid=3477606_4 state=PENDING
[2026-09-06T05:08:15+08:00] WAIT qwen3_1.7b jid=3477606_5 state=PENDING
[2026-09-06T05:08:15+08:00] WAIT qwen3_1.7b jid=3477606_6 state=PENDING
[2026-09-06T05:08:15+08:00] WAIT olmo3_7b_think jid=3477607_0 state=PENDING
[2026-09-06T05:08:15+08:00] WAIT olmo3_7b_think jid=3477607_1 state=PENDING
[2026-09-06T05:08:15+08:00] WAIT olmo3_7b_think jid=3477607_2 state=PENDING
[2026-09-06T05:08:15+08:00] WAIT olmo3_7b_think jid=3477607_3 state=PENDING
[2026-09-06T05:08:15+08:00] WAIT olmo3_7b_think jid=3477607_4 state=PENDING
[2026-09-06T05:08:15+08:00] WAIT olmo3_7b_think jid=3477607_5 state=PENDING
[2026-09-06T05:08:15+08:00] WAIT olmo3_7b_think jid=3477607_6 state=PENDING
[2026-09-06T05:08:15+08:00] WAIT qwen3_1.7b jid=3477608_0 state=PENDING
[2026-09-06T05:08:15+08:00] WAIT qwen3_1.7b jid=3477608_1 state=PENDING
[2026-09-06T05:08:15+08:00] WAIT qwen3_1.7b jid=3477608_2 state=PENDING
[2026-09-06T05:08:15+08:00] WAIT qwen3_1.7b jid=3477608_3 state=PENDING
[2026-09-06T05:08:15+08:00] WAIT qwen3_1.7b jid=3477608_4 state=PENDING
[2026-09-06T05:08:15+08:00] WAIT qwen3_1.7b jid=3477608_5 state=PENDING
[2026-09-06T05:08:15+08:00] WAIT qwen3_1.7b jid=3477608_6 state=PENDING
[2026-09-06T05:08:15+08:00] WAIT olmo3_7b_think jid=3477609_0 state=PENDING
[2026-09-06T05:08:15+08:00] WAIT olmo3_7b_think jid=3477609_1 state=PENDING
[2026-09-06T05:08:15+08:00] WAIT olmo3_7b_think jid=3477609_2 state=PENDING
[2026-09-06T05:08:15+08:00] WAIT olmo3_7b_think jid=3477609_3 state=PENDING
[2026-09-06T05:08:15+08:00] WAIT olmo3_7b_think jid=3477609_4 state=PENDING
[2026-09-06T05:08:15+08:00] WAIT olmo3_7b_think jid=3477609_5 state=PENDING
[2026-09-06T05:08:15+08:00] WAIT olmo3_7b_think jid=3477609_6 state=PENDING
[2026-09-06T05:08:15+08:00] progress done=0/37 pending=37 failed=0
[2026-09-06T05:10:15+08:00] WAIT qwen3_1.7b jid=3477428 state=PENDING
[2026-09-06T05:10:15+08:00] WAIT qwen3_1.7b jid=3477429 state=PENDING
[2026-09-06T05:10:15+08:00] WAIT qwen3_1.7b jid=3477430 state=PENDING
[2026-09-06T05:10:15+08:00] WAIT olmo3_7b_think jid=3477431 state=PENDING
[2026-09-06T05:10:15+08:00] WAIT olmo3_7b_think jid=3477432 state=PENDING
[2026-09-06T05:10:15+08:00] WAIT olmo3_7b_think jid=3477433 state=PENDING
[2026-09-06T05:10:15+08:00] WAIT qwen3_4b_instruct jid=3477434 state=PENDING
[2026-09-06T05:10:15+08:00] WAIT qwen3_4b_instruct jid=3477435 state=PENDING
[2026-09-06T05:10:15+08:00] WAIT qwen3_4b_instruct jid=3477436 state=PENDING
[2026-09-06T05:10:15+08:00] WAIT qwen3_1.7b jid=3477606_0 state=PENDING
[2026-09-06T05:10:15+08:00] WAIT qwen3_1.7b jid=3477606_1 state=PENDING
[2026-09-06T05:10:15+08:00] WAIT qwen3_1.7b jid=3477606_2 state=PENDING
[2026-09-06T05:10:15+08:00] WAIT qwen3_1.7b jid=3477606_3 state=PENDING
[2026-09-06T05:10:15+08:00] WAIT qwen3_1.7b jid=3477606_4 state=PENDING
[2026-09-06T05:10:15+08:00] WAIT qwen3_1.7b jid=3477606_5 state=PENDING
[2026-09-06T05:10:15+08:00] WAIT qwen3_1.7b jid=3477606_6 state=PENDING
[2026-09-06T05:10:15+08:00] WAIT olmo3_7b_think jid=3477607_0 state=PENDING
[2026-09-06T05:10:15+08:00] WAIT olmo3_7b_think jid=3477607_1 state=PENDING
[2026-09-06T05:10:15+08:00] WAIT olmo3_7b_think jid=3477607_2 state=PENDING
[2026-09-06T05:10:15+08:00] WAIT olmo3_7b_think jid=3477607_3 state=PENDING
[2026-09-06T05:10:15+08:00] WAIT olmo3_7b_think jid=3477607_4 state=PENDING
[2026-09-06T05:10:15+08:00] WAIT olmo3_7b_think jid=3477607_5 state=PENDING
[2026-09-06T05:10:15+08:00] WAIT olmo3_7b_think jid=3477607_6 state=PENDING
[2026-09-06T05:10:15+08:00] WAIT qwen3_1.7b jid=3477608_0 state=PENDING
[2026-09-06T05:10:15+08:00] WAIT qwen3_1.7b jid=3477608_1 state=PENDING
[2026-09-06T05:10:15+08:00] WAIT qwen3_1.7b jid=3477608_2 state=PENDING
[2026-09-06T05:10:15+08:00] WAIT qwen3_1.7b jid=3477608_3 state=PENDING
[2026-09-06T05:10:15+08:00] WAIT qwen3_1.7b jid=3477608_4 state=PENDING
[2026-09-06T05:10:15+08:00] WAIT qwen3_1.7b jid=3477608_5 state=PENDING
[2026-09-06T05:10:15+08:00] WAIT qwen3_1.7b jid=3477608_6 state=PENDING
[2026-09-06T05:10:15+08:00] WAIT olmo3_7b_think jid=3477609_0 state=PENDING
[2026-09-06T05:10:15+08:00] WAIT olmo3_7b_think jid=3477609_1 state=PENDING
[2026-09-06T05:10:15+08:00] WAIT olmo3_7b_think jid=3477609_2 state=PENDING
[2026-09-06T05:10:15+08:00] WAIT olmo3_7b_think jid=3477609_3 state=PENDING
[2026-09-06T05:10:15+08:00] WAIT olmo3_7b_think jid=3477609_4 state=PENDING
[2026-09-06T05:10:15+08:00] WAIT olmo3_7b_think jid=3477609_5 state=PENDING
[2026-09-06T05:10:15+08:00] WAIT olmo3_7b_think jid=3477609_6 state=PENDING
[2026-09-06T05:10:15+08:00] progress done=0/37 pending=37 failed=0
[2026-09-06T05:12:15+08:00] WAIT qwen3_1.7b jid=3477428 state=PENDING
[2026-09-06T05:12:15+08:00] WAIT qwen3_1.7b jid=3477429 state=PENDING
[2026-09-06T05:12:15+08:00] WAIT qwen3_1.7b jid=3477430 state=PENDING
[2026-09-06T05:12:15+08:00] WAIT olmo3_7b_think jid=3477431 state=PENDING
[2026-09-06T05:12:15+08:00] WAIT olmo3_7b_think jid=3477432 state=PENDING
[2026-09-06T05:12:15+08:00] WAIT olmo3_7b_think jid=3477433 state=PENDING
[2026-09-06T05:12:15+08:00] WAIT qwen3_4b_instruct jid=3477434 state=PENDING
[2026-09-06T05:12:15+08:00] WAIT qwen3_4b_instruct jid=3477435 state=PENDING
[2026-09-06T05:12:15+08:00] WAIT qwen3_4b_instruct jid=3477436 state=PENDING
[2026-09-06T05:12:15+08:00] WAIT qwen3_1.7b jid=3477606_0 state=PENDING
[2026-09-06T05:12:15+08:00] WAIT qwen3_1.7b jid=3477606_1 state=PENDING
[2026-09-06T05:12:15+08:00] WAIT qwen3_1.7b jid=3477606_2 state=PENDING
[2026-09-06T05:12:15+08:00] WAIT qwen3_1.7b jid=3477606_3 state=PENDING
[2026-09-06T05:12:15+08:00] WAIT qwen3_1.7b jid=3477606_4 state=PENDING
[2026-09-06T05:12:15+08:00] WAIT qwen3_1.7b jid=3477606_5 state=PENDING
[2026-09-06T05:12:15+08:00] WAIT qwen3_1.7b jid=3477606_6 state=PENDING
[2026-09-06T05:12:15+08:00] WAIT olmo3_7b_think jid=3477607_0 state=PENDING
[2026-09-06T05:12:15+08:00] WAIT olmo3_7b_think jid=3477607_1 state=PENDING
[2026-09-06T05:12:15+08:00] WAIT olmo3_7b_think jid=3477607_2 state=PENDING
[2026-09-06T05:12:15+08:00] WAIT olmo3_7b_think jid=3477607_3 state=PENDING
[2026-09-06T05:12:15+08:00] WAIT olmo3_7b_think jid=3477607_4 state=PENDING
[2026-09-06T05:12:15+08:00] WAIT olmo3_7b_think jid=3477607_5 state=PENDING
[2026-09-06T05:12:15+08:00] WAIT olmo3_7b_think jid=3477607_6 state=PENDING
[2026-09-06T05:12:15+08:00] WAIT qwen3_1.7b jid=3477608_0 state=PENDING
[2026-09-06T05:12:15+08:00] WAIT qwen3_1.7b jid=3477608_1 state=PENDING
[2026-09-06T05:12:15+08:00] WAIT qwen3_1.7b jid=3477608_2 state=PENDING
[2026-09-06T05:12:15+08:00] WAIT qwen3_1.7b jid=3477608_3 state=PENDING
[2026-09-06T05:12:15+08:00] WAIT qwen3_1.7b jid=3477608_4 state=PENDING
[2026-09-06T05:12:15+08:00] WAIT qwen3_1.7b jid=3477608_5 state=PENDING
[2026-09-06T05:12:15+08:00] WAIT qwen3_1.7b jid=3477608_6 state=PENDING
[2026-09-06T05:12:15+08:00] WAIT olmo3_7b_think jid=3477609_0 state=PENDING
[2026-09-06T05:12:16+08:00] WAIT olmo3_7b_think jid=3477609_1 state=PENDING
[2026-09-06T05:12:16+08:00] WAIT olmo3_7b_think jid=3477609_2 state=PENDING
[2026-09-06T05:12:16+08:00] WAIT olmo3_7b_think jid=3477609_3 state=PENDING
[2026-09-06T05:12:16+08:00] WAIT olmo3_7b_think jid=3477609_4 state=PENDING
[2026-09-06T05:12:16+08:00] WAIT olmo3_7b_think jid=3477609_5 state=PENDING
[2026-09-06T05:12:16+08:00] WAIT olmo3_7b_think jid=3477609_6 state=PENDING
[2026-09-06T05:12:16+08:00] progress done=0/37 pending=37 failed=0
[2026-09-06T05:14:16+08:00] WAIT qwen3_1.7b jid=3477428 state=PENDING
[2026-09-06T05:14:16+08:00] WAIT qwen3_1.7b jid=3477429 state=PENDING
[2026-09-06T05:14:16+08:00] WAIT qwen3_1.7b jid=3477430 state=PENDING
[2026-09-06T05:14:16+08:00] WAIT olmo3_7b_think jid=3477431 state=PENDING
[2026-09-06T05:14:16+08:00] WAIT olmo3_7b_think jid=3477432 state=PENDING
[2026-09-06T05:14:16+08:00] WAIT olmo3_7b_think jid=3477433 state=PENDING
[2026-09-06T05:14:16+08:00] WAIT qwen3_4b_instruct jid=3477434 state=PENDING
[2026-09-06T05:14:16+08:00] WAIT qwen3_4b_instruct jid=3477435 state=PENDING
[2026-09-06T05:14:16+08:00] WAIT qwen3_4b_instruct jid=3477436 state=PENDING
[2026-09-06T05:14:16+08:00] WAIT qwen3_1.7b jid=3477606_0 state=PENDING
[2026-09-06T05:14:16+08:00] WAIT qwen3_1.7b jid=3477606_1 state=PENDING
[2026-09-06T05:14:16+08:00] WAIT qwen3_1.7b jid=3477606_2 state=PENDING
[2026-09-06T05:14:16+08:00] WAIT qwen3_1.7b jid=3477606_3 state=PENDING
[2026-09-06T05:14:16+08:00] WAIT qwen3_1.7b jid=3477606_4 state=PENDING
[2026-09-06T05:14:16+08:00] WAIT qwen3_1.7b jid=3477606_5 state=PENDING
[2026-09-06T05:14:16+08:00] WAIT qwen3_1.7b jid=3477606_6 state=PENDING
[2026-09-06T05:14:16+08:00] WAIT olmo3_7b_think jid=3477607_0 state=PENDING
[2026-09-06T05:14:16+08:00] WAIT olmo3_7b_think jid=3477607_1 state=PENDING
[2026-09-06T05:14:16+08:00] WAIT olmo3_7b_think jid=3477607_2 state=PENDING
[2026-09-06T05:14:16+08:00] WAIT olmo3_7b_think jid=3477607_3 state=PENDING
[2026-09-06T05:14:16+08:00] WAIT olmo3_7b_think jid=3477607_4 state=PENDING
[2026-09-06T05:14:16+08:00] WAIT olmo3_7b_think jid=3477607_5 state=PENDING
[2026-09-06T05:14:16+08:00] WAIT olmo3_7b_think jid=3477607_6 state=PENDING
[2026-09-06T05:14:16+08:00] WAIT qwen3_1.7b jid=3477608_0 state=PENDING
[2026-09-06T05:14:16+08:00] WAIT qwen3_1.7b jid=3477608_1 state=PENDING
[2026-09-06T05:14:16+08:00] WAIT qwen3_1.7b jid=3477608_2 state=PENDING
[2026-09-06T05:14:16+08:00] WAIT qwen3_1.7b jid=3477608_3 state=PENDING
[2026-09-06T05:14:16+08:00] WAIT qwen3_1.7b jid=3477608_4 state=PENDING
[2026-09-06T05:14:16+08:00] WAIT qwen3_1.7b jid=3477608_5 state=PENDING
[2026-09-06T05:14:16+08:00] WAIT qwen3_1.7b jid=3477608_6 state=PENDING
[2026-09-06T05:14:16+08:00] WAIT olmo3_7b_think jid=3477609_0 state=PENDING
[2026-09-06T05:14:16+08:00] WAIT olmo3_7b_think jid=3477609_1 state=PENDING
[2026-09-06T05:14:16+08:00] WAIT olmo3_7b_think jid=3477609_2 state=PENDING
[2026-09-06T05:14:16+08:00] WAIT olmo3_7b_think jid=3477609_3 state=PENDING
[2026-09-06T05:14:16+08:00] WAIT olmo3_7b_think jid=3477609_4 state=PENDING
[2026-09-06T05:14:16+08:00] WAIT olmo3_7b_think jid=3477609_5 state=PENDING
[2026-09-06T05:14:16+08:00] WAIT olmo3_7b_think jid=3477609_6 state=PENDING
[2026-09-06T05:14:16+08:00] progress done=0/37 pending=37 failed=0
[2026-09-06T05:16:16+08:00] WAIT qwen3_1.7b jid=3477428 state=PENDING
[2026-09-06T05:16:16+08:00] WAIT qwen3_1.7b jid=3477429 state=PENDING
[2026-09-06T05:16:16+08:00] WAIT qwen3_1.7b jid=3477430 state=PENDING
[2026-09-06T05:16:16+08:00] WAIT olmo3_7b_think jid=3477431 state=PENDING
[2026-09-06T05:16:16+08:00] WAIT olmo3_7b_think jid=3477432 state=PENDING
[2026-09-06T05:16:16+08:00] WAIT olmo3_7b_think jid=3477433 state=PENDING
[2026-09-06T05:16:16+08:00] WAIT qwen3_4b_instruct jid=3477434 state=PENDING
[2026-09-06T05:16:16+08:00] WAIT qwen3_4b_instruct jid=3477435 state=PENDING
[2026-09-06T05:16:16+08:00] WAIT qwen3_4b_instruct jid=3477436 state=PENDING
[2026-09-06T05:16:16+08:00] WAIT qwen3_1.7b jid=3477606_0 state=PENDING
[2026-09-06T05:16:16+08:00] WAIT qwen3_1.7b jid=3477606_1 state=PENDING
[2026-09-06T05:16:16+08:00] WAIT qwen3_1.7b jid=3477606_2 state=PENDING
[2026-09-06T05:16:16+08:00] WAIT qwen3_1.7b jid=3477606_3 state=PENDING
[2026-09-06T05:16:16+08:00] WAIT qwen3_1.7b jid=3477606_4 state=PENDING
[2026-09-06T05:16:16+08:00] WAIT qwen3_1.7b jid=3477606_5 state=PENDING
[2026-09-06T05:16:16+08:00] WAIT qwen3_1.7b jid=3477606_6 state=PENDING
[2026-09-06T05:16:16+08:00] WAIT olmo3_7b_think jid=3477607_0 state=PENDING
[2026-09-06T05:16:16+08:00] WAIT olmo3_7b_think jid=3477607_1 state=PENDING
[2026-09-06T05:16:16+08:00] WAIT olmo3_7b_think jid=3477607_2 state=PENDING
[2026-09-06T05:16:16+08:00] WAIT olmo3_7b_think jid=3477607_3 state=PENDING
[2026-09-06T05:16:16+08:00] WAIT olmo3_7b_think jid=3477607_4 state=PENDING
[2026-09-06T05:16:16+08:00] WAIT olmo3_7b_think jid=3477607_5 state=PENDING
[2026-09-06T05:16:16+08:00] WAIT olmo3_7b_think jid=3477607_6 state=PENDING
[2026-09-06T05:16:16+08:00] WAIT qwen3_1.7b jid=3477608_0 state=PENDING
[2026-09-06T05:16:16+08:00] WAIT qwen3_1.7b jid=3477608_1 state=PENDING
[2026-09-06T05:16:16+08:00] WAIT qwen3_1.7b jid=3477608_2 state=PENDING
[2026-09-06T05:16:16+08:00] WAIT qwen3_1.7b jid=3477608_3 state=PENDING
[2026-09-06T05:16:16+08:00] WAIT qwen3_1.7b jid=3477608_4 state=PENDING
[2026-09-06T05:16:16+08:00] WAIT qwen3_1.7b jid=3477608_5 state=PENDING
[2026-09-06T05:16:16+08:00] WAIT qwen3_1.7b jid=3477608_6 state=PENDING
[2026-09-06T05:16:16+08:00] WAIT olmo3_7b_think jid=3477609_0 state=PENDING
[2026-09-06T05:16:16+08:00] WAIT olmo3_7b_think jid=3477609_1 state=PENDING
[2026-09-06T05:16:16+08:00] WAIT olmo3_7b_think jid=3477609_2 state=PENDING
[2026-09-06T05:16:16+08:00] WAIT olmo3_7b_think jid=3477609_3 state=PENDING
[2026-09-06T05:16:16+08:00] WAIT olmo3_7b_think jid=3477609_4 state=PENDING
[2026-09-06T05:16:16+08:00] WAIT olmo3_7b_think jid=3477609_5 state=PENDING
[2026-09-06T05:16:16+08:00] WAIT olmo3_7b_think jid=3477609_6 state=PENDING
[2026-09-06T05:16:16+08:00] progress done=0/37 pending=37 failed=0
[2026-09-06T05:18:16+08:00] WAIT qwen3_1.7b jid=3477428 state=PENDING
[2026-09-06T05:18:16+08:00] WAIT qwen3_1.7b jid=3477429 state=PENDING
[2026-09-06T05:18:16+08:00] WAIT qwen3_1.7b jid=3477430 state=PENDING
[2026-09-06T05:18:16+08:00] WAIT olmo3_7b_think jid=3477431 state=PENDING
[2026-09-06T05:18:16+08:00] WAIT olmo3_7b_think jid=3477432 state=PENDING
[2026-09-06T05:18:16+08:00] WAIT olmo3_7b_think jid=3477433 state=PENDING
[2026-09-06T05:18:16+08:00] WAIT qwen3_4b_instruct jid=3477434 state=PENDING
[2026-09-06T05:18:16+08:00] WAIT qwen3_4b_instruct jid=3477435 state=PENDING
[2026-09-06T05:18:16+08:00] WAIT qwen3_4b_instruct jid=3477436 state=PENDING
[2026-09-06T05:18:16+08:00] WAIT qwen3_1.7b jid=3477606_0 state=PENDING
[2026-09-06T05:18:16+08:00] WAIT qwen3_1.7b jid=3477606_1 state=PENDING
[2026-09-06T05:18:16+08:00] WAIT qwen3_1.7b jid=3477606_2 state=PENDING
[2026-09-06T05:18:16+08:00] WAIT qwen3_1.7b jid=3477606_3 state=PENDING
[2026-09-06T05:18:16+08:00] WAIT qwen3_1.7b jid=3477606_4 state=PENDING
[2026-09-06T05:18:16+08:00] WAIT qwen3_1.7b jid=3477606_5 state=PENDING
[2026-09-06T05:18:16+08:00] WAIT qwen3_1.7b jid=3477606_6 state=PENDING
[2026-09-06T05:18:16+08:00] WAIT olmo3_7b_think jid=3477607_0 state=PENDING
[2026-09-06T05:18:17+08:00] WAIT olmo3_7b_think jid=3477607_1 state=PENDING
[2026-09-06T05:18:17+08:00] WAIT olmo3_7b_think jid=3477607_2 state=PENDING
[2026-09-06T05:18:17+08:00] WAIT olmo3_7b_think jid=3477607_3 state=PENDING
[2026-09-06T05:18:17+08:00] WAIT olmo3_7b_think jid=3477607_4 state=PENDING
[2026-09-06T05:18:17+08:00] WAIT olmo3_7b_think jid=3477607_5 state=PENDING
[2026-09-06T05:18:17+08:00] WAIT olmo3_7b_think jid=3477607_6 state=PENDING
[2026-09-06T05:18:17+08:00] WAIT qwen3_1.7b jid=3477608_0 state=PENDING
[2026-09-06T05:18:17+08:00] WAIT qwen3_1.7b jid=3477608_1 state=PENDING
[2026-09-06T05:18:17+08:00] WAIT qwen3_1.7b jid=3477608_2 state=PENDING
[2026-09-06T05:18:17+08:00] WAIT qwen3_1.7b jid=3477608_3 state=PENDING
[2026-09-06T05:18:17+08:00] WAIT qwen3_1.7b jid=3477608_4 state=PENDING
[2026-09-06T05:18:17+08:00] WAIT qwen3_1.7b jid=3477608_5 state=PENDING
[2026-09-06T05:18:17+08:00] WAIT qwen3_1.7b jid=3477608_6 state=PENDING
[2026-09-06T05:18:17+08:00] WAIT olmo3_7b_think jid=3477609_0 state=PENDING
[2026-09-06T05:18:17+08:00] WAIT olmo3_7b_think jid=3477609_1 state=PENDING
[2026-09-06T05:18:17+08:00] WAIT olmo3_7b_think jid=3477609_2 state=PENDING
[2026-09-06T05:18:17+08:00] WAIT olmo3_7b_think jid=3477609_3 state=PENDING
[2026-09-06T05:18:17+08:00] WAIT olmo3_7b_think jid=3477609_4 state=PENDING
[2026-09-06T05:18:17+08:00] WAIT olmo3_7b_think jid=3477609_5 state=PENDING
[2026-09-06T05:18:17+08:00] WAIT olmo3_7b_think jid=3477609_6 state=PENDING
[2026-09-06T05:18:17+08:00] progress done=0/37 pending=37 failed=0
[2026-09-06T05:20:17+08:00] WAIT qwen3_1.7b jid=3477428 state=PENDING
[2026-09-06T05:20:17+08:00] WAIT qwen3_1.7b jid=3477429 state=PENDING
[2026-09-06T05:20:17+08:00] WAIT qwen3_1.7b jid=3477430 state=PENDING
[2026-09-06T05:20:17+08:00] WAIT olmo3_7b_think jid=3477431 state=PENDING
[2026-09-06T05:20:17+08:00] WAIT olmo3_7b_think jid=3477432 state=PENDING
[2026-09-06T05:20:17+08:00] WAIT olmo3_7b_think jid=3477433 state=PENDING
[2026-09-06T05:20:17+08:00] WAIT qwen3_4b_instruct jid=3477434 state=PENDING
[2026-09-06T05:20:17+08:00] WAIT qwen3_4b_instruct jid=3477435 state=PENDING
[2026-09-06T05:20:17+08:00] WAIT qwen3_4b_instruct jid=3477436 state=PENDING
[2026-09-06T05:20:17+08:00] WAIT qwen3_1.7b jid=3477606_0 state=PENDING
[2026-09-06T05:20:17+08:00] WAIT qwen3_1.7b jid=3477606_1 state=PENDING
[2026-09-06T05:20:17+08:00] WAIT qwen3_1.7b jid=3477606_2 state=PENDING
[2026-09-06T05:20:17+08:00] WAIT qwen3_1.7b jid=3477606_3 state=PENDING
[2026-09-06T05:20:17+08:00] WAIT qwen3_1.7b jid=3477606_4 state=PENDING
[2026-09-06T05:20:17+08:00] WAIT qwen3_1.7b jid=3477606_5 state=PENDING
[2026-09-06T05:20:17+08:00] WAIT qwen3_1.7b jid=3477606_6 state=PENDING
[2026-09-06T05:20:17+08:00] WAIT olmo3_7b_think jid=3477607_0 state=PENDING
[2026-09-06T05:20:17+08:00] WAIT olmo3_7b_think jid=3477607_1 state=PENDING
[2026-09-06T05:20:17+08:00] WAIT olmo3_7b_think jid=3477607_2 state=PENDING
[2026-09-06T05:20:17+08:00] WAIT olmo3_7b_think jid=3477607_3 state=PENDING
[2026-09-06T05:20:17+08:00] WAIT olmo3_7b_think jid=3477607_4 state=PENDING
[2026-09-06T05:20:17+08:00] WAIT olmo3_7b_think jid=3477607_5 state=PENDING
[2026-09-06T05:20:17+08:00] WAIT olmo3_7b_think jid=3477607_6 state=PENDING
[2026-09-06T05:20:17+08:00] WAIT qwen3_1.7b jid=3477608_0 state=PENDING
[2026-09-06T05:20:17+08:00] WAIT qwen3_1.7b jid=3477608_1 state=PENDING
[2026-09-06T05:20:17+08:00] WAIT qwen3_1.7b jid=3477608_2 state=PENDING
[2026-09-06T05:20:17+08:00] WAIT qwen3_1.7b jid=3477608_3 state=PENDING
[2026-09-06T05:20:17+08:00] WAIT qwen3_1.7b jid=3477608_4 state=PENDING
[2026-09-06T05:20:17+08:00] WAIT qwen3_1.7b jid=3477608_5 state=PENDING
[2026-09-06T05:20:17+08:00] WAIT qwen3_1.7b jid=3477608_6 state=PENDING
[2026-09-06T05:20:17+08:00] WAIT olmo3_7b_think jid=3477609_0 state=PENDING
[2026-09-06T05:20:17+08:00] WAIT olmo3_7b_think jid=3477609_1 state=PENDING
[2026-09-06T05:20:17+08:00] WAIT olmo3_7b_think jid=3477609_2 state=PENDING
[2026-09-06T05:20:17+08:00] WAIT olmo3_7b_think jid=3477609_3 state=PENDING
[2026-09-06T05:20:17+08:00] WAIT olmo3_7b_think jid=3477609_4 state=PENDING
[2026-09-06T05:20:17+08:00] WAIT olmo3_7b_think jid=3477609_5 state=PENDING
[2026-09-06T05:20:17+08:00] WAIT olmo3_7b_think jid=3477609_6 state=PENDING
[2026-09-06T05:20:17+08:00] progress done=0/37 pending=37 failed=0
[2026-09-06T05:22:17+08:00] WAIT qwen3_1.7b jid=3477428 state=PENDING
[2026-09-06T05:22:17+08:00] WAIT qwen3_1.7b jid=3477429 state=PENDING
[2026-09-06T05:22:17+08:00] WAIT qwen3_1.7b jid=3477430 state=PENDING
[2026-09-06T05:22:17+08:00] WAIT olmo3_7b_think jid=3477431 state=PENDING
[2026-09-06T05:22:17+08:00] WAIT olmo3_7b_think jid=3477432 state=PENDING
[2026-09-06T05:22:17+08:00] WAIT olmo3_7b_think jid=3477433 state=PENDING
[2026-09-06T05:22:17+08:00] WAIT qwen3_4b_instruct jid=3477434 state=PENDING
[2026-09-06T05:22:17+08:00] WAIT qwen3_4b_instruct jid=3477435 state=PENDING
[2026-09-06T05:22:17+08:00] WAIT qwen3_4b_instruct jid=3477436 state=PENDING
[2026-09-06T05:22:17+08:00] WAIT qwen3_1.7b jid=3477606_0 state=PENDING
[2026-09-06T05:22:17+08:00] WAIT qwen3_1.7b jid=3477606_1 state=PENDING
[2026-09-06T05:22:17+08:00] WAIT qwen3_1.7b jid=3477606_2 state=PENDING
[2026-09-06T05:22:17+08:00] WAIT qwen3_1.7b jid=3477606_3 state=PENDING
[2026-09-06T05:22:17+08:00] WAIT qwen3_1.7b jid=3477606_4 state=PENDING
[2026-09-06T05:22:17+08:00] WAIT qwen3_1.7b jid=3477606_5 state=PENDING
[2026-09-06T05:22:17+08:00] WAIT qwen3_1.7b jid=3477606_6 state=PENDING
[2026-09-06T05:22:17+08:00] WAIT olmo3_7b_think jid=3477607_0 state=PENDING
[2026-09-06T05:22:17+08:00] WAIT olmo3_7b_think jid=3477607_1 state=PENDING
[2026-09-06T05:22:17+08:00] WAIT olmo3_7b_think jid=3477607_2 state=PENDING
[2026-09-06T05:22:17+08:00] WAIT olmo3_7b_think jid=3477607_3 state=PENDING
[2026-09-06T05:22:17+08:00] WAIT olmo3_7b_think jid=3477607_4 state=PENDING
[2026-09-06T05:22:17+08:00] WAIT olmo3_7b_think jid=3477607_5 state=PENDING
[2026-09-06T05:22:17+08:00] WAIT olmo3_7b_think jid=3477607_6 state=PENDING
[2026-09-06T05:22:17+08:00] WAIT qwen3_1.7b jid=3477608_0 state=PENDING
[2026-09-06T05:22:17+08:00] WAIT qwen3_1.7b jid=3477608_1 state=PENDING
[2026-09-06T05:22:17+08:00] WAIT qwen3_1.7b jid=3477608_2 state=PENDING
[2026-09-06T05:22:17+08:00] WAIT qwen3_1.7b jid=3477608_3 state=PENDING
[2026-09-06T05:22:17+08:00] WAIT qwen3_1.7b jid=3477608_4 state=PENDING
[2026-09-06T05:22:17+08:00] WAIT qwen3_1.7b jid=3477608_5 state=PENDING
[2026-09-06T05:22:17+08:00] WAIT qwen3_1.7b jid=3477608_6 state=PENDING
[2026-09-06T05:22:17+08:00] WAIT olmo3_7b_think jid=3477609_0 state=PENDING
[2026-09-06T05:22:17+08:00] WAIT olmo3_7b_think jid=3477609_1 state=PENDING
[2026-09-06T05:22:17+08:00] WAIT olmo3_7b_think jid=3477609_2 state=PENDING
[2026-09-06T05:22:17+08:00] WAIT olmo3_7b_think jid=3477609_3 state=PENDING
[2026-09-06T05:22:17+08:00] WAIT olmo3_7b_think jid=3477609_4 state=PENDING
[2026-09-06T05:22:17+08:00] WAIT olmo3_7b_think jid=3477609_5 state=PENDING
[2026-09-06T05:22:17+08:00] WAIT olmo3_7b_think jid=3477609_6 state=PENDING
[2026-09-06T05:22:17+08:00] progress done=0/37 pending=37 failed=0
[2026-09-06T05:24:17+08:00] WAIT qwen3_1.7b jid=3477428 state=PENDING
[2026-09-06T05:24:17+08:00] WAIT qwen3_1.7b jid=3477429 state=PENDING
[2026-09-06T05:24:18+08:00] WAIT qwen3_1.7b jid=3477430 state=PENDING
[2026-09-06T05:24:18+08:00] WAIT olmo3_7b_think jid=3477431 state=PENDING
[2026-09-06T05:24:18+08:00] WAIT olmo3_7b_think jid=3477432 state=PENDING
[2026-09-06T05:24:18+08:00] WAIT olmo3_7b_think jid=3477433 state=PENDING
[2026-09-06T05:24:18+08:00] WAIT qwen3_4b_instruct jid=3477434 state=PENDING
[2026-09-06T05:24:18+08:00] WAIT qwen3_4b_instruct jid=3477435 state=PENDING
[2026-09-06T05:24:18+08:00] WAIT qwen3_4b_instruct jid=3477436 state=PENDING
[2026-09-06T05:24:18+08:00] WAIT qwen3_1.7b jid=3477606_0 state=PENDING
[2026-09-06T05:24:18+08:00] WAIT qwen3_1.7b jid=3477606_1 state=PENDING
[2026-09-06T05:24:18+08:00] WAIT qwen3_1.7b jid=3477606_2 state=PENDING
[2026-09-06T05:24:18+08:00] WAIT qwen3_1.7b jid=3477606_3 state=PENDING
[2026-09-06T05:24:18+08:00] WAIT qwen3_1.7b jid=3477606_4 state=PENDING
[2026-09-06T05:24:18+08:00] WAIT qwen3_1.7b jid=3477606_5 state=PENDING
[2026-09-06T05:24:18+08:00] WAIT qwen3_1.7b jid=3477606_6 state=PENDING
[2026-09-06T05:24:18+08:00] WAIT olmo3_7b_think jid=3477607_0 state=PENDING
[2026-09-06T05:24:18+08:00] WAIT olmo3_7b_think jid=3477607_1 state=PENDING
[2026-09-06T05:24:18+08:00] WAIT olmo3_7b_think jid=3477607_2 state=PENDING
[2026-09-06T05:24:18+08:00] WAIT olmo3_7b_think jid=3477607_3 state=PENDING
[2026-09-06T05:24:18+08:00] WAIT olmo3_7b_think jid=3477607_4 state=PENDING
[2026-09-06T05:24:18+08:00] WAIT olmo3_7b_think jid=3477607_5 state=PENDING
[2026-09-06T05:24:18+08:00] WAIT olmo3_7b_think jid=3477607_6 state=PENDING
[2026-09-06T05:24:18+08:00] WAIT qwen3_1.7b jid=3477608_0 state=PENDING
[2026-09-06T05:24:18+08:00] WAIT qwen3_1.7b jid=3477608_1 state=PENDING
[2026-09-06T05:24:18+08:00] WAIT qwen3_1.7b jid=3477608_2 state=PENDING
[2026-09-06T05:24:18+08:00] WAIT qwen3_1.7b jid=3477608_3 state=PENDING
[2026-09-06T05:24:18+08:00] WAIT qwen3_1.7b jid=3477608_4 state=PENDING
[2026-09-06T05:24:18+08:00] WAIT qwen3_1.7b jid=3477608_5 state=PENDING
[2026-09-06T05:24:18+08:00] WAIT qwen3_1.7b jid=3477608_6 state=PENDING
[2026-09-06T05:24:18+08:00] WAIT olmo3_7b_think jid=3477609_0 state=PENDING
[2026-09-06T05:24:18+08:00] WAIT olmo3_7b_think jid=3477609_1 state=PENDING
[2026-09-06T05:24:18+08:00] WAIT olmo3_7b_think jid=3477609_2 state=PENDING
[2026-09-06T05:24:18+08:00] WAIT olmo3_7b_think jid=3477609_3 state=PENDING
[2026-09-06T05:24:18+08:00] WAIT olmo3_7b_think jid=3477609_4 state=PENDING
[2026-09-06T05:24:18+08:00] WAIT olmo3_7b_think jid=3477609_5 state=PENDING
[2026-09-06T05:24:18+08:00] WAIT olmo3_7b_think jid=3477609_6 state=PENDING
[2026-09-06T05:24:18+08:00] progress done=0/37 pending=37 failed=0
[2026-09-06T05:26:18+08:00] WAIT qwen3_1.7b jid=3477428 state=PENDING
[2026-09-06T05:26:18+08:00] WAIT qwen3_1.7b jid=3477429 state=PENDING
[2026-09-06T05:26:18+08:00] WAIT qwen3_1.7b jid=3477430 state=PENDING
[2026-09-06T05:26:18+08:00] WAIT olmo3_7b_think jid=3477431 state=PENDING
[2026-09-06T05:26:18+08:00] WAIT olmo3_7b_think jid=3477432 state=PENDING
[2026-09-06T05:26:18+08:00] WAIT olmo3_7b_think jid=3477433 state=PENDING
[2026-09-06T05:26:18+08:00] WAIT qwen3_4b_instruct jid=3477434 state=PENDING
[2026-09-06T05:26:18+08:00] WAIT qwen3_4b_instruct jid=3477435 state=PENDING
[2026-09-06T05:26:18+08:00] WAIT qwen3_4b_instruct jid=3477436 state=PENDING
[2026-09-06T05:26:18+08:00] WAIT qwen3_1.7b jid=3477606_0 state=PENDING
[2026-09-06T05:26:18+08:00] WAIT qwen3_1.7b jid=3477606_1 state=PENDING
[2026-09-06T05:26:18+08:00] WAIT qwen3_1.7b jid=3477606_2 state=PENDING
[2026-09-06T05:26:18+08:00] WAIT qwen3_1.7b jid=3477606_3 state=PENDING
[2026-09-06T05:26:18+08:00] WAIT qwen3_1.7b jid=3477606_4 state=PENDING
[2026-09-06T05:26:18+08:00] WAIT qwen3_1.7b jid=3477606_5 state=PENDING
[2026-09-06T05:26:18+08:00] WAIT qwen3_1.7b jid=3477606_6 state=PENDING
[2026-09-06T05:26:18+08:00] WAIT olmo3_7b_think jid=3477607_0 state=PENDING
[2026-09-06T05:26:18+08:00] WAIT olmo3_7b_think jid=3477607_1 state=PENDING
[2026-09-06T05:26:18+08:00] WAIT olmo3_7b_think jid=3477607_2 state=PENDING
[2026-09-06T05:26:18+08:00] WAIT olmo3_7b_think jid=3477607_3 state=PENDING
[2026-09-06T05:26:18+08:00] WAIT olmo3_7b_think jid=3477607_4 state=PENDING
[2026-09-06T05:26:18+08:00] WAIT olmo3_7b_think jid=3477607_5 state=PENDING
[2026-09-06T05:26:18+08:00] WAIT olmo3_7b_think jid=3477607_6 state=PENDING
[2026-09-06T05:26:18+08:00] WAIT qwen3_1.7b jid=3477608_0 state=PENDING
[2026-09-06T05:26:18+08:00] WAIT qwen3_1.7b jid=3477608_1 state=PENDING
[2026-09-06T05:26:18+08:00] WAIT qwen3_1.7b jid=3477608_2 state=PENDING
[2026-09-06T05:26:18+08:00] WAIT qwen3_1.7b jid=3477608_3 state=PENDING
[2026-09-06T05:26:18+08:00] WAIT qwen3_1.7b jid=3477608_4 state=PENDING
[2026-09-06T05:26:18+08:00] WAIT qwen3_1.7b jid=3477608_5 state=PENDING
[2026-09-06T05:26:18+08:00] WAIT qwen3_1.7b jid=3477608_6 state=PENDING
[2026-09-06T05:26:18+08:00] WAIT olmo3_7b_think jid=3477609_0 state=PENDING
[2026-09-06T05:26:18+08:00] WAIT olmo3_7b_think jid=3477609_1 state=PENDING
[2026-09-06T05:26:18+08:00] WAIT olmo3_7b_think jid=3477609_2 state=PENDING
[2026-09-06T05:26:18+08:00] WAIT olmo3_7b_think jid=3477609_3 state=PENDING
[2026-09-06T05:26:18+08:00] WAIT olmo3_7b_think jid=3477609_4 state=PENDING
[2026-09-06T05:26:18+08:00] WAIT olmo3_7b_think jid=3477609_5 state=PENDING
[2026-09-06T05:26:18+08:00] WAIT olmo3_7b_think jid=3477609_6 state=PENDING
[2026-09-06T05:26:18+08:00] progress done=0/37 pending=37 failed=0
[2026-09-06T05:28:18+08:00] WAIT qwen3_1.7b jid=3477428 state=PENDING
[2026-09-06T05:28:18+08:00] WAIT qwen3_1.7b jid=3477429 state=PENDING
[2026-09-06T05:28:18+08:00] WAIT qwen3_1.7b jid=3477430 state=PENDING
[2026-09-06T05:28:18+08:00] WAIT olmo3_7b_think jid=3477431 state=PENDING
[2026-09-06T05:28:18+08:00] WAIT olmo3_7b_think jid=3477432 state=PENDING
[2026-09-06T05:28:18+08:00] WAIT olmo3_7b_think jid=3477433 state=PENDING
[2026-09-06T05:28:18+08:00] WAIT qwen3_4b_instruct jid=3477434 state=PENDING
[2026-09-06T05:28:18+08:00] WAIT qwen3_4b_instruct jid=3477435 state=PENDING
[2026-09-06T05:28:18+08:00] WAIT qwen3_4b_instruct jid=3477436 state=PENDING
[2026-09-06T05:28:18+08:00] WAIT qwen3_1.7b jid=3477606_0 state=PENDING
[2026-09-06T05:28:18+08:00] WAIT qwen3_1.7b jid=3477606_1 state=PENDING
[2026-09-06T05:28:18+08:00] WAIT qwen3_1.7b jid=3477606_2 state=PENDING
[2026-09-06T05:28:18+08:00] WAIT qwen3_1.7b jid=3477606_3 state=PENDING
[2026-09-06T05:28:18+08:00] WAIT qwen3_1.7b jid=3477606_4 state=PENDING
[2026-09-06T05:28:18+08:00] WAIT qwen3_1.7b jid=3477606_5 state=PENDING
[2026-09-06T05:28:18+08:00] WAIT qwen3_1.7b jid=3477606_6 state=PENDING
[2026-09-06T05:28:18+08:00] WAIT olmo3_7b_think jid=3477607_0 state=PENDING
[2026-09-06T05:28:18+08:00] WAIT olmo3_7b_think jid=3477607_1 state=PENDING
[2026-09-06T05:28:18+08:00] WAIT olmo3_7b_think jid=3477607_2 state=PENDING
[2026-09-06T05:28:18+08:00] WAIT olmo3_7b_think jid=3477607_3 state=PENDING
[2026-09-06T05:28:18+08:00] WAIT olmo3_7b_think jid=3477607_4 state=PENDING
[2026-09-06T05:28:18+08:00] WAIT olmo3_7b_think jid=3477607_5 state=PENDING
[2026-09-06T05:28:18+08:00] WAIT olmo3_7b_think jid=3477607_6 state=PENDING
[2026-09-06T05:28:19+08:00] WAIT qwen3_1.7b jid=3477608_0 state=PENDING
[2026-09-06T05:28:19+08:00] WAIT qwen3_1.7b jid=3477608_1 state=PENDING
[2026-09-06T05:28:19+08:00] WAIT qwen3_1.7b jid=3477608_2 state=PENDING
[2026-09-06T05:28:19+08:00] WAIT qwen3_1.7b jid=3477608_3 state=PENDING
[2026-09-06T05:28:19+08:00] WAIT qwen3_1.7b jid=3477608_4 state=PENDING
[2026-09-06T05:28:19+08:00] WAIT qwen3_1.7b jid=3477608_5 state=PENDING
[2026-09-06T05:28:19+08:00] WAIT qwen3_1.7b jid=3477608_6 state=PENDING
[2026-09-06T05:28:19+08:00] WAIT olmo3_7b_think jid=3477609_0 state=PENDING
[2026-09-06T05:28:19+08:00] WAIT olmo3_7b_think jid=3477609_1 state=PENDING
[2026-09-06T05:28:19+08:00] WAIT olmo3_7b_think jid=3477609_2 state=PENDING
[2026-09-06T05:28:19+08:00] WAIT olmo3_7b_think jid=3477609_3 state=PENDING
[2026-09-06T05:28:19+08:00] WAIT olmo3_7b_think jid=3477609_4 state=PENDING
[2026-09-06T05:28:19+08:00] WAIT olmo3_7b_think jid=3477609_5 state=PENDING
[2026-09-06T05:28:19+08:00] WAIT olmo3_7b_think jid=3477609_6 state=PENDING
[2026-09-06T05:28:19+08:00] progress done=0/37 pending=37 failed=0
[2026-09-06T05:30:19+08:00] WAIT qwen3_1.7b jid=3477428 state=PENDING
[2026-09-06T05:30:19+08:00] WAIT qwen3_1.7b jid=3477429 state=PENDING
[2026-09-06T05:30:19+08:00] WAIT qwen3_1.7b jid=3477430 state=PENDING
[2026-09-06T05:30:19+08:00] WAIT olmo3_7b_think jid=3477431 state=PENDING
[2026-09-06T05:30:19+08:00] WAIT olmo3_7b_think jid=3477432 state=PENDING
[2026-09-06T05:30:19+08:00] WAIT olmo3_7b_think jid=3477433 state=PENDING
[2026-09-06T05:30:19+08:00] WAIT qwen3_4b_instruct jid=3477434 state=PENDING
[2026-09-06T05:30:19+08:00] WAIT qwen3_4b_instruct jid=3477435 state=PENDING
[2026-09-06T05:30:19+08:00] WAIT qwen3_4b_instruct jid=3477436 state=PENDING
[2026-09-06T05:30:19+08:00] WAIT qwen3_1.7b jid=3477606_0 state=PENDING
[2026-09-06T05:30:19+08:00] WAIT qwen3_1.7b jid=3477606_1 state=PENDING
[2026-09-06T05:30:19+08:00] WAIT qwen3_1.7b jid=3477606_2 state=PENDING
[2026-09-06T05:30:19+08:00] WAIT qwen3_1.7b jid=3477606_3 state=PENDING
[2026-09-06T05:30:19+08:00] WAIT qwen3_1.7b jid=3477606_4 state=PENDING
[2026-09-06T05:30:19+08:00] WAIT qwen3_1.7b jid=3477606_5 state=PENDING
[2026-09-06T05:30:19+08:00] WAIT qwen3_1.7b jid=3477606_6 state=PENDING
[2026-09-06T05:30:19+08:00] WAIT olmo3_7b_think jid=3477607_0 state=PENDING
[2026-09-06T05:30:19+08:00] WAIT olmo3_7b_think jid=3477607_1 state=PENDING
[2026-09-06T05:30:19+08:00] WAIT olmo3_7b_think jid=3477607_2 state=PENDING
[2026-09-06T05:30:19+08:00] WAIT olmo3_7b_think jid=3477607_3 state=PENDING
[2026-09-06T05:30:19+08:00] WAIT olmo3_7b_think jid=3477607_4 state=PENDING
[2026-09-06T05:30:19+08:00] WAIT olmo3_7b_think jid=3477607_5 state=PENDING
[2026-09-06T05:30:19+08:00] WAIT olmo3_7b_think jid=3477607_6 state=PENDING
[2026-09-06T05:30:19+08:00] WAIT qwen3_1.7b jid=3477608_0 state=PENDING
[2026-09-06T05:30:19+08:00] WAIT qwen3_1.7b jid=3477608_1 state=PENDING
[2026-09-06T05:30:19+08:00] WAIT qwen3_1.7b jid=3477608_2 state=PENDING
[2026-09-06T05:30:19+08:00] WAIT qwen3_1.7b jid=3477608_3 state=PENDING
[2026-09-06T05:30:19+08:00] WAIT qwen3_1.7b jid=3477608_4 state=PENDING
[2026-09-06T05:30:19+08:00] WAIT qwen3_1.7b jid=3477608_5 state=PENDING
[2026-09-06T05:30:19+08:00] WAIT qwen3_1.7b jid=3477608_6 state=PENDING
[2026-09-06T05:30:19+08:00] WAIT olmo3_7b_think jid=3477609_0 state=PENDING
[2026-09-06T05:30:19+08:00] WAIT olmo3_7b_think jid=3477609_1 state=PENDING
[2026-09-06T05:30:19+08:00] WAIT olmo3_7b_think jid=3477609_2 state=PENDING
[2026-09-06T05:30:19+08:00] WAIT olmo3_7b_think jid=3477609_3 state=PENDING
[2026-09-06T05:30:19+08:00] WAIT olmo3_7b_think jid=3477609_4 state=PENDING
[2026-09-06T05:30:19+08:00] WAIT olmo3_7b_think jid=3477609_5 state=PENDING
[2026-09-06T05:30:19+08:00] WAIT olmo3_7b_think jid=3477609_6 state=PENDING
[2026-09-06T05:30:19+08:00] progress done=0/37 pending=37 failed=0
[2026-09-06T05:32:19+08:00] WAIT qwen3_1.7b jid=3477428 state=PENDING
[2026-09-06T05:32:19+08:00] WAIT qwen3_1.7b jid=3477429 state=PENDING
[2026-09-06T05:32:19+08:00] WAIT qwen3_1.7b jid=3477430 state=PENDING
[2026-09-06T05:32:19+08:00] WAIT olmo3_7b_think jid=3477431 state=PENDING
[2026-09-06T05:32:19+08:00] WAIT olmo3_7b_think jid=3477432 state=PENDING
[2026-09-06T05:32:19+08:00] WAIT olmo3_7b_think jid=3477433 state=PENDING
[2026-09-06T05:32:19+08:00] WAIT qwen3_4b_instruct jid=3477434 state=PENDING
[2026-09-06T05:32:19+08:00] WAIT qwen3_4b_instruct jid=3477435 state=PENDING
[2026-09-06T05:32:19+08:00] WAIT qwen3_4b_instruct jid=3477436 state=PENDING
[2026-09-06T05:32:19+08:00] WAIT qwen3_1.7b jid=3477606_0 state=PENDING
[2026-09-06T05:32:19+08:00] WAIT qwen3_1.7b jid=3477606_1 state=PENDING
[2026-09-06T05:32:19+08:00] WAIT qwen3_1.7b jid=3477606_2 state=PENDING
[2026-09-06T05:32:19+08:00] WAIT qwen3_1.7b jid=3477606_3 state=PENDING
[2026-09-06T05:32:19+08:00] WAIT qwen3_1.7b jid=3477606_4 state=PENDING
[2026-09-06T05:32:19+08:00] WAIT qwen3_1.7b jid=3477606_5 state=PENDING
[2026-09-06T05:32:19+08:00] WAIT qwen3_1.7b jid=3477606_6 state=PENDING
[2026-09-06T05:32:19+08:00] WAIT olmo3_7b_think jid=3477607_0 state=PENDING
[2026-09-06T05:32:19+08:00] WAIT olmo3_7b_think jid=3477607_1 state=PENDING
[2026-09-06T05:32:19+08:00] WAIT olmo3_7b_think jid=3477607_2 state=PENDING
[2026-09-06T05:32:19+08:00] WAIT olmo3_7b_think jid=3477607_3 state=PENDING
[2026-09-06T05:32:19+08:00] WAIT olmo3_7b_think jid=3477607_4 state=PENDING
[2026-09-06T05:32:19+08:00] WAIT olmo3_7b_think jid=3477607_5 state=PENDING
[2026-09-06T05:32:19+08:00] WAIT olmo3_7b_think jid=3477607_6 state=PENDING
[2026-09-06T05:32:19+08:00] WAIT qwen3_1.7b jid=3477608_0 state=PENDING
[2026-09-06T05:32:19+08:00] WAIT qwen3_1.7b jid=3477608_1 state=PENDING
[2026-09-06T05:32:19+08:00] WAIT qwen3_1.7b jid=3477608_2 state=PENDING
[2026-09-06T05:32:19+08:00] WAIT qwen3_1.7b jid=3477608_3 state=PENDING
[2026-09-06T05:32:19+08:00] WAIT qwen3_1.7b jid=3477608_4 state=PENDING
[2026-09-06T05:32:19+08:00] WAIT qwen3_1.7b jid=3477608_5 state=PENDING
[2026-09-06T05:32:19+08:00] WAIT qwen3_1.7b jid=3477608_6 state=PENDING
[2026-09-06T05:32:19+08:00] WAIT olmo3_7b_think jid=3477609_0 state=PENDING
[2026-09-06T05:32:19+08:00] WAIT olmo3_7b_think jid=3477609_1 state=PENDING
[2026-09-06T05:32:19+08:00] WAIT olmo3_7b_think jid=3477609_2 state=PENDING
[2026-09-06T05:32:19+08:00] WAIT olmo3_7b_think jid=3477609_3 state=PENDING
[2026-09-06T05:32:19+08:00] WAIT olmo3_7b_think jid=3477609_4 state=PENDING
[2026-09-06T05:32:19+08:00] WAIT olmo3_7b_think jid=3477609_5 state=PENDING
[2026-09-06T05:32:19+08:00] WAIT olmo3_7b_think jid=3477609_6 state=PENDING
[2026-09-06T05:32:19+08:00] progress done=0/37 pending=37 failed=0
[2026-09-06T05:34:19+08:00] WAIT qwen3_1.7b jid=3477428 state=PENDING
[2026-09-06T05:34:19+08:00] WAIT qwen3_1.7b jid=3477429 state=PENDING
[2026-09-06T05:34:19+08:00] WAIT qwen3_1.7b jid=3477430 state=PENDING
[2026-09-06T05:34:19+08:00] WAIT olmo3_7b_think jid=3477431 state=PENDING
[2026-09-06T05:34:20+08:00] WAIT olmo3_7b_think jid=3477432 state=PENDING
[2026-09-06T05:34:20+08:00] WAIT olmo3_7b_think jid=3477433 state=PENDING
[2026-09-06T05:34:20+08:00] WAIT qwen3_4b_instruct jid=3477434 state=PENDING
[2026-09-06T05:34:20+08:00] WAIT qwen3_4b_instruct jid=3477435 state=PENDING
[2026-09-06T05:34:20+08:00] WAIT qwen3_4b_instruct jid=3477436 state=PENDING
[2026-09-06T05:34:20+08:00] WAIT qwen3_1.7b jid=3477606_0 state=PENDING
[2026-09-06T05:34:20+08:00] WAIT qwen3_1.7b jid=3477606_1 state=PENDING
[2026-09-06T05:34:20+08:00] WAIT qwen3_1.7b jid=3477606_2 state=PENDING
[2026-09-06T05:34:20+08:00] WAIT qwen3_1.7b jid=3477606_3 state=PENDING
[2026-09-06T05:34:20+08:00] WAIT qwen3_1.7b jid=3477606_4 state=PENDING
[2026-09-06T05:34:20+08:00] WAIT qwen3_1.7b jid=3477606_5 state=PENDING
[2026-09-06T05:34:20+08:00] WAIT qwen3_1.7b jid=3477606_6 state=PENDING
[2026-09-06T05:34:20+08:00] WAIT olmo3_7b_think jid=3477607_0 state=PENDING
[2026-09-06T05:34:20+08:00] WAIT olmo3_7b_think jid=3477607_1 state=PENDING
[2026-09-06T05:34:20+08:00] WAIT olmo3_7b_think jid=3477607_2 state=PENDING
[2026-09-06T05:34:20+08:00] WAIT olmo3_7b_think jid=3477607_3 state=PENDING
[2026-09-06T05:34:20+08:00] WAIT olmo3_7b_think jid=3477607_4 state=PENDING
[2026-09-06T05:34:20+08:00] WAIT olmo3_7b_think jid=3477607_5 state=PENDING
[2026-09-06T05:34:20+08:00] WAIT olmo3_7b_think jid=3477607_6 state=PENDING
[2026-09-06T05:34:20+08:00] WAIT qwen3_1.7b jid=3477608_0 state=PENDING
[2026-09-06T05:34:20+08:00] WAIT qwen3_1.7b jid=3477608_1 state=PENDING
[2026-09-06T05:34:20+08:00] WAIT qwen3_1.7b jid=3477608_2 state=PENDING
[2026-09-06T05:34:20+08:00] WAIT qwen3_1.7b jid=3477608_3 state=PENDING
[2026-09-06T05:34:20+08:00] WAIT qwen3_1.7b jid=3477608_4 state=PENDING
[2026-09-06T05:34:20+08:00] WAIT qwen3_1.7b jid=3477608_5 state=PENDING
[2026-09-06T05:34:20+08:00] WAIT qwen3_1.7b jid=3477608_6 state=PENDING
[2026-09-06T05:34:20+08:00] WAIT olmo3_7b_think jid=3477609_0 state=PENDING
[2026-09-06T05:34:20+08:00] WAIT olmo3_7b_think jid=3477609_1 state=PENDING
[2026-09-06T05:34:20+08:00] WAIT olmo3_7b_think jid=3477609_2 state=PENDING
[2026-09-06T05:34:20+08:00] WAIT olmo3_7b_think jid=3477609_3 state=PENDING
[2026-09-06T05:34:20+08:00] WAIT olmo3_7b_think jid=3477609_4 state=PENDING
[2026-09-06T05:34:20+08:00] WAIT olmo3_7b_think jid=3477609_5 state=PENDING
[2026-09-06T05:34:20+08:00] WAIT olmo3_7b_think jid=3477609_6 state=PENDING
[2026-09-06T05:34:20+08:00] progress done=0/37 pending=37 failed=0
[2026-09-06T05:36:20+08:00] WAIT qwen3_1.7b jid=3477428 state=PENDING
[2026-09-06T05:36:20+08:00] WAIT qwen3_1.7b jid=3477429 state=PENDING
[2026-09-06T05:36:20+08:00] WAIT qwen3_1.7b jid=3477430 state=PENDING
[2026-09-06T05:36:20+08:00] WAIT olmo3_7b_think jid=3477431 state=PENDING
[2026-09-06T05:36:20+08:00] WAIT olmo3_7b_think jid=3477432 state=PENDING
[2026-09-06T05:36:20+08:00] WAIT olmo3_7b_think jid=3477433 state=PENDING
[2026-09-06T05:36:20+08:00] WAIT qwen3_4b_instruct jid=3477434 state=PENDING
[2026-09-06T05:36:20+08:00] WAIT qwen3_4b_instruct jid=3477435 state=PENDING
[2026-09-06T05:36:20+08:00] WAIT qwen3_4b_instruct jid=3477436 state=PENDING
[2026-09-06T05:36:20+08:00] WAIT qwen3_1.7b jid=3477606_0 state=PENDING
[2026-09-06T05:36:20+08:00] WAIT qwen3_1.7b jid=3477606_1 state=PENDING
[2026-09-06T05:36:20+08:00] WAIT qwen3_1.7b jid=3477606_2 state=PENDING
[2026-09-06T05:36:20+08:00] WAIT qwen3_1.7b jid=3477606_3 state=PENDING
[2026-09-06T05:36:20+08:00] WAIT qwen3_1.7b jid=3477606_4 state=PENDING
[2026-09-06T05:36:20+08:00] WAIT qwen3_1.7b jid=3477606_5 state=PENDING
[2026-09-06T05:36:20+08:00] WAIT qwen3_1.7b jid=3477606_6 state=PENDING
[2026-09-06T05:36:20+08:00] WAIT olmo3_7b_think jid=3477607_0 state=PENDING
[2026-09-06T05:36:20+08:00] WAIT olmo3_7b_think jid=3477607_1 state=PENDING
[2026-09-06T05:36:20+08:00] WAIT olmo3_7b_think jid=3477607_2 state=PENDING
[2026-09-06T05:36:20+08:00] WAIT olmo3_7b_think jid=3477607_3 state=PENDING
[2026-09-06T05:36:20+08:00] WAIT olmo3_7b_think jid=3477607_4 state=PENDING
[2026-09-06T05:36:20+08:00] WAIT olmo3_7b_think jid=3477607_5 state=PENDING
[2026-09-06T05:36:20+08:00] WAIT olmo3_7b_think jid=3477607_6 state=PENDING
[2026-09-06T05:36:20+08:00] WAIT qwen3_1.7b jid=3477608_0 state=PENDING
[2026-09-06T05:36:20+08:00] WAIT qwen3_1.7b jid=3477608_1 state=PENDING
[2026-09-06T05:36:20+08:00] WAIT qwen3_1.7b jid=3477608_2 state=PENDING
[2026-09-06T05:36:20+08:00] WAIT qwen3_1.7b jid=3477608_3 state=PENDING
[2026-09-06T05:36:20+08:00] WAIT qwen3_1.7b jid=3477608_4 state=PENDING
[2026-09-06T05:36:20+08:00] WAIT qwen3_1.7b jid=3477608_5 state=PENDING
[2026-09-06T05:36:20+08:00] WAIT qwen3_1.7b jid=3477608_6 state=PENDING
[2026-09-06T05:36:20+08:00] WAIT olmo3_7b_think jid=3477609_0 state=PENDING
[2026-09-06T05:36:20+08:00] WAIT olmo3_7b_think jid=3477609_1 state=PENDING
[2026-09-06T05:36:20+08:00] WAIT olmo3_7b_think jid=3477609_2 state=PENDING
[2026-09-06T05:36:20+08:00] WAIT olmo3_7b_think jid=3477609_3 state=PENDING
[2026-09-06T05:36:20+08:00] WAIT olmo3_7b_think jid=3477609_4 state=PENDING
[2026-09-06T05:36:20+08:00] WAIT olmo3_7b_think jid=3477609_5 state=PENDING
[2026-09-06T05:36:20+08:00] WAIT olmo3_7b_think jid=3477609_6 state=PENDING
[2026-09-06T05:36:20+08:00] progress done=0/37 pending=37 failed=0
[2026-09-06T05:38:20+08:00] WAIT qwen3_1.7b jid=3477428 state=PENDING
[2026-09-06T05:38:20+08:00] WAIT qwen3_1.7b jid=3477429 state=PENDING
[2026-09-06T05:38:20+08:00] WAIT qwen3_1.7b jid=3477430 state=PENDING
[2026-09-06T05:38:20+08:00] WAIT olmo3_7b_think jid=3477431 state=PENDING
[2026-09-06T05:38:20+08:00] WAIT olmo3_7b_think jid=3477432 state=PENDING
[2026-09-06T05:38:20+08:00] WAIT olmo3_7b_think jid=3477433 state=PENDING
[2026-09-06T05:38:20+08:00] WAIT qwen3_4b_instruct jid=3477434 state=PENDING
[2026-09-06T05:38:20+08:00] WAIT qwen3_4b_instruct jid=3477435 state=PENDING
[2026-09-06T05:38:20+08:00] WAIT qwen3_4b_instruct jid=3477436 state=PENDING
[2026-09-06T05:38:20+08:00] WAIT qwen3_1.7b jid=3477606_0 state=PENDING
[2026-09-06T05:38:20+08:00] WAIT qwen3_1.7b jid=3477606_1 state=PENDING
[2026-09-06T05:38:20+08:00] WAIT qwen3_1.7b jid=3477606_2 state=PENDING
[2026-09-06T05:38:20+08:00] WAIT qwen3_1.7b jid=3477606_3 state=PENDING
[2026-09-06T05:38:20+08:00] WAIT qwen3_1.7b jid=3477606_4 state=PENDING
[2026-09-06T05:38:20+08:00] WAIT qwen3_1.7b jid=3477606_5 state=PENDING
[2026-09-06T05:38:20+08:00] WAIT qwen3_1.7b jid=3477606_6 state=PENDING
[2026-09-06T05:38:20+08:00] WAIT olmo3_7b_think jid=3477607_0 state=PENDING
[2026-09-06T05:38:20+08:00] WAIT olmo3_7b_think jid=3477607_1 state=PENDING
[2026-09-06T05:38:20+08:00] WAIT olmo3_7b_think jid=3477607_2 state=PENDING
[2026-09-06T05:38:20+08:00] WAIT olmo3_7b_think jid=3477607_3 state=PENDING
[2026-09-06T05:38:20+08:00] WAIT olmo3_7b_think jid=3477607_4 state=PENDING
[2026-09-06T05:38:20+08:00] WAIT olmo3_7b_think jid=3477607_5 state=PENDING
[2026-09-06T05:38:20+08:00] WAIT olmo3_7b_think jid=3477607_6 state=PENDING
[2026-09-06T05:38:20+08:00] WAIT qwen3_1.7b jid=3477608_0 state=PENDING
[2026-09-06T05:38:20+08:00] WAIT qwen3_1.7b jid=3477608_1 state=PENDING
[2026-09-06T05:38:20+08:00] WAIT qwen3_1.7b jid=3477608_2 state=PENDING
[2026-09-06T05:38:21+08:00] WAIT qwen3_1.7b jid=3477608_3 state=PENDING
[2026-09-06T05:38:21+08:00] WAIT qwen3_1.7b jid=3477608_4 state=PENDING
[2026-09-06T05:38:21+08:00] WAIT qwen3_1.7b jid=3477608_5 state=PENDING
[2026-09-06T05:38:21+08:00] WAIT qwen3_1.7b jid=3477608_6 state=PENDING
[2026-09-06T05:38:21+08:00] WAIT olmo3_7b_think jid=3477609_0 state=PENDING
[2026-09-06T05:38:21+08:00] WAIT olmo3_7b_think jid=3477609_1 state=PENDING
[2026-09-06T05:38:21+08:00] WAIT olmo3_7b_think jid=3477609_2 state=PENDING
[2026-09-06T05:38:21+08:00] WAIT olmo3_7b_think jid=3477609_3 state=PENDING
[2026-09-06T05:38:21+08:00] WAIT olmo3_7b_think jid=3477609_4 state=PENDING
[2026-09-06T05:38:21+08:00] WAIT olmo3_7b_think jid=3477609_5 state=PENDING
[2026-09-06T05:38:21+08:00] WAIT olmo3_7b_think jid=3477609_6 state=PENDING
[2026-09-06T05:38:21+08:00] progress done=0/37 pending=37 failed=0
[2026-09-06T05:40:21+08:00] WAIT qwen3_1.7b jid=3477428 state=PENDING
[2026-09-06T05:40:21+08:00] WAIT qwen3_1.7b jid=3477429 state=PENDING
[2026-09-06T05:40:21+08:00] WAIT qwen3_1.7b jid=3477430 state=PENDING
[2026-09-06T05:40:21+08:00] WAIT olmo3_7b_think jid=3477431 state=PENDING
[2026-09-06T05:40:21+08:00] WAIT olmo3_7b_think jid=3477432 state=PENDING
[2026-09-06T05:40:21+08:00] WAIT olmo3_7b_think jid=3477433 state=PENDING
[2026-09-06T05:40:21+08:00] WAIT qwen3_4b_instruct jid=3477434 state=PENDING
[2026-09-06T05:40:21+08:00] WAIT qwen3_4b_instruct jid=3477435 state=PENDING
[2026-09-06T05:40:21+08:00] WAIT qwen3_4b_instruct jid=3477436 state=PENDING
[2026-09-06T05:40:21+08:00] WAIT qwen3_1.7b jid=3477606_0 state=PENDING
[2026-09-06T05:40:21+08:00] WAIT qwen3_1.7b jid=3477606_1 state=PENDING
[2026-09-06T05:40:21+08:00] WAIT qwen3_1.7b jid=3477606_2 state=PENDING
[2026-09-06T05:40:21+08:00] WAIT qwen3_1.7b jid=3477606_3 state=PENDING
[2026-09-06T05:40:21+08:00] WAIT qwen3_1.7b jid=3477606_4 state=PENDING
[2026-09-06T05:40:21+08:00] WAIT qwen3_1.7b jid=3477606_5 state=PENDING
[2026-09-06T05:40:21+08:00] WAIT qwen3_1.7b jid=3477606_6 state=PENDING
[2026-09-06T05:40:21+08:00] WAIT olmo3_7b_think jid=3477607_0 state=PENDING
[2026-09-06T05:40:21+08:00] WAIT olmo3_7b_think jid=3477607_1 state=PENDING
[2026-09-06T05:40:21+08:00] WAIT olmo3_7b_think jid=3477607_2 state=PENDING
[2026-09-06T05:40:21+08:00] WAIT olmo3_7b_think jid=3477607_3 state=PENDING
[2026-09-06T05:40:21+08:00] WAIT olmo3_7b_think jid=3477607_4 state=PENDING
[2026-09-06T05:40:21+08:00] WAIT olmo3_7b_think jid=3477607_5 state=PENDING
[2026-09-06T05:40:21+08:00] WAIT olmo3_7b_think jid=3477607_6 state=PENDING
[2026-09-06T05:40:21+08:00] WAIT qwen3_1.7b jid=3477608_0 state=PENDING
[2026-09-06T05:40:21+08:00] WAIT qwen3_1.7b jid=3477608_1 state=PENDING
[2026-09-06T05:40:21+08:00] WAIT qwen3_1.7b jid=3477608_2 state=PENDING
[2026-09-06T05:40:21+08:00] WAIT qwen3_1.7b jid=3477608_3 state=PENDING
[2026-09-06T05:40:21+08:00] WAIT qwen3_1.7b jid=3477608_4 state=PENDING
[2026-09-06T05:40:21+08:00] WAIT qwen3_1.7b jid=3477608_5 state=PENDING
[2026-09-06T05:40:21+08:00] WAIT qwen3_1.7b jid=3477608_6 state=PENDING
[2026-09-06T05:40:21+08:00] WAIT olmo3_7b_think jid=3477609_0 state=PENDING
[2026-09-06T05:40:21+08:00] WAIT olmo3_7b_think jid=3477609_1 state=PENDING
[2026-09-06T05:40:21+08:00] WAIT olmo3_7b_think jid=3477609_2 state=PENDING
[2026-09-06T05:40:21+08:00] WAIT olmo3_7b_think jid=3477609_3 state=PENDING
[2026-09-06T05:40:21+08:00] WAIT olmo3_7b_think jid=3477609_4 state=PENDING
[2026-09-06T05:40:21+08:00] WAIT olmo3_7b_think jid=3477609_5 state=PENDING
[2026-09-06T05:40:21+08:00] WAIT olmo3_7b_think jid=3477609_6 state=PENDING
[2026-09-06T05:40:21+08:00] progress done=0/37 pending=37 failed=0
[2026-09-06T05:42:21+08:00] WAIT qwen3_1.7b jid=3477428 state=PENDING
[2026-09-06T05:42:21+08:00] WAIT qwen3_1.7b jid=3477429 state=PENDING
[2026-09-06T05:42:21+08:00] WAIT qwen3_1.7b jid=3477430 state=PENDING
[2026-09-06T05:42:21+08:00] WAIT olmo3_7b_think jid=3477431 state=PENDING
[2026-09-06T05:42:21+08:00] WAIT olmo3_7b_think jid=3477432 state=PENDING
[2026-09-06T05:42:21+08:00] WAIT olmo3_7b_think jid=3477433 state=PENDING
[2026-09-06T05:42:21+08:00] WAIT qwen3_4b_instruct jid=3477434 state=PENDING
[2026-09-06T05:42:21+08:00] WAIT qwen3_4b_instruct jid=3477435 state=PENDING
[2026-09-06T05:42:21+08:00] WAIT qwen3_4b_instruct jid=3477436 state=PENDING
[2026-09-06T05:42:21+08:00] WAIT qwen3_1.7b jid=3477606_0 state=PENDING
[2026-09-06T05:42:21+08:00] WAIT qwen3_1.7b jid=3477606_1 state=PENDING
[2026-09-06T05:42:21+08:00] WAIT qwen3_1.7b jid=3477606_2 state=PENDING
[2026-09-06T05:42:21+08:00] WAIT qwen3_1.7b jid=3477606_3 state=PENDING
[2026-09-06T05:42:21+08:00] WAIT qwen3_1.7b jid=3477606_4 state=PENDING
[2026-09-06T05:42:21+08:00] WAIT qwen3_1.7b jid=3477606_5 state=PENDING
[2026-09-06T05:42:21+08:00] WAIT qwen3_1.7b jid=3477606_6 state=PENDING
[2026-09-06T05:42:21+08:00] WAIT olmo3_7b_think jid=3477607_0 state=PENDING
[2026-09-06T05:42:21+08:00] WAIT olmo3_7b_think jid=3477607_1 state=PENDING
[2026-09-06T05:42:21+08:00] WAIT olmo3_7b_think jid=3477607_2 state=PENDING
[2026-09-06T05:42:21+08:00] WAIT olmo3_7b_think jid=3477607_3 state=PENDING
[2026-09-06T05:42:21+08:00] WAIT olmo3_7b_think jid=3477607_4 state=PENDING
[2026-09-06T05:42:21+08:00] WAIT olmo3_7b_think jid=3477607_5 state=PENDING
[2026-09-06T05:42:21+08:00] WAIT olmo3_7b_think jid=3477607_6 state=PENDING
[2026-09-06T05:42:21+08:00] WAIT qwen3_1.7b jid=3477608_0 state=PENDING
[2026-09-06T05:42:21+08:00] WAIT qwen3_1.7b jid=3477608_1 state=PENDING
[2026-09-06T05:42:21+08:00] WAIT qwen3_1.7b jid=3477608_2 state=PENDING
[2026-09-06T05:42:21+08:00] WAIT qwen3_1.7b jid=3477608_3 state=PENDING
[2026-09-06T05:42:21+08:00] WAIT qwen3_1.7b jid=3477608_4 state=PENDING
[2026-09-06T05:42:21+08:00] WAIT qwen3_1.7b jid=3477608_5 state=PENDING
[2026-09-06T05:42:21+08:00] WAIT qwen3_1.7b jid=3477608_6 state=PENDING
[2026-09-06T05:42:21+08:00] WAIT olmo3_7b_think jid=3477609_0 state=PENDING
[2026-09-06T05:42:21+08:00] WAIT olmo3_7b_think jid=3477609_1 state=PENDING
[2026-09-06T05:42:21+08:00] WAIT olmo3_7b_think jid=3477609_2 state=PENDING
[2026-09-06T05:42:21+08:00] WAIT olmo3_7b_think jid=3477609_3 state=PENDING
[2026-09-06T05:42:21+08:00] WAIT olmo3_7b_think jid=3477609_4 state=PENDING
[2026-09-06T05:42:21+08:00] WAIT olmo3_7b_think jid=3477609_5 state=PENDING
[2026-09-06T05:42:21+08:00] WAIT olmo3_7b_think jid=3477609_6 state=PENDING
[2026-09-06T05:42:21+08:00] progress done=0/37 pending=37 failed=0
[2026-09-06T05:44:21+08:00] WAIT qwen3_1.7b jid=3477428 state=PENDING
[2026-09-06T05:44:22+08:00] WAIT qwen3_1.7b jid=3477429 state=PENDING
[2026-09-06T05:44:22+08:00] WAIT qwen3_1.7b jid=3477430 state=PENDING
[2026-09-06T05:44:22+08:00] WAIT olmo3_7b_think jid=3477431 state=PENDING
[2026-09-06T05:44:22+08:00] WAIT olmo3_7b_think jid=3477432 state=PENDING
[2026-09-06T05:44:22+08:00] WAIT olmo3_7b_think jid=3477433 state=PENDING
[2026-09-06T05:44:22+08:00] WAIT qwen3_4b_instruct jid=3477434 state=PENDING
[2026-09-06T05:44:22+08:00] WAIT qwen3_4b_instruct jid=3477435 state=PENDING
[2026-09-06T05:44:22+08:00] WAIT qwen3_4b_instruct jid=3477436 state=PENDING
[2026-09-06T05:44:22+08:00] WAIT qwen3_1.7b jid=3477606_0 state=PENDING
[2026-09-06T05:44:22+08:00] WAIT qwen3_1.7b jid=3477606_1 state=PENDING
[2026-09-06T05:44:22+08:00] WAIT qwen3_1.7b jid=3477606_2 state=PENDING
[2026-09-06T05:44:22+08:00] WAIT qwen3_1.7b jid=3477606_3 state=PENDING
[2026-09-06T05:44:22+08:00] WAIT qwen3_1.7b jid=3477606_4 state=PENDING
[2026-09-06T05:44:22+08:00] WAIT qwen3_1.7b jid=3477606_5 state=PENDING
[2026-09-06T05:44:22+08:00] WAIT qwen3_1.7b jid=3477606_6 state=PENDING
[2026-09-06T05:44:22+08:00] WAIT olmo3_7b_think jid=3477607_0 state=PENDING
[2026-09-06T05:44:22+08:00] WAIT olmo3_7b_think jid=3477607_1 state=PENDING
[2026-09-06T05:44:22+08:00] WAIT olmo3_7b_think jid=3477607_2 state=PENDING
[2026-09-06T05:44:22+08:00] WAIT olmo3_7b_think jid=3477607_3 state=PENDING
[2026-09-06T05:44:22+08:00] WAIT olmo3_7b_think jid=3477607_4 state=PENDING
[2026-09-06T05:44:22+08:00] WAIT olmo3_7b_think jid=3477607_5 state=PENDING
[2026-09-06T05:44:22+08:00] WAIT olmo3_7b_think jid=3477607_6 state=PENDING
[2026-09-06T05:44:22+08:00] WAIT qwen3_1.7b jid=3477608_0 state=PENDING
[2026-09-06T05:44:22+08:00] WAIT qwen3_1.7b jid=3477608_1 state=PENDING
[2026-09-06T05:44:22+08:00] WAIT qwen3_1.7b jid=3477608_2 state=PENDING
[2026-09-06T05:44:22+08:00] WAIT qwen3_1.7b jid=3477608_3 state=PENDING
[2026-09-06T05:44:22+08:00] WAIT qwen3_1.7b jid=3477608_4 state=PENDING
[2026-09-06T05:44:22+08:00] WAIT qwen3_1.7b jid=3477608_5 state=PENDING
[2026-09-06T05:44:22+08:00] WAIT qwen3_1.7b jid=3477608_6 state=PENDING
[2026-09-06T05:44:22+08:00] WAIT olmo3_7b_think jid=3477609_0 state=PENDING
[2026-09-06T05:44:22+08:00] WAIT olmo3_7b_think jid=3477609_1 state=PENDING
[2026-09-06T05:44:22+08:00] WAIT olmo3_7b_think jid=3477609_2 state=PENDING
[2026-09-06T05:44:22+08:00] WAIT olmo3_7b_think jid=3477609_3 state=PENDING
[2026-09-06T05:44:22+08:00] WAIT olmo3_7b_think jid=3477609_4 state=PENDING
[2026-09-06T05:44:22+08:00] WAIT olmo3_7b_think jid=3477609_5 state=PENDING
[2026-09-06T05:44:22+08:00] WAIT olmo3_7b_think jid=3477609_6 state=PENDING
[2026-09-06T05:44:22+08:00] progress done=0/37 pending=37 failed=0
[2026-09-06T05:46:22+08:00] WAIT qwen3_1.7b jid=3477428 state=PENDING
[2026-09-06T05:46:22+08:00] WAIT qwen3_1.7b jid=3477429 state=PENDING
[2026-09-06T05:46:22+08:00] WAIT qwen3_1.7b jid=3477430 state=PENDING
[2026-09-06T05:46:22+08:00] WAIT olmo3_7b_think jid=3477431 state=PENDING
[2026-09-06T05:46:22+08:00] WAIT olmo3_7b_think jid=3477432 state=PENDING
[2026-09-06T05:46:22+08:00] WAIT olmo3_7b_think jid=3477433 state=PENDING
[2026-09-06T05:46:22+08:00] WAIT qwen3_4b_instruct jid=3477434 state=PENDING
[2026-09-06T05:46:22+08:00] WAIT qwen3_4b_instruct jid=3477435 state=PENDING
[2026-09-06T05:46:22+08:00] WAIT qwen3_4b_instruct jid=3477436 state=PENDING
[2026-09-06T05:46:22+08:00] WAIT qwen3_1.7b jid=3477606_0 state=PENDING
[2026-09-06T05:46:22+08:00] WAIT qwen3_1.7b jid=3477606_1 state=PENDING
[2026-09-06T05:46:22+08:00] WAIT qwen3_1.7b jid=3477606_2 state=PENDING
[2026-09-06T05:46:22+08:00] WAIT qwen3_1.7b jid=3477606_3 state=PENDING
[2026-09-06T05:46:22+08:00] WAIT qwen3_1.7b jid=3477606_4 state=PENDING
[2026-09-06T05:46:22+08:00] WAIT qwen3_1.7b jid=3477606_5 state=PENDING
[2026-09-06T05:46:22+08:00] WAIT qwen3_1.7b jid=3477606_6 state=PENDING
[2026-09-06T05:46:22+08:00] WAIT olmo3_7b_think jid=3477607_0 state=PENDING
[2026-09-06T05:46:22+08:00] WAIT olmo3_7b_think jid=3477607_1 state=PENDING
[2026-09-06T05:46:22+08:00] WAIT olmo3_7b_think jid=3477607_2 state=PENDING
[2026-09-06T05:46:22+08:00] WAIT olmo3_7b_think jid=3477607_3 state=PENDING
[2026-09-06T05:46:22+08:00] WAIT olmo3_7b_think jid=3477607_4 state=PENDING
[2026-09-06T05:46:22+08:00] WAIT olmo3_7b_think jid=3477607_5 state=PENDING
[2026-09-06T05:46:22+08:00] WAIT olmo3_7b_think jid=3477607_6 state=PENDING
[2026-09-06T05:46:22+08:00] WAIT qwen3_1.7b jid=3477608_0 state=PENDING
[2026-09-06T05:46:22+08:00] WAIT qwen3_1.7b jid=3477608_1 state=PENDING
[2026-09-06T05:46:22+08:00] WAIT qwen3_1.7b jid=3477608_2 state=PENDING
[2026-09-06T05:46:22+08:00] WAIT qwen3_1.7b jid=3477608_3 state=PENDING
[2026-09-06T05:46:22+08:00] WAIT qwen3_1.7b jid=3477608_4 state=PENDING
[2026-09-06T05:46:22+08:00] WAIT qwen3_1.7b jid=3477608_5 state=PENDING
[2026-09-06T05:46:22+08:00] WAIT qwen3_1.7b jid=3477608_6 state=PENDING
[2026-09-06T05:46:22+08:00] WAIT olmo3_7b_think jid=3477609_0 state=PENDING
[2026-09-06T05:46:22+08:00] WAIT olmo3_7b_think jid=3477609_1 state=PENDING
[2026-09-06T05:46:22+08:00] WAIT olmo3_7b_think jid=3477609_2 state=PENDING
[2026-09-06T05:46:22+08:00] WAIT olmo3_7b_think jid=3477609_3 state=PENDING
[2026-09-06T05:46:22+08:00] WAIT olmo3_7b_think jid=3477609_4 state=PENDING
[2026-09-06T05:46:22+08:00] WAIT olmo3_7b_think jid=3477609_5 state=PENDING
[2026-09-06T05:46:22+08:00] WAIT olmo3_7b_think jid=3477609_6 state=PENDING
[2026-09-06T05:46:22+08:00] progress done=0/37 pending=37 failed=0
[2026-09-06T05:48:22+08:00] WAIT qwen3_1.7b jid=3477428 state=PENDING
[2026-09-06T05:48:22+08:00] WAIT qwen3_1.7b jid=3477429 state=PENDING
[2026-09-06T05:48:22+08:00] WAIT qwen3_1.7b jid=3477430 state=PENDING
[2026-09-06T05:48:22+08:00] WAIT olmo3_7b_think jid=3477431 state=PENDING
[2026-09-06T05:48:22+08:00] WAIT olmo3_7b_think jid=3477432 state=PENDING
[2026-09-06T05:48:22+08:00] WAIT olmo3_7b_think jid=3477433 state=PENDING
[2026-09-06T05:48:22+08:00] WAIT qwen3_4b_instruct jid=3477434 state=PENDING
[2026-09-06T05:48:22+08:00] WAIT qwen3_4b_instruct jid=3477435 state=PENDING
[2026-09-06T05:48:22+08:00] WAIT qwen3_4b_instruct jid=3477436 state=PENDING
[2026-09-06T05:48:22+08:00] WAIT qwen3_1.7b jid=3477606_0 state=PENDING
[2026-09-06T05:48:22+08:00] WAIT qwen3_1.7b jid=3477606_1 state=PENDING
[2026-09-06T05:48:22+08:00] WAIT qwen3_1.7b jid=3477606_2 state=PENDING
[2026-09-06T05:48:22+08:00] WAIT qwen3_1.7b jid=3477606_3 state=PENDING
[2026-09-06T05:48:22+08:00] WAIT qwen3_1.7b jid=3477606_4 state=PENDING
[2026-09-06T05:48:22+08:00] WAIT qwen3_1.7b jid=3477606_5 state=PENDING
[2026-09-06T05:48:22+08:00] WAIT qwen3_1.7b jid=3477606_6 state=PENDING
[2026-09-06T05:48:22+08:00] WAIT olmo3_7b_think jid=3477607_0 state=PENDING
[2026-09-06T05:48:22+08:00] WAIT olmo3_7b_think jid=3477607_1 state=PENDING
[2026-09-06T05:48:22+08:00] WAIT olmo3_7b_think jid=3477607_2 state=PENDING
[2026-09-06T05:48:22+08:00] WAIT olmo3_7b_think jid=3477607_3 state=PENDING
[2026-09-06T05:48:22+08:00] WAIT olmo3_7b_think jid=3477607_4 state=PENDING
[2026-09-06T05:48:23+08:00] WAIT olmo3_7b_think jid=3477607_5 state=PENDING
[2026-09-06T05:48:23+08:00] WAIT olmo3_7b_think jid=3477607_6 state=PENDING
[2026-09-06T05:48:23+08:00] WAIT qwen3_1.7b jid=3477608_0 state=PENDING
[2026-09-06T05:48:23+08:00] WAIT qwen3_1.7b jid=3477608_1 state=PENDING
[2026-09-06T05:48:23+08:00] WAIT qwen3_1.7b jid=3477608_2 state=PENDING
[2026-09-06T05:48:23+08:00] WAIT qwen3_1.7b jid=3477608_3 state=PENDING
[2026-09-06T05:48:23+08:00] WAIT qwen3_1.7b jid=3477608_4 state=PENDING
[2026-09-06T05:48:23+08:00] WAIT qwen3_1.7b jid=3477608_5 state=PENDING
[2026-09-06T05:48:23+08:00] WAIT qwen3_1.7b jid=3477608_6 state=PENDING
[2026-09-06T05:48:23+08:00] WAIT olmo3_7b_think jid=3477609_0 state=PENDING
[2026-09-06T05:48:23+08:00] WAIT olmo3_7b_think jid=3477609_1 state=PENDING
[2026-09-06T05:48:23+08:00] WAIT olmo3_7b_think jid=3477609_2 state=PENDING
[2026-09-06T05:48:23+08:00] WAIT olmo3_7b_think jid=3477609_3 state=PENDING
[2026-09-06T05:48:23+08:00] WAIT olmo3_7b_think jid=3477609_4 state=PENDING
[2026-09-06T05:48:23+08:00] WAIT olmo3_7b_think jid=3477609_5 state=PENDING
[2026-09-06T05:48:23+08:00] WAIT olmo3_7b_think jid=3477609_6 state=PENDING
[2026-09-06T05:48:23+08:00] progress done=0/37 pending=37 failed=0
[2026-09-06T05:50:23+08:00] WAIT qwen3_1.7b jid=3477428 state=PENDING
[2026-09-06T05:50:23+08:00] WAIT qwen3_1.7b jid=3477429 state=PENDING
[2026-09-06T05:50:23+08:00] WAIT qwen3_1.7b jid=3477430 state=PENDING
[2026-09-06T05:50:23+08:00] WAIT olmo3_7b_think jid=3477431 state=PENDING
[2026-09-06T05:50:23+08:00] WAIT olmo3_7b_think jid=3477432 state=PENDING
[2026-09-06T05:50:23+08:00] WAIT olmo3_7b_think jid=3477433 state=PENDING
[2026-09-06T05:50:23+08:00] WAIT qwen3_4b_instruct jid=3477434 state=PENDING
[2026-09-06T05:50:23+08:00] WAIT qwen3_4b_instruct jid=3477435 state=PENDING
[2026-09-06T05:50:23+08:00] WAIT qwen3_4b_instruct jid=3477436 state=PENDING
[2026-09-06T05:50:23+08:00] WAIT qwen3_1.7b jid=3477606_0 state=PENDING
[2026-09-06T05:50:23+08:00] WAIT qwen3_1.7b jid=3477606_1 state=PENDING
[2026-09-06T05:50:23+08:00] WAIT qwen3_1.7b jid=3477606_2 state=PENDING
[2026-09-06T05:50:23+08:00] WAIT qwen3_1.7b jid=3477606_3 state=PENDING
[2026-09-06T05:50:23+08:00] WAIT qwen3_1.7b jid=3477606_4 state=PENDING
[2026-09-06T05:50:23+08:00] WAIT qwen3_1.7b jid=3477606_5 state=PENDING
[2026-09-06T05:50:23+08:00] WAIT qwen3_1.7b jid=3477606_6 state=PENDING
[2026-09-06T05:50:23+08:00] WAIT olmo3_7b_think jid=3477607_0 state=PENDING
[2026-09-06T05:50:23+08:00] WAIT olmo3_7b_think jid=3477607_1 state=PENDING
[2026-09-06T05:50:23+08:00] WAIT olmo3_7b_think jid=3477607_2 state=PENDING
[2026-09-06T05:50:23+08:00] WAIT olmo3_7b_think jid=3477607_3 state=PENDING
[2026-09-06T05:50:23+08:00] WAIT olmo3_7b_think jid=3477607_4 state=PENDING
[2026-09-06T05:50:23+08:00] WAIT olmo3_7b_think jid=3477607_5 state=PENDING
[2026-09-06T05:50:23+08:00] WAIT olmo3_7b_think jid=3477607_6 state=PENDING
[2026-09-06T05:50:23+08:00] WAIT qwen3_1.7b jid=3477608_0 state=PENDING
[2026-09-06T05:50:23+08:00] WAIT qwen3_1.7b jid=3477608_1 state=PENDING
[2026-09-06T05:50:23+08:00] WAIT qwen3_1.7b jid=3477608_2 state=PENDING
[2026-09-06T05:50:23+08:00] WAIT qwen3_1.7b jid=3477608_3 state=PENDING
[2026-09-06T05:50:23+08:00] WAIT qwen3_1.7b jid=3477608_4 state=PENDING
[2026-09-06T05:50:23+08:00] WAIT qwen3_1.7b jid=3477608_5 state=PENDING
[2026-09-06T05:50:23+08:00] WAIT qwen3_1.7b jid=3477608_6 state=PENDING
[2026-09-06T05:50:23+08:00] WAIT olmo3_7b_think jid=3477609_0 state=PENDING
[2026-09-06T05:50:23+08:00] WAIT olmo3_7b_think jid=3477609_1 state=PENDING
[2026-09-06T05:50:23+08:00] WAIT olmo3_7b_think jid=3477609_2 state=PENDING
[2026-09-06T05:50:23+08:00] WAIT olmo3_7b_think jid=3477609_3 state=PENDING
[2026-09-06T05:50:23+08:00] WAIT olmo3_7b_think jid=3477609_4 state=PENDING
[2026-09-06T05:50:23+08:00] WAIT olmo3_7b_think jid=3477609_5 state=PENDING
[2026-09-06T05:50:23+08:00] WAIT olmo3_7b_think jid=3477609_6 state=PENDING
[2026-09-06T05:50:23+08:00] progress done=0/37 pending=37 failed=0
[2026-09-06T05:52:23+08:00] WAIT qwen3_1.7b jid=3477428 state=PENDING
[2026-09-06T05:52:23+08:00] WAIT qwen3_1.7b jid=3477429 state=PENDING
[2026-09-06T05:52:23+08:00] WAIT qwen3_1.7b jid=3477430 state=PENDING
[2026-09-06T05:52:23+08:00] WAIT olmo3_7b_think jid=3477431 state=PENDING
[2026-09-06T05:52:23+08:00] WAIT olmo3_7b_think jid=3477432 state=PENDING
[2026-09-06T05:52:23+08:00] WAIT olmo3_7b_think jid=3477433 state=PENDING
[2026-09-06T05:52:23+08:00] WAIT qwen3_4b_instruct jid=3477434 state=PENDING
[2026-09-06T05:52:23+08:00] WAIT qwen3_4b_instruct jid=3477435 state=PENDING
[2026-09-06T05:52:23+08:00] WAIT qwen3_4b_instruct jid=3477436 state=PENDING
[2026-09-06T05:52:23+08:00] WAIT qwen3_1.7b jid=3477606_0 state=PENDING
[2026-09-06T05:52:23+08:00] WAIT qwen3_1.7b jid=3477606_1 state=PENDING
[2026-09-06T05:52:23+08:00] WAIT qwen3_1.7b jid=3477606_2 state=PENDING
[2026-09-06T05:52:23+08:00] WAIT qwen3_1.7b jid=3477606_3 state=PENDING
[2026-09-06T05:52:23+08:00] WAIT qwen3_1.7b jid=3477606_4 state=PENDING
[2026-09-06T05:52:23+08:00] WAIT qwen3_1.7b jid=3477606_5 state=PENDING
[2026-09-06T05:52:23+08:00] WAIT qwen3_1.7b jid=3477606_6 state=PENDING
[2026-09-06T05:52:23+08:00] WAIT olmo3_7b_think jid=3477607_0 state=PENDING
[2026-09-06T05:52:23+08:00] WAIT olmo3_7b_think jid=3477607_1 state=PENDING
[2026-09-06T05:52:23+08:00] WAIT olmo3_7b_think jid=3477607_2 state=PENDING
[2026-09-06T05:52:23+08:00] WAIT olmo3_7b_think jid=3477607_3 state=PENDING
[2026-09-06T05:52:23+08:00] WAIT olmo3_7b_think jid=3477607_4 state=PENDING
[2026-09-06T05:52:23+08:00] WAIT olmo3_7b_think jid=3477607_5 state=PENDING
[2026-09-06T05:52:23+08:00] WAIT olmo3_7b_think jid=3477607_6 state=PENDING
[2026-09-06T05:52:23+08:00] WAIT qwen3_1.7b jid=3477608_0 state=PENDING
[2026-09-06T05:52:23+08:00] WAIT qwen3_1.7b jid=3477608_1 state=PENDING
[2026-09-06T05:52:23+08:00] WAIT qwen3_1.7b jid=3477608_2 state=PENDING
[2026-09-06T05:52:23+08:00] WAIT qwen3_1.7b jid=3477608_3 state=PENDING
[2026-09-06T05:52:23+08:00] WAIT qwen3_1.7b jid=3477608_4 state=PENDING
[2026-09-06T05:52:23+08:00] WAIT qwen3_1.7b jid=3477608_5 state=PENDING
[2026-09-06T05:52:23+08:00] WAIT qwen3_1.7b jid=3477608_6 state=PENDING
[2026-09-06T05:52:23+08:00] WAIT olmo3_7b_think jid=3477609_0 state=PENDING
[2026-09-06T05:52:23+08:00] WAIT olmo3_7b_think jid=3477609_1 state=PENDING
[2026-09-06T05:52:23+08:00] WAIT olmo3_7b_think jid=3477609_2 state=PENDING
[2026-09-06T05:52:23+08:00] WAIT olmo3_7b_think jid=3477609_3 state=PENDING
[2026-09-06T05:52:23+08:00] WAIT olmo3_7b_think jid=3477609_4 state=PENDING
[2026-09-06T05:52:23+08:00] WAIT olmo3_7b_think jid=3477609_5 state=PENDING
[2026-09-06T05:52:23+08:00] WAIT olmo3_7b_think jid=3477609_6 state=PENDING
[2026-09-06T05:52:23+08:00] progress done=0/37 pending=37 failed=0
[2026-09-06T05:54:23+08:00] WAIT qwen3_1.7b jid=3477428 state=PENDING
[2026-09-06T05:54:24+08:00] WAIT qwen3_1.7b jid=3477429 state=PENDING
[2026-09-06T05:54:24+08:00] WAIT qwen3_1.7b jid=3477430 state=PENDING
[2026-09-06T05:54:24+08:00] WAIT olmo3_7b_think jid=3477431 state=PENDING
[2026-09-06T05:54:24+08:00] WAIT olmo3_7b_think jid=3477432 state=PENDING
[2026-09-06T05:54:24+08:00] WAIT olmo3_7b_think jid=3477433 state=PENDING
[2026-09-06T05:54:24+08:00] WAIT qwen3_4b_instruct jid=3477434 state=PENDING
[2026-09-06T05:54:24+08:00] WAIT qwen3_4b_instruct jid=3477435 state=PENDING
[2026-09-06T05:54:24+08:00] WAIT qwen3_4b_instruct jid=3477436 state=PENDING
[2026-09-06T05:54:24+08:00] WAIT qwen3_1.7b jid=3477606_0 state=PENDING
[2026-09-06T05:54:24+08:00] WAIT qwen3_1.7b jid=3477606_1 state=PENDING
[2026-09-06T05:54:24+08:00] WAIT qwen3_1.7b jid=3477606_2 state=PENDING
[2026-09-06T05:54:24+08:00] WAIT qwen3_1.7b jid=3477606_3 state=PENDING
[2026-09-06T05:54:24+08:00] WAIT qwen3_1.7b jid=3477606_4 state=PENDING
[2026-09-06T05:54:24+08:00] WAIT qwen3_1.7b jid=3477606_5 state=PENDING
[2026-09-06T05:54:24+08:00] WAIT qwen3_1.7b jid=3477606_6 state=PENDING
[2026-09-06T05:54:24+08:00] WAIT olmo3_7b_think jid=3477607_0 state=PENDING
[2026-09-06T05:54:24+08:00] WAIT olmo3_7b_think jid=3477607_1 state=PENDING
[2026-09-06T05:54:24+08:00] WAIT olmo3_7b_think jid=3477607_2 state=PENDING
[2026-09-06T05:54:24+08:00] WAIT olmo3_7b_think jid=3477607_3 state=PENDING
[2026-09-06T05:54:24+08:00] WAIT olmo3_7b_think jid=3477607_4 state=PENDING
[2026-09-06T05:54:24+08:00] WAIT olmo3_7b_think jid=3477607_5 state=PENDING
[2026-09-06T05:54:24+08:00] WAIT olmo3_7b_think jid=3477607_6 state=PENDING
[2026-09-06T05:54:24+08:00] WAIT qwen3_1.7b jid=3477608_0 state=PENDING
[2026-09-06T05:54:24+08:00] WAIT qwen3_1.7b jid=3477608_1 state=PENDING
[2026-09-06T05:54:24+08:00] WAIT qwen3_1.7b jid=3477608_2 state=PENDING
[2026-09-06T05:54:24+08:00] WAIT qwen3_1.7b jid=3477608_3 state=PENDING
[2026-09-06T05:54:24+08:00] WAIT qwen3_1.7b jid=3477608_4 state=PENDING
[2026-09-06T05:54:24+08:00] WAIT qwen3_1.7b jid=3477608_5 state=PENDING
[2026-09-06T05:54:24+08:00] WAIT qwen3_1.7b jid=3477608_6 state=PENDING
[2026-09-06T05:54:24+08:00] WAIT olmo3_7b_think jid=3477609_0 state=PENDING
[2026-09-06T05:54:24+08:00] WAIT olmo3_7b_think jid=3477609_1 state=PENDING
[2026-09-06T05:54:24+08:00] WAIT olmo3_7b_think jid=3477609_2 state=PENDING
[2026-09-06T05:54:24+08:00] WAIT olmo3_7b_think jid=3477609_3 state=PENDING
[2026-09-06T05:54:24+08:00] WAIT olmo3_7b_think jid=3477609_4 state=PENDING
[2026-09-06T05:54:24+08:00] WAIT olmo3_7b_think jid=3477609_5 state=PENDING
[2026-09-06T05:54:24+08:00] WAIT olmo3_7b_think jid=3477609_6 state=PENDING
[2026-09-06T05:54:24+08:00] progress done=0/37 pending=37 failed=0
[2026-09-06T05:56:24+08:00] WAIT qwen3_1.7b jid=3477428 state=PENDING
[2026-09-06T05:56:24+08:00] WAIT qwen3_1.7b jid=3477429 state=PENDING
[2026-09-06T05:56:24+08:00] WAIT qwen3_1.7b jid=3477430 state=PENDING
[2026-09-06T05:56:24+08:00] WAIT olmo3_7b_think jid=3477431 state=PENDING
[2026-09-06T05:56:24+08:00] WAIT olmo3_7b_think jid=3477432 state=PENDING
[2026-09-06T05:56:24+08:00] WAIT olmo3_7b_think jid=3477433 state=PENDING
[2026-09-06T05:56:24+08:00] WAIT qwen3_4b_instruct jid=3477434 state=PENDING
[2026-09-06T05:56:24+08:00] WAIT qwen3_4b_instruct jid=3477435 state=PENDING
[2026-09-06T05:56:24+08:00] WAIT qwen3_4b_instruct jid=3477436 state=PENDING
[2026-09-06T05:56:24+08:00] WAIT qwen3_1.7b jid=3477606_0 state=PENDING
[2026-09-06T05:56:24+08:00] WAIT qwen3_1.7b jid=3477606_1 state=PENDING
[2026-09-06T05:56:24+08:00] WAIT qwen3_1.7b jid=3477606_2 state=PENDING
[2026-09-06T05:56:24+08:00] WAIT qwen3_1.7b jid=3477606_3 state=PENDING
[2026-09-06T05:56:24+08:00] WAIT qwen3_1.7b jid=3477606_4 state=PENDING
[2026-09-06T05:56:24+08:00] WAIT qwen3_1.7b jid=3477606_5 state=PENDING
[2026-09-06T05:56:24+08:00] WAIT qwen3_1.7b jid=3477606_6 state=PENDING
[2026-09-06T05:56:24+08:00] WAIT olmo3_7b_think jid=3477607_0 state=PENDING
[2026-09-06T05:56:24+08:00] WAIT olmo3_7b_think jid=3477607_1 state=PENDING
[2026-09-06T05:56:24+08:00] WAIT olmo3_7b_think jid=3477607_2 state=PENDING
[2026-09-06T05:56:24+08:00] WAIT olmo3_7b_think jid=3477607_3 state=PENDING
[2026-09-06T05:56:24+08:00] WAIT olmo3_7b_think jid=3477607_4 state=PENDING
[2026-09-06T05:56:24+08:00] WAIT olmo3_7b_think jid=3477607_5 state=PENDING
[2026-09-06T05:56:24+08:00] WAIT olmo3_7b_think jid=3477607_6 state=PENDING
[2026-09-06T05:56:24+08:00] WAIT qwen3_1.7b jid=3477608_0 state=PENDING
[2026-09-06T05:56:24+08:00] WAIT qwen3_1.7b jid=3477608_1 state=PENDING
[2026-09-06T05:56:24+08:00] WAIT qwen3_1.7b jid=3477608_2 state=PENDING
[2026-09-06T05:56:24+08:00] WAIT qwen3_1.7b jid=3477608_3 state=PENDING
[2026-09-06T05:56:24+08:00] WAIT qwen3_1.7b jid=3477608_4 state=PENDING
[2026-09-06T05:56:24+08:00] WAIT qwen3_1.7b jid=3477608_5 state=PENDING
[2026-09-06T05:56:24+08:00] WAIT qwen3_1.7b jid=3477608_6 state=PENDING
[2026-09-06T05:56:24+08:00] WAIT olmo3_7b_think jid=3477609_0 state=PENDING
[2026-09-06T05:56:24+08:00] WAIT olmo3_7b_think jid=3477609_1 state=PENDING
[2026-09-06T05:56:24+08:00] WAIT olmo3_7b_think jid=3477609_2 state=PENDING
[2026-09-06T05:56:24+08:00] WAIT olmo3_7b_think jid=3477609_3 state=PENDING
[2026-09-06T05:56:24+08:00] WAIT olmo3_7b_think jid=3477609_4 state=PENDING
[2026-09-06T05:56:24+08:00] WAIT olmo3_7b_think jid=3477609_5 state=PENDING
[2026-09-06T05:56:24+08:00] WAIT olmo3_7b_think jid=3477609_6 state=PENDING
[2026-09-06T05:56:24+08:00] progress done=0/37 pending=37 failed=0
[2026-09-06T05:58:24+08:00] WAIT qwen3_1.7b jid=3477428 state=PENDING
[2026-09-06T05:58:24+08:00] WAIT qwen3_1.7b jid=3477429 state=PENDING
[2026-09-06T05:58:24+08:00] WAIT qwen3_1.7b jid=3477430 state=PENDING
[2026-09-06T05:58:24+08:00] WAIT olmo3_7b_think jid=3477431 state=PENDING
[2026-09-06T05:58:24+08:00] WAIT olmo3_7b_think jid=3477432 state=PENDING
[2026-09-06T05:58:24+08:00] WAIT olmo3_7b_think jid=3477433 state=PENDING
[2026-09-06T05:58:24+08:00] WAIT qwen3_4b_instruct jid=3477434 state=PENDING
[2026-09-06T05:58:24+08:00] WAIT qwen3_4b_instruct jid=3477435 state=PENDING
[2026-09-06T05:58:24+08:00] WAIT qwen3_4b_instruct jid=3477436 state=PENDING
[2026-09-06T05:58:24+08:00] WAIT qwen3_1.7b jid=3477606_0 state=PENDING
[2026-09-06T05:58:24+08:00] WAIT qwen3_1.7b jid=3477606_1 state=PENDING
[2026-09-06T05:58:24+08:00] WAIT qwen3_1.7b jid=3477606_2 state=PENDING
[2026-09-06T05:58:24+08:00] WAIT qwen3_1.7b jid=3477606_3 state=PENDING
[2026-09-06T05:58:24+08:00] WAIT qwen3_1.7b jid=3477606_4 state=PENDING
[2026-09-06T05:58:24+08:00] WAIT qwen3_1.7b jid=3477606_5 state=PENDING
[2026-09-06T05:58:24+08:00] WAIT qwen3_1.7b jid=3477606_6 state=PENDING
[2026-09-06T05:58:25+08:00] WAIT olmo3_7b_think jid=3477607_0 state=PENDING
[2026-09-06T05:58:25+08:00] WAIT olmo3_7b_think jid=3477607_1 state=PENDING
[2026-09-06T05:58:25+08:00] WAIT olmo3_7b_think jid=3477607_2 state=PENDING
[2026-09-06T05:58:25+08:00] WAIT olmo3_7b_think jid=3477607_3 state=PENDING
[2026-09-06T05:58:25+08:00] WAIT olmo3_7b_think jid=3477607_4 state=PENDING
[2026-09-06T05:58:25+08:00] WAIT olmo3_7b_think jid=3477607_5 state=PENDING
[2026-09-06T05:58:25+08:00] WAIT olmo3_7b_think jid=3477607_6 state=PENDING
[2026-09-06T05:58:25+08:00] WAIT qwen3_1.7b jid=3477608_0 state=PENDING
[2026-09-06T05:58:25+08:00] WAIT qwen3_1.7b jid=3477608_1 state=PENDING
[2026-09-06T05:58:25+08:00] WAIT qwen3_1.7b jid=3477608_2 state=PENDING
[2026-09-06T05:58:25+08:00] WAIT qwen3_1.7b jid=3477608_3 state=PENDING
[2026-09-06T05:58:25+08:00] WAIT qwen3_1.7b jid=3477608_4 state=PENDING
[2026-09-06T05:58:25+08:00] WAIT qwen3_1.7b jid=3477608_5 state=PENDING
[2026-09-06T05:58:25+08:00] WAIT qwen3_1.7b jid=3477608_6 state=PENDING
[2026-09-06T05:58:25+08:00] WAIT olmo3_7b_think jid=3477609_0 state=PENDING
[2026-09-06T05:58:25+08:00] WAIT olmo3_7b_think jid=3477609_1 state=PENDING
[2026-09-06T05:58:25+08:00] WAIT olmo3_7b_think jid=3477609_2 state=PENDING
[2026-09-06T05:58:25+08:00] WAIT olmo3_7b_think jid=3477609_3 state=PENDING
[2026-09-06T05:58:25+08:00] WAIT olmo3_7b_think jid=3477609_4 state=PENDING
[2026-09-06T05:58:25+08:00] WAIT olmo3_7b_think jid=3477609_5 state=PENDING
[2026-09-06T05:58:25+08:00] WAIT olmo3_7b_think jid=3477609_6 state=PENDING
[2026-09-06T05:58:25+08:00] progress done=0/37 pending=37 failed=0
[2026-09-06T06:00:25+08:00] WAIT qwen3_1.7b jid=3477428 state=PENDING
[2026-09-06T06:00:25+08:00] WAIT qwen3_1.7b jid=3477429 state=PENDING
[2026-09-06T06:00:25+08:00] WAIT qwen3_1.7b jid=3477430 state=PENDING
[2026-09-06T06:00:25+08:00] WAIT olmo3_7b_think jid=3477431 state=PENDING
[2026-09-06T06:00:25+08:00] WAIT olmo3_7b_think jid=3477432 state=PENDING
[2026-09-06T06:00:25+08:00] WAIT olmo3_7b_think jid=3477433 state=PENDING
[2026-09-06T06:00:25+08:00] WAIT qwen3_4b_instruct jid=3477434 state=PENDING
[2026-09-06T06:00:25+08:00] WAIT qwen3_4b_instruct jid=3477435 state=PENDING
[2026-09-06T06:00:25+08:00] WAIT qwen3_4b_instruct jid=3477436 state=PENDING
[2026-09-06T06:00:25+08:00] WAIT qwen3_1.7b jid=3477606_0 state=PENDING
[2026-09-06T06:00:25+08:00] WAIT qwen3_1.7b jid=3477606_1 state=PENDING
[2026-09-06T06:00:25+08:00] WAIT qwen3_1.7b jid=3477606_2 state=PENDING
[2026-09-06T06:00:25+08:00] WAIT qwen3_1.7b jid=3477606_3 state=PENDING
[2026-09-06T06:00:25+08:00] WAIT qwen3_1.7b jid=3477606_4 state=PENDING
[2026-09-06T06:00:25+08:00] WAIT qwen3_1.7b jid=3477606_5 state=PENDING
[2026-09-06T06:00:25+08:00] WAIT qwen3_1.7b jid=3477606_6 state=PENDING
[2026-09-06T06:00:25+08:00] WAIT olmo3_7b_think jid=3477607_0 state=PENDING
[2026-09-06T06:00:25+08:00] WAIT olmo3_7b_think jid=3477607_1 state=PENDING
[2026-09-06T06:00:25+08:00] WAIT olmo3_7b_think jid=3477607_2 state=PENDING
[2026-09-06T06:00:25+08:00] WAIT olmo3_7b_think jid=3477607_3 state=PENDING
[2026-09-06T06:00:25+08:00] WAIT olmo3_7b_think jid=3477607_4 state=PENDING
[2026-09-06T06:00:25+08:00] WAIT olmo3_7b_think jid=3477607_5 state=PENDING
[2026-09-06T06:00:25+08:00] WAIT olmo3_7b_think jid=3477607_6 state=PENDING
[2026-09-06T06:00:25+08:00] WAIT qwen3_1.7b jid=3477608_0 state=PENDING
[2026-09-06T06:00:25+08:00] WAIT qwen3_1.7b jid=3477608_1 state=PENDING
[2026-09-06T06:00:25+08:00] WAIT qwen3_1.7b jid=3477608_2 state=PENDING
[2026-09-06T06:00:25+08:00] WAIT qwen3_1.7b jid=3477608_3 state=PENDING
[2026-09-06T06:00:25+08:00] WAIT qwen3_1.7b jid=3477608_4 state=PENDING
[2026-09-06T06:00:25+08:00] WAIT qwen3_1.7b jid=3477608_5 state=PENDING
[2026-09-06T06:00:25+08:00] WAIT qwen3_1.7b jid=3477608_6 state=PENDING
[2026-09-06T06:00:25+08:00] WAIT olmo3_7b_think jid=3477609_0 state=PENDING
[2026-09-06T06:00:25+08:00] WAIT olmo3_7b_think jid=3477609_1 state=PENDING
[2026-09-06T06:00:25+08:00] WAIT olmo3_7b_think jid=3477609_2 state=PENDING
[2026-09-06T06:00:25+08:00] WAIT olmo3_7b_think jid=3477609_3 state=PENDING
[2026-09-06T06:00:25+08:00] WAIT olmo3_7b_think jid=3477609_4 state=PENDING
[2026-09-06T06:00:25+08:00] WAIT olmo3_7b_think jid=3477609_5 state=PENDING
[2026-09-06T06:00:25+08:00] WAIT olmo3_7b_think jid=3477609_6 state=PENDING
[2026-09-06T06:00:25+08:00] progress done=0/37 pending=37 failed=0
[2026-09-06T06:02:25+08:00] WAIT qwen3_1.7b jid=3477428 state=PENDING
[2026-09-06T06:02:25+08:00] WAIT qwen3_1.7b jid=3477429 state=PENDING
[2026-09-06T06:02:25+08:00] WAIT qwen3_1.7b jid=3477430 state=PENDING
[2026-09-06T06:02:25+08:00] WAIT olmo3_7b_think jid=3477431 state=PENDING
[2026-09-06T06:02:25+08:00] WAIT olmo3_7b_think jid=3477432 state=PENDING
[2026-09-06T06:02:25+08:00] WAIT olmo3_7b_think jid=3477433 state=PENDING
[2026-09-06T06:02:25+08:00] WAIT qwen3_4b_instruct jid=3477434 state=PENDING
[2026-09-06T06:02:25+08:00] WAIT qwen3_4b_instruct jid=3477435 state=PENDING
[2026-09-06T06:02:25+08:00] WAIT qwen3_4b_instruct jid=3477436 state=PENDING
[2026-09-06T06:02:25+08:00] WAIT qwen3_1.7b jid=3477606_0 state=PENDING
[2026-09-06T06:02:25+08:00] WAIT qwen3_1.7b jid=3477606_1 state=PENDING
[2026-09-06T06:02:25+08:00] WAIT qwen3_1.7b jid=3477606_2 state=PENDING
[2026-09-06T06:02:25+08:00] WAIT qwen3_1.7b jid=3477606_3 state=PENDING
[2026-09-06T06:02:25+08:00] WAIT qwen3_1.7b jid=3477606_4 state=PENDING
[2026-09-06T06:02:25+08:00] WAIT qwen3_1.7b jid=3477606_5 state=PENDING
[2026-09-06T06:02:25+08:00] WAIT qwen3_1.7b jid=3477606_6 state=PENDING
[2026-09-06T06:02:25+08:00] WAIT olmo3_7b_think jid=3477607_0 state=PENDING
[2026-09-06T06:02:25+08:00] WAIT olmo3_7b_think jid=3477607_1 state=PENDING
[2026-09-06T06:02:25+08:00] WAIT olmo3_7b_think jid=3477607_2 state=PENDING
[2026-09-06T06:02:25+08:00] WAIT olmo3_7b_think jid=3477607_3 state=PENDING
[2026-09-06T06:02:25+08:00] WAIT olmo3_7b_think jid=3477607_4 state=PENDING
[2026-09-06T06:02:25+08:00] WAIT olmo3_7b_think jid=3477607_5 state=PENDING
[2026-09-06T06:02:25+08:00] WAIT olmo3_7b_think jid=3477607_6 state=PENDING
[2026-09-06T06:02:25+08:00] WAIT qwen3_1.7b jid=3477608_0 state=PENDING
[2026-09-06T06:02:25+08:00] WAIT qwen3_1.7b jid=3477608_1 state=PENDING
[2026-09-06T06:02:25+08:00] WAIT qwen3_1.7b jid=3477608_2 state=PENDING
[2026-09-06T06:02:25+08:00] WAIT qwen3_1.7b jid=3477608_3 state=PENDING
[2026-09-06T06:02:25+08:00] WAIT qwen3_1.7b jid=3477608_4 state=PENDING
[2026-09-06T06:02:25+08:00] WAIT qwen3_1.7b jid=3477608_5 state=PENDING
[2026-09-06T06:02:25+08:00] WAIT qwen3_1.7b jid=3477608_6 state=PENDING
[2026-09-06T06:02:25+08:00] WAIT olmo3_7b_think jid=3477609_0 state=PENDING
[2026-09-06T06:02:25+08:00] WAIT olmo3_7b_think jid=3477609_1 state=PENDING
[2026-09-06T06:02:26+08:00] WAIT olmo3_7b_think jid=3477609_2 state=PENDING
[2026-09-06T06:02:26+08:00] WAIT olmo3_7b_think jid=3477609_3 state=PENDING
[2026-09-06T06:02:26+08:00] WAIT olmo3_7b_think jid=3477609_4 state=PENDING
[2026-09-06T06:02:26+08:00] WAIT olmo3_7b_think jid=3477609_5 state=PENDING
[2026-09-06T06:02:26+08:00] WAIT olmo3_7b_think jid=3477609_6 state=PENDING
[2026-09-06T06:02:26+08:00] progress done=0/37 pending=37 failed=0
[2026-09-06T06:04:26+08:00] WAIT qwen3_1.7b jid=3477428 state=PENDING
[2026-09-06T06:04:26+08:00] WAIT qwen3_1.7b jid=3477429 state=PENDING
[2026-09-06T06:04:26+08:00] WAIT qwen3_1.7b jid=3477430 state=PENDING
[2026-09-06T06:04:26+08:00] WAIT olmo3_7b_think jid=3477431 state=PENDING
[2026-09-06T06:04:26+08:00] WAIT olmo3_7b_think jid=3477432 state=PENDING
[2026-09-06T06:04:26+08:00] WAIT olmo3_7b_think jid=3477433 state=PENDING
[2026-09-06T06:04:26+08:00] WAIT qwen3_4b_instruct jid=3477434 state=PENDING
[2026-09-06T06:04:26+08:00] WAIT qwen3_4b_instruct jid=3477435 state=PENDING
[2026-09-06T06:04:26+08:00] WAIT qwen3_4b_instruct jid=3477436 state=PENDING
[2026-09-06T06:04:26+08:00] WAIT qwen3_1.7b jid=3477606_0 state=PENDING
[2026-09-06T06:04:26+08:00] WAIT qwen3_1.7b jid=3477606_1 state=PENDING
[2026-09-06T06:04:26+08:00] WAIT qwen3_1.7b jid=3477606_2 state=PENDING
[2026-09-06T06:04:26+08:00] WAIT qwen3_1.7b jid=3477606_3 state=PENDING
[2026-09-06T06:04:26+08:00] WAIT qwen3_1.7b jid=3477606_4 state=PENDING
[2026-09-06T06:04:26+08:00] WAIT qwen3_1.7b jid=3477606_5 state=PENDING
[2026-09-06T06:04:26+08:00] WAIT qwen3_1.7b jid=3477606_6 state=PENDING
[2026-09-06T06:04:26+08:00] WAIT olmo3_7b_think jid=3477607_0 state=PENDING
[2026-09-06T06:04:26+08:00] WAIT olmo3_7b_think jid=3477607_1 state=PENDING
[2026-09-06T06:04:26+08:00] WAIT olmo3_7b_think jid=3477607_2 state=PENDING
[2026-09-06T06:04:26+08:00] WAIT olmo3_7b_think jid=3477607_3 state=PENDING
[2026-09-06T06:04:26+08:00] WAIT olmo3_7b_think jid=3477607_4 state=PENDING
[2026-09-06T06:04:26+08:00] WAIT olmo3_7b_think jid=3477607_5 state=PENDING
[2026-09-06T06:04:26+08:00] WAIT olmo3_7b_think jid=3477607_6 state=PENDING
[2026-09-06T06:04:26+08:00] WAIT qwen3_1.7b jid=3477608_0 state=PENDING
[2026-09-06T06:04:26+08:00] WAIT qwen3_1.7b jid=3477608_1 state=PENDING
[2026-09-06T06:04:26+08:00] WAIT qwen3_1.7b jid=3477608_2 state=PENDING
[2026-09-06T06:04:26+08:00] WAIT qwen3_1.7b jid=3477608_3 state=PENDING
[2026-09-06T06:04:26+08:00] WAIT qwen3_1.7b jid=3477608_4 state=PENDING
[2026-09-06T06:04:26+08:00] WAIT qwen3_1.7b jid=3477608_5 state=PENDING
[2026-09-06T06:04:26+08:00] WAIT qwen3_1.7b jid=3477608_6 state=PENDING
[2026-09-06T06:04:26+08:00] WAIT olmo3_7b_think jid=3477609_0 state=PENDING
[2026-09-06T06:04:26+08:00] WAIT olmo3_7b_think jid=3477609_1 state=PENDING
[2026-09-06T06:04:26+08:00] WAIT olmo3_7b_think jid=3477609_2 state=PENDING
[2026-09-06T06:04:26+08:00] WAIT olmo3_7b_think jid=3477609_3 state=PENDING
[2026-09-06T06:04:26+08:00] WAIT olmo3_7b_think jid=3477609_4 state=PENDING
[2026-09-06T06:04:26+08:00] WAIT olmo3_7b_think jid=3477609_5 state=PENDING
[2026-09-06T06:04:26+08:00] WAIT olmo3_7b_think jid=3477609_6 state=PENDING
[2026-09-06T06:04:26+08:00] progress done=0/37 pending=37 failed=0
[2026-09-06T06:06:26+08:00] WAIT qwen3_1.7b jid=3477428 state=PENDING
[2026-09-06T06:06:26+08:00] WAIT qwen3_1.7b jid=3477429 state=PENDING
[2026-09-06T06:06:26+08:00] WAIT qwen3_1.7b jid=3477430 state=PENDING
[2026-09-06T06:06:26+08:00] WAIT olmo3_7b_think jid=3477431 state=PENDING
[2026-09-06T06:06:26+08:00] WAIT olmo3_7b_think jid=3477432 state=PENDING
[2026-09-06T06:06:26+08:00] WAIT olmo3_7b_think jid=3477433 state=PENDING
[2026-09-06T06:06:26+08:00] WAIT qwen3_4b_instruct jid=3477434 state=PENDING
[2026-09-06T06:06:26+08:00] WAIT qwen3_4b_instruct jid=3477435 state=PENDING
[2026-09-06T06:06:26+08:00] WAIT qwen3_4b_instruct jid=3477436 state=PENDING
[2026-09-06T06:06:26+08:00] WAIT qwen3_1.7b jid=3477606_0 state=PENDING
[2026-09-06T06:06:26+08:00] WAIT qwen3_1.7b jid=3477606_1 state=PENDING
[2026-09-06T06:06:26+08:00] WAIT qwen3_1.7b jid=3477606_2 state=PENDING
[2026-09-06T06:06:26+08:00] WAIT qwen3_1.7b jid=3477606_3 state=PENDING
[2026-09-06T06:06:26+08:00] WAIT qwen3_1.7b jid=3477606_4 state=PENDING
[2026-09-06T06:06:26+08:00] WAIT qwen3_1.7b jid=3477606_5 state=PENDING
[2026-09-06T06:06:26+08:00] WAIT qwen3_1.7b jid=3477606_6 state=PENDING
[2026-09-06T06:06:26+08:00] WAIT olmo3_7b_think jid=3477607_0 state=PENDING
[2026-09-06T06:06:26+08:00] WAIT olmo3_7b_think jid=3477607_1 state=PENDING
[2026-09-06T06:06:26+08:00] WAIT olmo3_7b_think jid=3477607_2 state=PENDING
[2026-09-06T06:06:26+08:00] WAIT olmo3_7b_think jid=3477607_3 state=PENDING
[2026-09-06T06:06:26+08:00] WAIT olmo3_7b_think jid=3477607_4 state=PENDING
[2026-09-06T06:06:26+08:00] WAIT olmo3_7b_think jid=3477607_5 state=PENDING
[2026-09-06T06:06:26+08:00] WAIT olmo3_7b_think jid=3477607_6 state=PENDING
[2026-09-06T06:06:26+08:00] WAIT qwen3_1.7b jid=3477608_0 state=PENDING
[2026-09-06T06:06:26+08:00] WAIT qwen3_1.7b jid=3477608_1 state=PENDING
[2026-09-06T06:06:26+08:00] WAIT qwen3_1.7b jid=3477608_2 state=PENDING
[2026-09-06T06:06:26+08:00] WAIT qwen3_1.7b jid=3477608_3 state=PENDING
[2026-09-06T06:06:26+08:00] WAIT qwen3_1.7b jid=3477608_4 state=PENDING
[2026-09-06T06:06:26+08:00] WAIT qwen3_1.7b jid=3477608_5 state=PENDING
[2026-09-06T06:06:26+08:00] WAIT qwen3_1.7b jid=3477608_6 state=PENDING
[2026-09-06T06:06:26+08:00] WAIT olmo3_7b_think jid=3477609_0 state=PENDING
[2026-09-06T06:06:26+08:00] WAIT olmo3_7b_think jid=3477609_1 state=PENDING
[2026-09-06T06:06:26+08:00] WAIT olmo3_7b_think jid=3477609_2 state=PENDING
[2026-09-06T06:06:26+08:00] WAIT olmo3_7b_think jid=3477609_3 state=PENDING
[2026-09-06T06:06:26+08:00] WAIT olmo3_7b_think jid=3477609_4 state=PENDING
[2026-09-06T06:06:26+08:00] WAIT olmo3_7b_think jid=3477609_5 state=PENDING
[2026-09-06T06:06:26+08:00] WAIT olmo3_7b_think jid=3477609_6 state=PENDING
[2026-09-06T06:06:26+08:00] progress done=0/37 pending=37 failed=0
[2026-09-06T06:08:26+08:00] WAIT qwen3_1.7b jid=3477428 state=PENDING
[2026-09-06T06:08:26+08:00] WAIT qwen3_1.7b jid=3477429 state=PENDING
[2026-09-06T06:08:26+08:00] WAIT qwen3_1.7b jid=3477430 state=PENDING
[2026-09-06T06:08:26+08:00] WAIT olmo3_7b_think jid=3477431 state=PENDING
[2026-09-06T06:08:26+08:00] WAIT olmo3_7b_think jid=3477432 state=PENDING
[2026-09-06T06:08:26+08:00] WAIT olmo3_7b_think jid=3477433 state=PENDING
[2026-09-06T06:08:26+08:00] WAIT qwen3_4b_instruct jid=3477434 state=PENDING
[2026-09-06T06:08:26+08:00] WAIT qwen3_4b_instruct jid=3477435 state=PENDING
[2026-09-06T06:08:26+08:00] WAIT qwen3_4b_instruct jid=3477436 state=PENDING
[2026-09-06T06:08:26+08:00] WAIT qwen3_1.7b jid=3477606_0 state=PENDING
[2026-09-06T06:08:27+08:00] WAIT qwen3_1.7b jid=3477606_1 state=PENDING
[2026-09-06T06:08:27+08:00] WAIT qwen3_1.7b jid=3477606_2 state=PENDING
[2026-09-06T06:08:27+08:00] WAIT qwen3_1.7b jid=3477606_3 state=PENDING
[2026-09-06T06:08:27+08:00] WAIT qwen3_1.7b jid=3477606_4 state=PENDING
[2026-09-06T06:08:27+08:00] WAIT qwen3_1.7b jid=3477606_5 state=PENDING
[2026-09-06T06:08:27+08:00] WAIT qwen3_1.7b jid=3477606_6 state=PENDING
[2026-09-06T06:08:27+08:00] WAIT olmo3_7b_think jid=3477607_0 state=PENDING
[2026-09-06T06:08:27+08:00] WAIT olmo3_7b_think jid=3477607_1 state=PENDING
[2026-09-06T06:08:27+08:00] WAIT olmo3_7b_think jid=3477607_2 state=PENDING
[2026-09-06T06:08:27+08:00] WAIT olmo3_7b_think jid=3477607_3 state=PENDING
[2026-09-06T06:08:27+08:00] WAIT olmo3_7b_think jid=3477607_4 state=PENDING
[2026-09-06T06:08:27+08:00] WAIT olmo3_7b_think jid=3477607_5 state=PENDING
[2026-09-06T06:08:27+08:00] WAIT olmo3_7b_think jid=3477607_6 state=PENDING
[2026-09-06T06:08:27+08:00] WAIT qwen3_1.7b jid=3477608_0 state=PENDING
[2026-09-06T06:08:27+08:00] WAIT qwen3_1.7b jid=3477608_1 state=PENDING
[2026-09-06T06:08:27+08:00] WAIT qwen3_1.7b jid=3477608_2 state=PENDING
[2026-09-06T06:08:27+08:00] WAIT qwen3_1.7b jid=3477608_3 state=PENDING
[2026-09-06T06:08:27+08:00] WAIT qwen3_1.7b jid=3477608_4 state=PENDING
[2026-09-06T06:08:27+08:00] WAIT qwen3_1.7b jid=3477608_5 state=PENDING
[2026-09-06T06:08:27+08:00] WAIT qwen3_1.7b jid=3477608_6 state=PENDING
[2026-09-06T06:08:27+08:00] WAIT olmo3_7b_think jid=3477609_0 state=PENDING
[2026-09-06T06:08:27+08:00] WAIT olmo3_7b_think jid=3477609_1 state=PENDING
[2026-09-06T06:08:27+08:00] WAIT olmo3_7b_think jid=3477609_2 state=PENDING
[2026-09-06T06:08:27+08:00] WAIT olmo3_7b_think jid=3477609_3 state=PENDING
[2026-09-06T06:08:27+08:00] WAIT olmo3_7b_think jid=3477609_4 state=PENDING
[2026-09-06T06:08:27+08:00] WAIT olmo3_7b_think jid=3477609_5 state=PENDING
[2026-09-06T06:08:27+08:00] WAIT olmo3_7b_think jid=3477609_6 state=PENDING
[2026-09-06T06:08:27+08:00] progress done=0/37 pending=37 failed=0
[2026-09-06T06:10:27+08:00] WAIT qwen3_1.7b jid=3477428 state=PENDING
[2026-09-06T06:10:27+08:00] WAIT qwen3_1.7b jid=3477429 state=PENDING
[2026-09-06T06:10:27+08:00] WAIT qwen3_1.7b jid=3477430 state=PENDING
[2026-09-06T06:10:27+08:00] WAIT olmo3_7b_think jid=3477431 state=PENDING
[2026-09-06T06:10:27+08:00] WAIT olmo3_7b_think jid=3477432 state=PENDING
[2026-09-06T06:10:27+08:00] WAIT olmo3_7b_think jid=3477433 state=PENDING
[2026-09-06T06:10:27+08:00] WAIT qwen3_4b_instruct jid=3477434 state=PENDING
[2026-09-06T06:10:27+08:00] WAIT qwen3_4b_instruct jid=3477435 state=PENDING
[2026-09-06T06:10:27+08:00] WAIT qwen3_4b_instruct jid=3477436 state=PENDING
[2026-09-06T06:10:27+08:00] WAIT qwen3_1.7b jid=3477606_0 state=PENDING
[2026-09-06T06:10:27+08:00] WAIT qwen3_1.7b jid=3477606_1 state=PENDING
[2026-09-06T06:10:27+08:00] WAIT qwen3_1.7b jid=3477606_2 state=PENDING
[2026-09-06T06:10:27+08:00] WAIT qwen3_1.7b jid=3477606_3 state=PENDING
[2026-09-06T06:10:27+08:00] WAIT qwen3_1.7b jid=3477606_4 state=PENDING
[2026-09-06T06:10:27+08:00] WAIT qwen3_1.7b jid=3477606_5 state=PENDING
[2026-09-06T06:10:27+08:00] WAIT qwen3_1.7b jid=3477606_6 state=PENDING
[2026-09-06T06:10:27+08:00] WAIT olmo3_7b_think jid=3477607_0 state=PENDING
[2026-09-06T06:10:27+08:00] WAIT olmo3_7b_think jid=3477607_1 state=PENDING
[2026-09-06T06:10:27+08:00] WAIT olmo3_7b_think jid=3477607_2 state=PENDING
[2026-09-06T06:10:27+08:00] WAIT olmo3_7b_think jid=3477607_3 state=PENDING
[2026-09-06T06:10:27+08:00] WAIT olmo3_7b_think jid=3477607_4 state=PENDING
[2026-09-06T06:10:27+08:00] WAIT olmo3_7b_think jid=3477607_5 state=PENDING
[2026-09-06T06:10:27+08:00] WAIT olmo3_7b_think jid=3477607_6 state=PENDING
[2026-09-06T06:10:27+08:00] WAIT qwen3_1.7b jid=3477608_0 state=PENDING
[2026-09-06T06:10:27+08:00] WAIT qwen3_1.7b jid=3477608_1 state=PENDING
[2026-09-06T06:10:27+08:00] WAIT qwen3_1.7b jid=3477608_2 state=PENDING
[2026-09-06T06:10:27+08:00] WAIT qwen3_1.7b jid=3477608_3 state=PENDING
[2026-09-06T06:10:27+08:00] WAIT qwen3_1.7b jid=3477608_4 state=PENDING
[2026-09-06T06:10:27+08:00] WAIT qwen3_1.7b jid=3477608_5 state=PENDING
[2026-09-06T06:10:27+08:00] WAIT qwen3_1.7b jid=3477608_6 state=PENDING
[2026-09-06T06:10:27+08:00] WAIT olmo3_7b_think jid=3477609_0 state=PENDING
[2026-09-06T06:10:27+08:00] WAIT olmo3_7b_think jid=3477609_1 state=PENDING
[2026-09-06T06:10:27+08:00] WAIT olmo3_7b_think jid=3477609_2 state=PENDING
[2026-09-06T06:10:27+08:00] WAIT olmo3_7b_think jid=3477609_3 state=PENDING
[2026-09-06T06:10:27+08:00] WAIT olmo3_7b_think jid=3477609_4 state=PENDING
[2026-09-06T06:10:27+08:00] WAIT olmo3_7b_think jid=3477609_5 state=PENDING
[2026-09-06T06:10:27+08:00] WAIT olmo3_7b_think jid=3477609_6 state=PENDING
[2026-09-06T06:10:27+08:00] progress done=0/37 pending=37 failed=0
[2026-09-06T06:12:27+08:00] WAIT qwen3_1.7b jid=3477428 state=PENDING
[2026-09-06T06:12:27+08:00] WAIT qwen3_1.7b jid=3477429 state=PENDING
[2026-09-06T06:12:27+08:00] WAIT qwen3_1.7b jid=3477430 state=PENDING
[2026-09-06T06:12:27+08:00] WAIT olmo3_7b_think jid=3477431 state=PENDING
[2026-09-06T06:12:27+08:00] WAIT olmo3_7b_think jid=3477432 state=PENDING
[2026-09-06T06:12:27+08:00] WAIT olmo3_7b_think jid=3477433 state=PENDING
[2026-09-06T06:12:27+08:00] WAIT qwen3_4b_instruct jid=3477434 state=PENDING
[2026-09-06T06:12:27+08:00] WAIT qwen3_4b_instruct jid=3477435 state=PENDING
[2026-09-06T06:12:27+08:00] WAIT qwen3_4b_instruct jid=3477436 state=PENDING
[2026-09-06T06:12:27+08:00] WAIT qwen3_1.7b jid=3477606_0 state=PENDING
[2026-09-06T06:12:27+08:00] WAIT qwen3_1.7b jid=3477606_1 state=PENDING
[2026-09-06T06:12:27+08:00] WAIT qwen3_1.7b jid=3477606_2 state=PENDING
[2026-09-06T06:12:27+08:00] WAIT qwen3_1.7b jid=3477606_3 state=PENDING
[2026-09-06T06:12:27+08:00] WAIT qwen3_1.7b jid=3477606_4 state=PENDING
[2026-09-06T06:12:27+08:00] WAIT qwen3_1.7b jid=3477606_5 state=PENDING
[2026-09-06T06:12:27+08:00] WAIT qwen3_1.7b jid=3477606_6 state=PENDING
[2026-09-06T06:12:27+08:00] WAIT olmo3_7b_think jid=3477607_0 state=PENDING
[2026-09-06T06:12:27+08:00] WAIT olmo3_7b_think jid=3477607_1 state=PENDING
[2026-09-06T06:12:27+08:00] WAIT olmo3_7b_think jid=3477607_2 state=PENDING
[2026-09-06T06:12:27+08:00] WAIT olmo3_7b_think jid=3477607_3 state=PENDING
[2026-09-06T06:12:27+08:00] WAIT olmo3_7b_think jid=3477607_4 state=PENDING
[2026-09-06T06:12:27+08:00] WAIT olmo3_7b_think jid=3477607_5 state=PENDING
[2026-09-06T06:12:27+08:00] WAIT olmo3_7b_think jid=3477607_6 state=PENDING
[2026-09-06T06:12:27+08:00] WAIT qwen3_1.7b jid=3477608_0 state=PENDING
[2026-09-06T06:12:27+08:00] WAIT qwen3_1.7b jid=3477608_1 state=PENDING
[2026-09-06T06:12:27+08:00] WAIT qwen3_1.7b jid=3477608_2 state=PENDING
[2026-09-06T06:12:27+08:00] WAIT qwen3_1.7b jid=3477608_3 state=PENDING
[2026-09-06T06:12:27+08:00] WAIT qwen3_1.7b jid=3477608_4 state=PENDING
[2026-09-06T06:12:27+08:00] WAIT qwen3_1.7b jid=3477608_5 state=PENDING
[2026-09-06T06:12:27+08:00] WAIT qwen3_1.7b jid=3477608_6 state=PENDING
[2026-09-06T06:12:27+08:00] WAIT olmo3_7b_think jid=3477609_0 state=PENDING
[2026-09-06T06:12:27+08:00] WAIT olmo3_7b_think jid=3477609_1 state=PENDING
[2026-09-06T06:12:28+08:00] WAIT olmo3_7b_think jid=3477609_2 state=PENDING
[2026-09-06T06:12:28+08:00] WAIT olmo3_7b_think jid=3477609_3 state=PENDING
[2026-09-06T06:12:28+08:00] WAIT olmo3_7b_think jid=3477609_4 state=PENDING
[2026-09-06T06:12:28+08:00] WAIT olmo3_7b_think jid=3477609_5 state=PENDING
[2026-09-06T06:12:28+08:00] WAIT olmo3_7b_think jid=3477609_6 state=PENDING
[2026-09-06T06:12:28+08:00] progress done=0/37 pending=37 failed=0
[2026-09-06T06:14:28+08:00] WAIT qwen3_1.7b jid=3477428 state=PENDING
[2026-09-06T06:14:28+08:00] WAIT qwen3_1.7b jid=3477429 state=PENDING
[2026-09-06T06:14:28+08:00] WAIT qwen3_1.7b jid=3477430 state=PENDING
[2026-09-06T06:14:28+08:00] WAIT olmo3_7b_think jid=3477431 state=PENDING
[2026-09-06T06:14:28+08:00] WAIT olmo3_7b_think jid=3477432 state=PENDING
[2026-09-06T06:14:28+08:00] WAIT olmo3_7b_think jid=3477433 state=PENDING
[2026-09-06T06:14:28+08:00] WAIT qwen3_4b_instruct jid=3477434 state=PENDING
[2026-09-06T06:14:28+08:00] WAIT qwen3_4b_instruct jid=3477435 state=PENDING
[2026-09-06T06:14:28+08:00] WAIT qwen3_4b_instruct jid=3477436 state=PENDING
[2026-09-06T06:14:28+08:00] WAIT qwen3_1.7b jid=3477606_0 state=PENDING
[2026-09-06T06:14:28+08:00] WAIT qwen3_1.7b jid=3477606_1 state=PENDING
[2026-09-06T06:14:28+08:00] WAIT qwen3_1.7b jid=3477606_2 state=PENDING
[2026-09-06T06:14:28+08:00] WAIT qwen3_1.7b jid=3477606_3 state=PENDING
[2026-09-06T06:14:28+08:00] WAIT qwen3_1.7b jid=3477606_4 state=PENDING
[2026-09-06T06:14:28+08:00] WAIT qwen3_1.7b jid=3477606_5 state=PENDING
[2026-09-06T06:14:28+08:00] WAIT qwen3_1.7b jid=3477606_6 state=PENDING
[2026-09-06T06:14:28+08:00] WAIT olmo3_7b_think jid=3477607_0 state=PENDING
[2026-09-06T06:14:28+08:00] WAIT olmo3_7b_think jid=3477607_1 state=PENDING
[2026-09-06T06:14:28+08:00] WAIT olmo3_7b_think jid=3477607_2 state=PENDING
[2026-09-06T06:14:28+08:00] WAIT olmo3_7b_think jid=3477607_3 state=PENDING
[2026-09-06T06:14:28+08:00] WAIT olmo3_7b_think jid=3477607_4 state=PENDING
[2026-09-06T06:14:28+08:00] WAIT olmo3_7b_think jid=3477607_5 state=PENDING
[2026-09-06T06:14:28+08:00] WAIT olmo3_7b_think jid=3477607_6 state=PENDING
[2026-09-06T06:14:28+08:00] WAIT qwen3_1.7b jid=3477608_0 state=PENDING
[2026-09-06T06:14:28+08:00] WAIT qwen3_1.7b jid=3477608_1 state=PENDING
[2026-09-06T06:14:28+08:00] WAIT qwen3_1.7b jid=3477608_2 state=PENDING
[2026-09-06T06:14:28+08:00] WAIT qwen3_1.7b jid=3477608_3 state=PENDING
[2026-09-06T06:14:28+08:00] WAIT qwen3_1.7b jid=3477608_4 state=PENDING
[2026-09-06T06:14:28+08:00] WAIT qwen3_1.7b jid=3477608_5 state=PENDING
[2026-09-06T06:14:28+08:00] WAIT qwen3_1.7b jid=3477608_6 state=PENDING
[2026-09-06T06:14:28+08:00] WAIT olmo3_7b_think jid=3477609_0 state=PENDING
[2026-09-06T06:14:28+08:00] WAIT olmo3_7b_think jid=3477609_1 state=PENDING
[2026-09-06T06:14:28+08:00] WAIT olmo3_7b_think jid=3477609_2 state=PENDING
[2026-09-06T06:14:28+08:00] WAIT olmo3_7b_think jid=3477609_3 state=PENDING
[2026-09-06T06:14:28+08:00] WAIT olmo3_7b_think jid=3477609_4 state=PENDING
[2026-09-06T06:14:28+08:00] WAIT olmo3_7b_think jid=3477609_5 state=PENDING
[2026-09-06T06:14:28+08:00] WAIT olmo3_7b_think jid=3477609_6 state=PENDING
[2026-09-06T06:14:28+08:00] progress done=0/37 pending=37 failed=0
[2026-09-06T06:16:28+08:00] WAIT qwen3_1.7b jid=3477428 state=PENDING
[2026-09-06T06:16:28+08:00] WAIT qwen3_1.7b jid=3477429 state=PENDING
[2026-09-06T06:16:28+08:00] WAIT qwen3_1.7b jid=3477430 state=PENDING
[2026-09-06T06:16:28+08:00] WAIT olmo3_7b_think jid=3477431 state=PENDING
[2026-09-06T06:16:28+08:00] WAIT olmo3_7b_think jid=3477432 state=PENDING
[2026-09-06T06:16:28+08:00] WAIT olmo3_7b_think jid=3477433 state=PENDING
[2026-09-06T06:16:28+08:00] WAIT qwen3_4b_instruct jid=3477434 state=PENDING
[2026-09-06T06:16:28+08:00] WAIT qwen3_4b_instruct jid=3477435 state=PENDING
[2026-09-06T06:16:28+08:00] WAIT qwen3_4b_instruct jid=3477436 state=PENDING
[2026-09-06T06:16:28+08:00] WAIT qwen3_1.7b jid=3477606_0 state=PENDING
[2026-09-06T06:16:28+08:00] WAIT qwen3_1.7b jid=3477606_1 state=PENDING
[2026-09-06T06:16:28+08:00] WAIT qwen3_1.7b jid=3477606_2 state=PENDING
[2026-09-06T06:16:28+08:00] WAIT qwen3_1.7b jid=3477606_3 state=PENDING
[2026-09-06T06:16:28+08:00] WAIT qwen3_1.7b jid=3477606_4 state=PENDING
[2026-09-06T06:16:28+08:00] WAIT qwen3_1.7b jid=3477606_5 state=PENDING
[2026-09-06T06:16:28+08:00] WAIT qwen3_1.7b jid=3477606_6 state=PENDING
[2026-09-06T06:16:28+08:00] WAIT olmo3_7b_think jid=3477607_0 state=PENDING
[2026-09-06T06:16:28+08:00] WAIT olmo3_7b_think jid=3477607_1 state=PENDING
[2026-09-06T06:16:28+08:00] WAIT olmo3_7b_think jid=3477607_2 state=PENDING
[2026-09-06T06:16:28+08:00] WAIT olmo3_7b_think jid=3477607_3 state=PENDING
[2026-09-06T06:16:28+08:00] WAIT olmo3_7b_think jid=3477607_4 state=PENDING
[2026-09-06T06:16:28+08:00] WAIT olmo3_7b_think jid=3477607_5 state=PENDING
[2026-09-06T06:16:28+08:00] WAIT olmo3_7b_think jid=3477607_6 state=PENDING
[2026-09-06T06:16:28+08:00] WAIT qwen3_1.7b jid=3477608_0 state=PENDING
[2026-09-06T06:16:28+08:00] WAIT qwen3_1.7b jid=3477608_1 state=PENDING
[2026-09-06T06:16:28+08:00] WAIT qwen3_1.7b jid=3477608_2 state=PENDING
[2026-09-06T06:16:28+08:00] WAIT qwen3_1.7b jid=3477608_3 state=PENDING
[2026-09-06T06:16:28+08:00] WAIT qwen3_1.7b jid=3477608_4 state=PENDING
[2026-09-06T06:16:28+08:00] WAIT qwen3_1.7b jid=3477608_5 state=PENDING
[2026-09-06T06:16:28+08:00] WAIT qwen3_1.7b jid=3477608_6 state=PENDING
[2026-09-06T06:16:28+08:00] WAIT olmo3_7b_think jid=3477609_0 state=PENDING
[2026-09-06T06:16:28+08:00] WAIT olmo3_7b_think jid=3477609_1 state=PENDING
[2026-09-06T06:16:28+08:00] WAIT olmo3_7b_think jid=3477609_2 state=PENDING
[2026-09-06T06:16:28+08:00] WAIT olmo3_7b_think jid=3477609_3 state=PENDING
[2026-09-06T06:16:28+08:00] WAIT olmo3_7b_think jid=3477609_4 state=PENDING
[2026-09-06T06:16:28+08:00] WAIT olmo3_7b_think jid=3477609_5 state=PENDING
[2026-09-06T06:16:28+08:00] WAIT olmo3_7b_think jid=3477609_6 state=PENDING
[2026-09-06T06:16:28+08:00] progress done=0/37 pending=37 failed=0
[2026-09-06T06:18:28+08:00] WAIT qwen3_1.7b jid=3477428 state=PENDING
[2026-09-06T06:18:28+08:00] WAIT qwen3_1.7b jid=3477429 state=PENDING
[2026-09-06T06:18:28+08:00] WAIT qwen3_1.7b jid=3477430 state=PENDING
[2026-09-06T06:18:28+08:00] WAIT olmo3_7b_think jid=3477431 state=PENDING
[2026-09-06T06:18:28+08:00] WAIT olmo3_7b_think jid=3477432 state=PENDING
[2026-09-06T06:18:28+08:00] WAIT olmo3_7b_think jid=3477433 state=PENDING
[2026-09-06T06:18:28+08:00] WAIT qwen3_4b_instruct jid=3477434 state=PENDING
[2026-09-06T06:18:28+08:00] WAIT qwen3_4b_instruct jid=3477435 state=PENDING
[2026-09-06T06:18:28+08:00] WAIT qwen3_4b_instruct jid=3477436 state=PENDING
[2026-09-06T06:18:28+08:00] WAIT qwen3_1.7b jid=3477606_0 state=PENDING
[2026-09-06T06:18:28+08:00] WAIT qwen3_1.7b jid=3477606_1 state=PENDING
[2026-09-06T06:18:28+08:00] WAIT qwen3_1.7b jid=3477606_2 state=PENDING
[2026-09-06T06:18:28+08:00] WAIT qwen3_1.7b jid=3477606_3 state=PENDING
[2026-09-06T06:18:28+08:00] WAIT qwen3_1.7b jid=3477606_4 state=PENDING
[2026-09-06T06:18:29+08:00] WAIT qwen3_1.7b jid=3477606_5 state=PENDING
[2026-09-06T06:18:29+08:00] WAIT qwen3_1.7b jid=3477606_6 state=PENDING
[2026-09-06T06:18:29+08:00] WAIT olmo3_7b_think jid=3477607_0 state=PENDING
[2026-09-06T06:18:29+08:00] WAIT olmo3_7b_think jid=3477607_1 state=PENDING
[2026-09-06T06:18:29+08:00] WAIT olmo3_7b_think jid=3477607_2 state=PENDING
[2026-09-06T06:18:29+08:00] WAIT olmo3_7b_think jid=3477607_3 state=PENDING
[2026-09-06T06:18:29+08:00] WAIT olmo3_7b_think jid=3477607_4 state=PENDING
[2026-09-06T06:18:29+08:00] WAIT olmo3_7b_think jid=3477607_5 state=PENDING
[2026-09-06T06:18:29+08:00] WAIT olmo3_7b_think jid=3477607_6 state=PENDING
[2026-09-06T06:18:29+08:00] WAIT qwen3_1.7b jid=3477608_0 state=PENDING
[2026-09-06T06:18:29+08:00] WAIT qwen3_1.7b jid=3477608_1 state=PENDING
[2026-09-06T06:18:29+08:00] WAIT qwen3_1.7b jid=3477608_2 state=PENDING
[2026-09-06T06:18:29+08:00] WAIT qwen3_1.7b jid=3477608_3 state=PENDING
[2026-09-06T06:18:29+08:00] WAIT qwen3_1.7b jid=3477608_4 state=PENDING
[2026-09-06T06:18:29+08:00] WAIT qwen3_1.7b jid=3477608_5 state=PENDING
[2026-09-06T06:18:29+08:00] WAIT qwen3_1.7b jid=3477608_6 state=PENDING
[2026-09-06T06:18:29+08:00] WAIT olmo3_7b_think jid=3477609_0 state=PENDING
[2026-09-06T06:18:29+08:00] WAIT olmo3_7b_think jid=3477609_1 state=PENDING
[2026-09-06T06:18:29+08:00] WAIT olmo3_7b_think jid=3477609_2 state=PENDING
[2026-09-06T06:18:29+08:00] WAIT olmo3_7b_think jid=3477609_3 state=PENDING
[2026-09-06T06:18:29+08:00] WAIT olmo3_7b_think jid=3477609_4 state=PENDING
[2026-09-06T06:18:29+08:00] WAIT olmo3_7b_think jid=3477609_5 state=PENDING
[2026-09-06T06:18:29+08:00] WAIT olmo3_7b_think jid=3477609_6 state=PENDING
[2026-09-06T06:18:29+08:00] progress done=0/37 pending=37 failed=0
[2026-09-06T06:20:29+08:00] WAIT qwen3_1.7b jid=3477428 state=PENDING
[2026-09-06T06:20:29+08:00] WAIT qwen3_1.7b jid=3477429 state=PENDING
[2026-09-06T06:20:29+08:00] WAIT qwen3_1.7b jid=3477430 state=PENDING
[2026-09-06T06:20:29+08:00] WAIT olmo3_7b_think jid=3477431 state=PENDING
[2026-09-06T06:20:29+08:00] WAIT olmo3_7b_think jid=3477432 state=PENDING
[2026-09-06T06:20:29+08:00] WAIT olmo3_7b_think jid=3477433 state=PENDING
[2026-09-06T06:20:29+08:00] WAIT qwen3_4b_instruct jid=3477434 state=PENDING
[2026-09-06T06:20:29+08:00] WAIT qwen3_4b_instruct jid=3477435 state=PENDING
[2026-09-06T06:20:29+08:00] WAIT qwen3_4b_instruct jid=3477436 state=PENDING
[2026-09-06T06:20:29+08:00] WAIT qwen3_1.7b jid=3477606_0 state=PENDING
[2026-09-06T06:20:29+08:00] WAIT qwen3_1.7b jid=3477606_1 state=PENDING
[2026-09-06T06:20:29+08:00] WAIT qwen3_1.7b jid=3477606_2 state=PENDING
[2026-09-06T06:20:29+08:00] WAIT qwen3_1.7b jid=3477606_3 state=PENDING
[2026-09-06T06:20:29+08:00] WAIT qwen3_1.7b jid=3477606_4 state=PENDING
[2026-09-06T06:20:29+08:00] WAIT qwen3_1.7b jid=3477606_5 state=PENDING
[2026-09-06T06:20:29+08:00] WAIT qwen3_1.7b jid=3477606_6 state=PENDING
[2026-09-06T06:20:29+08:00] WAIT olmo3_7b_think jid=3477607_0 state=PENDING
[2026-09-06T06:20:29+08:00] WAIT olmo3_7b_think jid=3477607_1 state=PENDING
[2026-09-06T06:20:29+08:00] WAIT olmo3_7b_think jid=3477607_2 state=PENDING
[2026-09-06T06:20:29+08:00] WAIT olmo3_7b_think jid=3477607_3 state=PENDING
[2026-09-06T06:20:29+08:00] WAIT olmo3_7b_think jid=3477607_4 state=PENDING
[2026-09-06T06:20:29+08:00] WAIT olmo3_7b_think jid=3477607_5 state=PENDING
[2026-09-06T06:20:29+08:00] WAIT olmo3_7b_think jid=3477607_6 state=PENDING
[2026-09-06T06:20:29+08:00] WAIT qwen3_1.7b jid=3477608_0 state=PENDING
[2026-09-06T06:20:29+08:00] WAIT qwen3_1.7b jid=3477608_1 state=PENDING
[2026-09-06T06:20:29+08:00] WAIT qwen3_1.7b jid=3477608_2 state=PENDING
[2026-09-06T06:20:29+08:00] WAIT qwen3_1.7b jid=3477608_3 state=PENDING
[2026-09-06T06:20:29+08:00] WAIT qwen3_1.7b jid=3477608_4 state=PENDING
[2026-09-06T06:20:29+08:00] WAIT qwen3_1.7b jid=3477608_5 state=PENDING
[2026-09-06T06:20:29+08:00] WAIT qwen3_1.7b jid=3477608_6 state=PENDING
[2026-09-06T06:20:29+08:00] WAIT olmo3_7b_think jid=3477609_0 state=PENDING
[2026-09-06T06:20:29+08:00] WAIT olmo3_7b_think jid=3477609_1 state=PENDING
[2026-09-06T06:20:29+08:00] WAIT olmo3_7b_think jid=3477609_2 state=PENDING
[2026-09-06T06:20:29+08:00] WAIT olmo3_7b_think jid=3477609_3 state=PENDING
[2026-09-06T06:20:29+08:00] WAIT olmo3_7b_think jid=3477609_4 state=PENDING
[2026-09-06T06:20:29+08:00] WAIT olmo3_7b_think jid=3477609_5 state=PENDING
[2026-09-06T06:20:29+08:00] WAIT olmo3_7b_think jid=3477609_6 state=PENDING
[2026-09-06T06:20:29+08:00] progress done=0/37 pending=37 failed=0
[2026-09-06T06:22:29+08:00] WAIT qwen3_1.7b jid=3477428 state=PENDING
[2026-09-06T06:22:29+08:00] WAIT qwen3_1.7b jid=3477429 state=PENDING
[2026-09-06T06:22:29+08:00] WAIT qwen3_1.7b jid=3477430 state=PENDING
[2026-09-06T06:22:29+08:00] WAIT olmo3_7b_think jid=3477431 state=PENDING
[2026-09-06T06:22:29+08:00] WAIT olmo3_7b_think jid=3477432 state=PENDING
[2026-09-06T06:22:29+08:00] WAIT olmo3_7b_think jid=3477433 state=PENDING
[2026-09-06T06:22:29+08:00] WAIT qwen3_4b_instruct jid=3477434 state=PENDING
[2026-09-06T06:22:29+08:00] WAIT qwen3_4b_instruct jid=3477435 state=PENDING
[2026-09-06T06:22:29+08:00] WAIT qwen3_4b_instruct jid=3477436 state=PENDING
[2026-09-06T06:22:29+08:00] WAIT qwen3_1.7b jid=3477606_0 state=PENDING
[2026-09-06T06:22:29+08:00] WAIT qwen3_1.7b jid=3477606_1 state=PENDING
[2026-09-06T06:22:29+08:00] WAIT qwen3_1.7b jid=3477606_2 state=PENDING
[2026-09-06T06:22:29+08:00] WAIT qwen3_1.7b jid=3477606_3 state=PENDING
[2026-09-06T06:22:29+08:00] WAIT qwen3_1.7b jid=3477606_4 state=PENDING
[2026-09-06T06:22:29+08:00] WAIT qwen3_1.7b jid=3477606_5 state=PENDING
[2026-09-06T06:22:29+08:00] WAIT qwen3_1.7b jid=3477606_6 state=PENDING
[2026-09-06T06:22:29+08:00] WAIT olmo3_7b_think jid=3477607_0 state=PENDING
[2026-09-06T06:22:29+08:00] WAIT olmo3_7b_think jid=3477607_1 state=PENDING
[2026-09-06T06:22:29+08:00] WAIT olmo3_7b_think jid=3477607_2 state=PENDING
[2026-09-06T06:22:29+08:00] WAIT olmo3_7b_think jid=3477607_3 state=PENDING
[2026-09-06T06:22:29+08:00] WAIT olmo3_7b_think jid=3477607_4 state=PENDING
[2026-09-06T06:22:29+08:00] WAIT olmo3_7b_think jid=3477607_5 state=PENDING
[2026-09-06T06:22:29+08:00] WAIT olmo3_7b_think jid=3477607_6 state=PENDING
[2026-09-06T06:22:29+08:00] WAIT qwen3_1.7b jid=3477608_0 state=PENDING
[2026-09-06T06:22:29+08:00] WAIT qwen3_1.7b jid=3477608_1 state=PENDING
[2026-09-06T06:22:29+08:00] WAIT qwen3_1.7b jid=3477608_2 state=PENDING
[2026-09-06T06:22:29+08:00] WAIT qwen3_1.7b jid=3477608_3 state=PENDING
[2026-09-06T06:22:29+08:00] WAIT qwen3_1.7b jid=3477608_4 state=PENDING
[2026-09-06T06:22:29+08:00] WAIT qwen3_1.7b jid=3477608_5 state=PENDING
[2026-09-06T06:22:29+08:00] WAIT qwen3_1.7b jid=3477608_6 state=PENDING
[2026-09-06T06:22:29+08:00] WAIT olmo3_7b_think jid=3477609_0 state=PENDING
[2026-09-06T06:22:29+08:00] WAIT olmo3_7b_think jid=3477609_1 state=PENDING
[2026-09-06T06:22:29+08:00] WAIT olmo3_7b_think jid=3477609_2 state=PENDING
[2026-09-06T06:22:29+08:00] WAIT olmo3_7b_think jid=3477609_3 state=PENDING
[2026-09-06T06:22:30+08:00] WAIT olmo3_7b_think jid=3477609_4 state=PENDING
[2026-09-06T06:22:30+08:00] WAIT olmo3_7b_think jid=3477609_5 state=PENDING
[2026-09-06T06:22:30+08:00] WAIT olmo3_7b_think jid=3477609_6 state=PENDING
[2026-09-06T06:22:30+08:00] progress done=0/37 pending=37 failed=0
[2026-09-06T06:24:30+08:00] WAIT qwen3_1.7b jid=3477428 state=PENDING
[2026-09-06T06:24:30+08:00] WAIT qwen3_1.7b jid=3477429 state=PENDING
[2026-09-06T06:24:30+08:00] WAIT qwen3_1.7b jid=3477430 state=PENDING
[2026-09-06T06:24:30+08:00] WAIT olmo3_7b_think jid=3477431 state=PENDING
[2026-09-06T06:24:30+08:00] WAIT olmo3_7b_think jid=3477432 state=PENDING
[2026-09-06T06:24:30+08:00] WAIT olmo3_7b_think jid=3477433 state=PENDING
[2026-09-06T06:24:30+08:00] WAIT qwen3_4b_instruct jid=3477434 state=PENDING
[2026-09-06T06:24:30+08:00] WAIT qwen3_4b_instruct jid=3477435 state=PENDING
[2026-09-06T06:24:30+08:00] WAIT qwen3_4b_instruct jid=3477436 state=PENDING
[2026-09-06T06:24:30+08:00] WAIT qwen3_1.7b jid=3477606_0 state=PENDING
[2026-09-06T06:24:30+08:00] WAIT qwen3_1.7b jid=3477606_1 state=PENDING
[2026-09-06T06:24:30+08:00] WAIT qwen3_1.7b jid=3477606_2 state=PENDING
[2026-09-06T06:24:30+08:00] WAIT qwen3_1.7b jid=3477606_3 state=PENDING
[2026-09-06T06:24:30+08:00] WAIT qwen3_1.7b jid=3477606_4 state=PENDING
[2026-09-06T06:24:30+08:00] WAIT qwen3_1.7b jid=3477606_5 state=PENDING
[2026-09-06T06:24:30+08:00] WAIT qwen3_1.7b jid=3477606_6 state=PENDING
[2026-09-06T06:24:30+08:00] WAIT olmo3_7b_think jid=3477607_0 state=PENDING
[2026-09-06T06:24:30+08:00] WAIT olmo3_7b_think jid=3477607_1 state=PENDING
[2026-09-06T06:24:30+08:00] WAIT olmo3_7b_think jid=3477607_2 state=PENDING
[2026-09-06T06:24:30+08:00] WAIT olmo3_7b_think jid=3477607_3 state=PENDING
[2026-09-06T06:24:30+08:00] WAIT olmo3_7b_think jid=3477607_4 state=PENDING
[2026-09-06T06:24:30+08:00] WAIT olmo3_7b_think jid=3477607_5 state=PENDING
[2026-09-06T06:24:30+08:00] WAIT olmo3_7b_think jid=3477607_6 state=PENDING
[2026-09-06T06:24:30+08:00] WAIT qwen3_1.7b jid=3477608_0 state=PENDING
[2026-09-06T06:24:30+08:00] WAIT qwen3_1.7b jid=3477608_1 state=PENDING
[2026-09-06T06:24:30+08:00] WAIT qwen3_1.7b jid=3477608_2 state=PENDING
[2026-09-06T06:24:30+08:00] WAIT qwen3_1.7b jid=3477608_3 state=PENDING
[2026-09-06T06:24:30+08:00] WAIT qwen3_1.7b jid=3477608_4 state=PENDING
[2026-09-06T06:24:30+08:00] WAIT qwen3_1.7b jid=3477608_5 state=PENDING
[2026-09-06T06:24:30+08:00] WAIT qwen3_1.7b jid=3477608_6 state=PENDING
[2026-09-06T06:24:30+08:00] WAIT olmo3_7b_think jid=3477609_0 state=PENDING
[2026-09-06T06:24:30+08:00] WAIT olmo3_7b_think jid=3477609_1 state=PENDING
[2026-09-06T06:24:30+08:00] WAIT olmo3_7b_think jid=3477609_2 state=PENDING
[2026-09-06T06:24:30+08:00] WAIT olmo3_7b_think jid=3477609_3 state=PENDING
[2026-09-06T06:24:30+08:00] WAIT olmo3_7b_think jid=3477609_4 state=PENDING
[2026-09-06T06:24:30+08:00] WAIT olmo3_7b_think jid=3477609_5 state=PENDING
[2026-09-06T06:24:30+08:00] WAIT olmo3_7b_think jid=3477609_6 state=PENDING
[2026-09-06T06:24:30+08:00] progress done=0/37 pending=37 failed=0
[2026-09-06T06:26:30+08:00] WAIT qwen3_1.7b jid=3477428 state=PENDING
[2026-09-06T06:26:30+08:00] WAIT qwen3_1.7b jid=3477429 state=PENDING
[2026-09-06T06:26:30+08:00] WAIT qwen3_1.7b jid=3477430 state=PENDING
[2026-09-06T06:26:30+08:00] WAIT olmo3_7b_think jid=3477431 state=PENDING
[2026-09-06T06:26:30+08:00] WAIT olmo3_7b_think jid=3477432 state=PENDING
[2026-09-06T06:26:30+08:00] WAIT olmo3_7b_think jid=3477433 state=PENDING
[2026-09-06T06:26:30+08:00] WAIT qwen3_4b_instruct jid=3477434 state=PENDING
[2026-09-06T06:26:30+08:00] WAIT qwen3_4b_instruct jid=3477435 state=PENDING
[2026-09-06T06:26:30+08:00] WAIT qwen3_4b_instruct jid=3477436 state=PENDING
[2026-09-06T06:26:30+08:00] WAIT qwen3_1.7b jid=3477606_0 state=PENDING
[2026-09-06T06:26:30+08:00] WAIT qwen3_1.7b jid=3477606_1 state=PENDING
[2026-09-06T06:26:30+08:00] WAIT qwen3_1.7b jid=3477606_2 state=PENDING
[2026-09-06T06:26:30+08:00] WAIT qwen3_1.7b jid=3477606_3 state=PENDING
[2026-09-06T06:26:30+08:00] WAIT qwen3_1.7b jid=3477606_4 state=PENDING
[2026-09-06T06:26:30+08:00] WAIT qwen3_1.7b jid=3477606_5 state=PENDING
[2026-09-06T06:26:30+08:00] WAIT qwen3_1.7b jid=3477606_6 state=PENDING
[2026-09-06T06:26:30+08:00] WAIT olmo3_7b_think jid=3477607_0 state=PENDING
[2026-09-06T06:26:30+08:00] WAIT olmo3_7b_think jid=3477607_1 state=PENDING
[2026-09-06T06:26:30+08:00] WAIT olmo3_7b_think jid=3477607_2 state=PENDING
[2026-09-06T06:26:30+08:00] WAIT olmo3_7b_think jid=3477607_3 state=PENDING
[2026-09-06T06:26:30+08:00] WAIT olmo3_7b_think jid=3477607_4 state=PENDING
[2026-09-06T06:26:30+08:00] WAIT olmo3_7b_think jid=3477607_5 state=PENDING
[2026-09-06T06:26:30+08:00] WAIT olmo3_7b_think jid=3477607_6 state=PENDING
[2026-09-06T06:26:30+08:00] WAIT qwen3_1.7b jid=3477608_0 state=PENDING
[2026-09-06T06:26:30+08:00] WAIT qwen3_1.7b jid=3477608_1 state=PENDING
[2026-09-06T06:26:30+08:00] WAIT qwen3_1.7b jid=3477608_2 state=PENDING
[2026-09-06T06:26:30+08:00] WAIT qwen3_1.7b jid=3477608_3 state=PENDING
[2026-09-06T06:26:30+08:00] WAIT qwen3_1.7b jid=3477608_4 state=PENDING
[2026-09-06T06:26:30+08:00] WAIT qwen3_1.7b jid=3477608_5 state=PENDING
[2026-09-06T06:26:30+08:00] WAIT qwen3_1.7b jid=3477608_6 state=PENDING
[2026-09-06T06:26:30+08:00] WAIT olmo3_7b_think jid=3477609_0 state=PENDING
[2026-09-06T06:26:30+08:00] WAIT olmo3_7b_think jid=3477609_1 state=PENDING
[2026-09-06T06:26:30+08:00] WAIT olmo3_7b_think jid=3477609_2 state=PENDING
[2026-09-06T06:26:30+08:00] WAIT olmo3_7b_think jid=3477609_3 state=PENDING
[2026-09-06T06:26:30+08:00] WAIT olmo3_7b_think jid=3477609_4 state=PENDING
[2026-09-06T06:26:30+08:00] WAIT olmo3_7b_think jid=3477609_5 state=PENDING
[2026-09-06T06:26:30+08:00] WAIT olmo3_7b_think jid=3477609_6 state=PENDING
[2026-09-06T06:26:30+08:00] progress done=0/37 pending=37 failed=0
[2026-09-06T06:28:30+08:00] WAIT qwen3_1.7b jid=3477428 state=PENDING
[2026-09-06T06:28:30+08:00] WAIT qwen3_1.7b jid=3477429 state=PENDING
[2026-09-06T06:28:30+08:00] WAIT qwen3_1.7b jid=3477430 state=PENDING
[2026-09-06T06:28:30+08:00] WAIT olmo3_7b_think jid=3477431 state=PENDING
[2026-09-06T06:28:30+08:00] WAIT olmo3_7b_think jid=3477432 state=PENDING
[2026-09-06T06:28:30+08:00] WAIT olmo3_7b_think jid=3477433 state=PENDING
[2026-09-06T06:28:30+08:00] WAIT qwen3_4b_instruct jid=3477434 state=PENDING
[2026-09-06T06:28:30+08:00] WAIT qwen3_4b_instruct jid=3477435 state=PENDING
[2026-09-06T06:28:30+08:00] WAIT qwen3_4b_instruct jid=3477436 state=PENDING
[2026-09-06T06:28:30+08:00] WAIT qwen3_1.7b jid=3477606_0 state=PENDING
[2026-09-06T06:28:30+08:00] WAIT qwen3_1.7b jid=3477606_1 state=PENDING
[2026-09-06T06:28:30+08:00] WAIT qwen3_1.7b jid=3477606_2 state=PENDING
[2026-09-06T06:28:30+08:00] WAIT qwen3_1.7b jid=3477606_3 state=PENDING
[2026-09-06T06:28:30+08:00] WAIT qwen3_1.7b jid=3477606_4 state=PENDING
[2026-09-06T06:28:30+08:00] WAIT qwen3_1.7b jid=3477606_5 state=PENDING
[2026-09-06T06:28:30+08:00] WAIT qwen3_1.7b jid=3477606_6 state=PENDING
[2026-09-06T06:28:30+08:00] WAIT olmo3_7b_think jid=3477607_0 state=PENDING
[2026-09-06T06:28:30+08:00] WAIT olmo3_7b_think jid=3477607_1 state=PENDING
[2026-09-06T06:28:30+08:00] WAIT olmo3_7b_think jid=3477607_2 state=PENDING
[2026-09-06T06:28:30+08:00] WAIT olmo3_7b_think jid=3477607_3 state=PENDING
[2026-09-06T06:28:31+08:00] WAIT olmo3_7b_think jid=3477607_4 state=PENDING
[2026-09-06T06:28:31+08:00] WAIT olmo3_7b_think jid=3477607_5 state=PENDING
[2026-09-06T06:28:31+08:00] WAIT olmo3_7b_think jid=3477607_6 state=PENDING
[2026-09-06T06:28:31+08:00] WAIT qwen3_1.7b jid=3477608_0 state=PENDING
[2026-09-06T06:28:31+08:00] WAIT qwen3_1.7b jid=3477608_1 state=PENDING
[2026-09-06T06:28:31+08:00] WAIT qwen3_1.7b jid=3477608_2 state=PENDING
[2026-09-06T06:28:31+08:00] WAIT qwen3_1.7b jid=3477608_3 state=PENDING
[2026-09-06T06:28:31+08:00] WAIT qwen3_1.7b jid=3477608_4 state=PENDING
[2026-09-06T06:28:31+08:00] WAIT qwen3_1.7b jid=3477608_5 state=PENDING
[2026-09-06T06:28:31+08:00] WAIT qwen3_1.7b jid=3477608_6 state=PENDING
[2026-09-06T06:28:31+08:00] WAIT olmo3_7b_think jid=3477609_0 state=PENDING
[2026-09-06T06:28:31+08:00] WAIT olmo3_7b_think jid=3477609_1 state=PENDING
[2026-09-06T06:28:31+08:00] WAIT olmo3_7b_think jid=3477609_2 state=PENDING
[2026-09-06T06:28:31+08:00] WAIT olmo3_7b_think jid=3477609_3 state=PENDING
[2026-09-06T06:28:31+08:00] WAIT olmo3_7b_think jid=3477609_4 state=PENDING
[2026-09-06T06:28:31+08:00] WAIT olmo3_7b_think jid=3477609_5 state=PENDING
[2026-09-06T06:28:31+08:00] WAIT olmo3_7b_think jid=3477609_6 state=PENDING
[2026-09-06T06:28:31+08:00] progress done=0/37 pending=37 failed=0
[2026-09-06T06:30:31+08:00] WAIT qwen3_1.7b jid=3477428 state=PENDING
[2026-09-06T06:30:31+08:00] WAIT qwen3_1.7b jid=3477429 state=PENDING
[2026-09-06T06:30:31+08:00] WAIT qwen3_1.7b jid=3477430 state=PENDING
[2026-09-06T06:30:31+08:00] WAIT olmo3_7b_think jid=3477431 state=PENDING
[2026-09-06T06:30:31+08:00] WAIT olmo3_7b_think jid=3477432 state=PENDING
[2026-09-06T06:30:31+08:00] WAIT olmo3_7b_think jid=3477433 state=PENDING
[2026-09-06T06:30:31+08:00] WAIT qwen3_4b_instruct jid=3477434 state=PENDING
[2026-09-06T06:30:31+08:00] WAIT qwen3_4b_instruct jid=3477435 state=PENDING
[2026-09-06T06:30:31+08:00] WAIT qwen3_4b_instruct jid=3477436 state=PENDING
[2026-09-06T06:30:31+08:00] WAIT qwen3_1.7b jid=3477606_0 state=PENDING
[2026-09-06T06:30:31+08:00] WAIT qwen3_1.7b jid=3477606_1 state=PENDING
[2026-09-06T06:30:31+08:00] WAIT qwen3_1.7b jid=3477606_2 state=PENDING
[2026-09-06T06:30:31+08:00] WAIT qwen3_1.7b jid=3477606_3 state=PENDING
[2026-09-06T06:30:31+08:00] WAIT qwen3_1.7b jid=3477606_4 state=PENDING
[2026-09-06T06:30:31+08:00] WAIT qwen3_1.7b jid=3477606_5 state=PENDING
[2026-09-06T06:30:31+08:00] WAIT qwen3_1.7b jid=3477606_6 state=PENDING
[2026-09-06T06:30:31+08:00] WAIT olmo3_7b_think jid=3477607_0 state=PENDING
[2026-09-06T06:30:31+08:00] WAIT olmo3_7b_think jid=3477607_1 state=PENDING
[2026-09-06T06:30:31+08:00] WAIT olmo3_7b_think jid=3477607_2 state=PENDING
[2026-09-06T06:30:31+08:00] WAIT olmo3_7b_think jid=3477607_3 state=PENDING
[2026-09-06T06:30:31+08:00] WAIT olmo3_7b_think jid=3477607_4 state=PENDING
[2026-09-06T06:30:31+08:00] WAIT olmo3_7b_think jid=3477607_5 state=PENDING
[2026-09-06T06:30:31+08:00] WAIT olmo3_7b_think jid=3477607_6 state=PENDING
[2026-09-06T06:30:31+08:00] WAIT qwen3_1.7b jid=3477608_0 state=PENDING
[2026-09-06T06:30:31+08:00] WAIT qwen3_1.7b jid=3477608_1 state=PENDING
[2026-09-06T06:30:31+08:00] WAIT qwen3_1.7b jid=3477608_2 state=PENDING
[2026-09-06T06:30:31+08:00] WAIT qwen3_1.7b jid=3477608_3 state=PENDING
[2026-09-06T06:30:31+08:00] WAIT qwen3_1.7b jid=3477608_4 state=PENDING
[2026-09-06T06:30:31+08:00] WAIT qwen3_1.7b jid=3477608_5 state=PENDING
[2026-09-06T06:30:31+08:00] WAIT qwen3_1.7b jid=3477608_6 state=PENDING
[2026-09-06T06:30:31+08:00] WAIT olmo3_7b_think jid=3477609_0 state=PENDING
[2026-09-06T06:30:31+08:00] WAIT olmo3_7b_think jid=3477609_1 state=PENDING
[2026-09-06T06:30:31+08:00] WAIT olmo3_7b_think jid=3477609_2 state=PENDING
[2026-09-06T06:30:31+08:00] WAIT olmo3_7b_think jid=3477609_3 state=PENDING
[2026-09-06T06:30:31+08:00] WAIT olmo3_7b_think jid=3477609_4 state=PENDING
[2026-09-06T06:30:31+08:00] WAIT olmo3_7b_think jid=3477609_5 state=PENDING
[2026-09-06T06:30:31+08:00] WAIT olmo3_7b_think jid=3477609_6 state=PENDING
[2026-09-06T06:30:31+08:00] progress done=0/37 pending=37 failed=0
[2026-09-06T06:32:31+08:00] WAIT qwen3_1.7b jid=3477428 state=PENDING
[2026-09-06T06:32:31+08:00] WAIT qwen3_1.7b jid=3477429 state=PENDING
[2026-09-06T06:32:31+08:00] WAIT qwen3_1.7b jid=3477430 state=PENDING
[2026-09-06T06:32:31+08:00] WAIT olmo3_7b_think jid=3477431 state=PENDING
[2026-09-06T06:32:31+08:00] WAIT olmo3_7b_think jid=3477432 state=PENDING
[2026-09-06T06:32:31+08:00] WAIT olmo3_7b_think jid=3477433 state=PENDING
[2026-09-06T06:32:31+08:00] WAIT qwen3_4b_instruct jid=3477434 state=PENDING
[2026-09-06T06:32:31+08:00] WAIT qwen3_4b_instruct jid=3477435 state=PENDING
[2026-09-06T06:32:31+08:00] WAIT qwen3_4b_instruct jid=3477436 state=PENDING
[2026-09-06T06:32:31+08:00] WAIT qwen3_1.7b jid=3477606_0 state=PENDING
[2026-09-06T06:32:31+08:00] WAIT qwen3_1.7b jid=3477606_1 state=PENDING
[2026-09-06T06:32:31+08:00] WAIT qwen3_1.7b jid=3477606_2 state=PENDING
[2026-09-06T06:32:31+08:00] WAIT qwen3_1.7b jid=3477606_3 state=PENDING
[2026-09-06T06:32:31+08:00] WAIT qwen3_1.7b jid=3477606_4 state=PENDING
[2026-09-06T06:32:31+08:00] WAIT qwen3_1.7b jid=3477606_5 state=PENDING
[2026-09-06T06:32:31+08:00] WAIT qwen3_1.7b jid=3477606_6 state=PENDING
[2026-09-06T06:32:31+08:00] WAIT olmo3_7b_think jid=3477607_0 state=PENDING
[2026-09-06T06:32:31+08:00] WAIT olmo3_7b_think jid=3477607_1 state=PENDING
[2026-09-06T06:32:31+08:00] WAIT olmo3_7b_think jid=3477607_2 state=PENDING
[2026-09-06T06:32:31+08:00] WAIT olmo3_7b_think jid=3477607_3 state=PENDING
[2026-09-06T06:32:31+08:00] WAIT olmo3_7b_think jid=3477607_4 state=PENDING
[2026-09-06T06:32:31+08:00] WAIT olmo3_7b_think jid=3477607_5 state=PENDING
[2026-09-06T06:32:31+08:00] WAIT olmo3_7b_think jid=3477607_6 state=PENDING
[2026-09-06T06:32:31+08:00] WAIT qwen3_1.7b jid=3477608_0 state=PENDING
[2026-09-06T06:32:31+08:00] WAIT qwen3_1.7b jid=3477608_1 state=PENDING
[2026-09-06T06:32:31+08:00] WAIT qwen3_1.7b jid=3477608_2 state=PENDING
[2026-09-06T06:32:31+08:00] WAIT qwen3_1.7b jid=3477608_3 state=PENDING
[2026-09-06T06:32:31+08:00] WAIT qwen3_1.7b jid=3477608_4 state=PENDING
[2026-09-06T06:32:31+08:00] WAIT qwen3_1.7b jid=3477608_5 state=PENDING
[2026-09-06T06:32:31+08:00] WAIT qwen3_1.7b jid=3477608_6 state=PENDING
[2026-09-06T06:32:31+08:00] WAIT olmo3_7b_think jid=3477609_0 state=PENDING
[2026-09-06T06:32:31+08:00] WAIT olmo3_7b_think jid=3477609_1 state=PENDING
[2026-09-06T06:32:31+08:00] WAIT olmo3_7b_think jid=3477609_2 state=PENDING
[2026-09-06T06:32:31+08:00] WAIT olmo3_7b_think jid=3477609_3 state=PENDING
[2026-09-06T06:32:31+08:00] WAIT olmo3_7b_think jid=3477609_4 state=PENDING
[2026-09-06T06:32:31+08:00] WAIT olmo3_7b_think jid=3477609_5 state=PENDING
[2026-09-06T06:32:31+08:00] WAIT olmo3_7b_think jid=3477609_6 state=PENDING
[2026-09-06T06:32:31+08:00] progress done=0/37 pending=37 failed=0
[2026-09-06T06:34:32+08:00] WAIT qwen3_1.7b jid=3477428 state=PENDING
[2026-09-06T06:34:32+08:00] WAIT qwen3_1.7b jid=3477429 state=PENDING
[2026-09-06T06:34:32+08:00] WAIT qwen3_1.7b jid=3477430 state=PENDING
[2026-09-06T06:34:32+08:00] WAIT olmo3_7b_think jid=3477431 state=PENDING
[2026-09-06T06:34:32+08:00] WAIT olmo3_7b_think jid=3477432 state=PENDING
[2026-09-06T06:34:32+08:00] WAIT olmo3_7b_think jid=3477433 state=PENDING
[2026-09-06T06:34:32+08:00] WAIT qwen3_4b_instruct jid=3477434 state=PENDING
[2026-09-06T06:34:32+08:00] WAIT qwen3_4b_instruct jid=3477435 state=PENDING
[2026-09-06T06:34:32+08:00] WAIT qwen3_4b_instruct jid=3477436 state=PENDING
[2026-09-06T06:34:32+08:00] WAIT qwen3_1.7b jid=3477606_0 state=PENDING
[2026-09-06T06:34:32+08:00] WAIT qwen3_1.7b jid=3477606_1 state=PENDING
[2026-09-06T06:34:32+08:00] WAIT qwen3_1.7b jid=3477606_2 state=PENDING
[2026-09-06T06:34:32+08:00] WAIT qwen3_1.7b jid=3477606_3 state=PENDING
[2026-09-06T06:34:32+08:00] WAIT qwen3_1.7b jid=3477606_4 state=PENDING
[2026-09-06T06:34:32+08:00] WAIT qwen3_1.7b jid=3477606_5 state=PENDING
[2026-09-06T06:34:32+08:00] WAIT qwen3_1.7b jid=3477606_6 state=PENDING
[2026-09-06T06:34:32+08:00] WAIT olmo3_7b_think jid=3477607_0 state=PENDING
[2026-09-06T06:34:32+08:00] WAIT olmo3_7b_think jid=3477607_1 state=PENDING
[2026-09-06T06:34:32+08:00] WAIT olmo3_7b_think jid=3477607_2 state=PENDING
[2026-09-06T06:34:32+08:00] WAIT olmo3_7b_think jid=3477607_3 state=PENDING
[2026-09-06T06:34:32+08:00] WAIT olmo3_7b_think jid=3477607_4 state=PENDING
[2026-09-06T06:34:32+08:00] WAIT olmo3_7b_think jid=3477607_5 state=PENDING
[2026-09-06T06:34:32+08:00] WAIT olmo3_7b_think jid=3477607_6 state=PENDING
[2026-09-06T06:34:32+08:00] WAIT qwen3_1.7b jid=3477608_0 state=PENDING
[2026-09-06T06:34:32+08:00] WAIT qwen3_1.7b jid=3477608_1 state=PENDING
[2026-09-06T06:34:32+08:00] WAIT qwen3_1.7b jid=3477608_2 state=PENDING
[2026-09-06T06:34:32+08:00] WAIT qwen3_1.7b jid=3477608_3 state=PENDING
[2026-09-06T06:34:32+08:00] WAIT qwen3_1.7b jid=3477608_4 state=PENDING
[2026-09-06T06:34:32+08:00] WAIT qwen3_1.7b jid=3477608_5 state=PENDING
[2026-09-06T06:34:32+08:00] WAIT qwen3_1.7b jid=3477608_6 state=PENDING
[2026-09-06T06:34:32+08:00] WAIT olmo3_7b_think jid=3477609_0 state=PENDING
[2026-09-06T06:34:32+08:00] WAIT olmo3_7b_think jid=3477609_1 state=PENDING
[2026-09-06T06:34:32+08:00] WAIT olmo3_7b_think jid=3477609_2 state=PENDING
[2026-09-06T06:34:32+08:00] WAIT olmo3_7b_think jid=3477609_3 state=PENDING
[2026-09-06T06:34:32+08:00] WAIT olmo3_7b_think jid=3477609_4 state=PENDING
[2026-09-06T06:34:32+08:00] WAIT olmo3_7b_think jid=3477609_5 state=PENDING
[2026-09-06T06:34:32+08:00] WAIT olmo3_7b_think jid=3477609_6 state=PENDING
[2026-09-06T06:34:32+08:00] progress done=0/37 pending=37 failed=0
[2026-09-06T06:36:32+08:00] WAIT qwen3_1.7b jid=3477428 state=PENDING
[2026-09-06T06:36:32+08:00] WAIT qwen3_1.7b jid=3477429 state=PENDING
[2026-09-06T06:36:32+08:00] WAIT qwen3_1.7b jid=3477430 state=PENDING
[2026-09-06T06:36:32+08:00] WAIT olmo3_7b_think jid=3477431 state=PENDING
[2026-09-06T06:36:32+08:00] WAIT olmo3_7b_think jid=3477432 state=PENDING
[2026-09-06T06:36:32+08:00] WAIT olmo3_7b_think jid=3477433 state=PENDING
[2026-09-06T06:36:32+08:00] WAIT qwen3_4b_instruct jid=3477434 state=PENDING
[2026-09-06T06:36:32+08:00] WAIT qwen3_4b_instruct jid=3477435 state=PENDING
[2026-09-06T06:36:32+08:00] WAIT qwen3_4b_instruct jid=3477436 state=PENDING
[2026-09-06T06:36:32+08:00] WAIT qwen3_1.7b jid=3477606_0 state=PENDING
[2026-09-06T06:36:32+08:00] WAIT qwen3_1.7b jid=3477606_1 state=PENDING
[2026-09-06T06:36:32+08:00] WAIT qwen3_1.7b jid=3477606_2 state=PENDING
[2026-09-06T06:36:32+08:00] WAIT qwen3_1.7b jid=3477606_3 state=PENDING
[2026-09-06T06:36:32+08:00] WAIT qwen3_1.7b jid=3477606_4 state=PENDING
[2026-09-06T06:36:32+08:00] WAIT qwen3_1.7b jid=3477606_5 state=PENDING
[2026-09-06T06:36:32+08:00] WAIT qwen3_1.7b jid=3477606_6 state=PENDING
[2026-09-06T06:36:32+08:00] WAIT olmo3_7b_think jid=3477607_0 state=PENDING
[2026-09-06T06:36:32+08:00] WAIT olmo3_7b_think jid=3477607_1 state=PENDING
[2026-09-06T06:36:32+08:00] WAIT olmo3_7b_think jid=3477607_2 state=PENDING
[2026-09-06T06:36:32+08:00] WAIT olmo3_7b_think jid=3477607_3 state=PENDING
[2026-09-06T06:36:32+08:00] WAIT olmo3_7b_think jid=3477607_4 state=PENDING
[2026-09-06T06:36:32+08:00] WAIT olmo3_7b_think jid=3477607_5 state=PENDING
[2026-09-06T06:36:32+08:00] WAIT olmo3_7b_think jid=3477607_6 state=PENDING
[2026-09-06T06:36:32+08:00] WAIT qwen3_1.7b jid=3477608_0 state=PENDING
[2026-09-06T06:36:32+08:00] WAIT qwen3_1.7b jid=3477608_1 state=PENDING
[2026-09-06T06:36:32+08:00] WAIT qwen3_1.7b jid=3477608_2 state=PENDING
[2026-09-06T06:36:32+08:00] WAIT qwen3_1.7b jid=3477608_3 state=PENDING
[2026-09-06T06:36:32+08:00] WAIT qwen3_1.7b jid=3477608_4 state=PENDING
[2026-09-06T06:36:32+08:00] WAIT qwen3_1.7b jid=3477608_5 state=PENDING
[2026-09-06T06:36:32+08:00] WAIT qwen3_1.7b jid=3477608_6 state=PENDING
[2026-09-06T06:36:32+08:00] WAIT olmo3_7b_think jid=3477609_0 state=PENDING
[2026-09-06T06:36:32+08:00] WAIT olmo3_7b_think jid=3477609_1 state=PENDING
[2026-09-06T06:36:32+08:00] WAIT olmo3_7b_think jid=3477609_2 state=PENDING
[2026-09-06T06:36:32+08:00] WAIT olmo3_7b_think jid=3477609_3 state=PENDING
[2026-09-06T06:36:32+08:00] WAIT olmo3_7b_think jid=3477609_4 state=PENDING
[2026-09-06T06:36:32+08:00] WAIT olmo3_7b_think jid=3477609_5 state=PENDING
[2026-09-06T06:36:32+08:00] WAIT olmo3_7b_think jid=3477609_6 state=PENDING
[2026-09-06T06:36:32+08:00] progress done=0/37 pending=37 failed=0
[2026-09-06T06:38:32+08:00] WAIT qwen3_1.7b jid=3477428 state=PENDING
[2026-09-06T06:38:32+08:00] WAIT qwen3_1.7b jid=3477429 state=PENDING
[2026-09-06T06:38:32+08:00] WAIT qwen3_1.7b jid=3477430 state=PENDING
[2026-09-06T06:38:32+08:00] WAIT olmo3_7b_think jid=3477431 state=PENDING
[2026-09-06T06:38:32+08:00] WAIT olmo3_7b_think jid=3477432 state=PENDING
[2026-09-06T06:38:32+08:00] WAIT olmo3_7b_think jid=3477433 state=PENDING
[2026-09-06T06:38:32+08:00] WAIT qwen3_4b_instruct jid=3477434 state=PENDING
[2026-09-06T06:38:32+08:00] WAIT qwen3_4b_instruct jid=3477435 state=PENDING
[2026-09-06T06:38:32+08:00] WAIT qwen3_4b_instruct jid=3477436 state=PENDING
[2026-09-06T06:38:32+08:00] WAIT qwen3_1.7b jid=3477606_0 state=PENDING
[2026-09-06T06:38:32+08:00] WAIT qwen3_1.7b jid=3477606_1 state=PENDING
[2026-09-06T06:38:32+08:00] WAIT qwen3_1.7b jid=3477606_2 state=PENDING
[2026-09-06T06:38:32+08:00] WAIT qwen3_1.7b jid=3477606_3 state=PENDING
[2026-09-06T06:38:32+08:00] WAIT qwen3_1.7b jid=3477606_4 state=PENDING
[2026-09-06T06:38:32+08:00] WAIT qwen3_1.7b jid=3477606_5 state=PENDING
[2026-09-06T06:38:32+08:00] WAIT qwen3_1.7b jid=3477606_6 state=PENDING
[2026-09-06T06:38:32+08:00] WAIT olmo3_7b_think jid=3477607_0 state=PENDING
[2026-09-06T06:38:32+08:00] WAIT olmo3_7b_think jid=3477607_1 state=PENDING
[2026-09-06T06:38:32+08:00] WAIT olmo3_7b_think jid=3477607_2 state=PENDING
[2026-09-06T06:38:32+08:00] WAIT olmo3_7b_think jid=3477607_3 state=PENDING
[2026-09-06T06:38:33+08:00] WAIT olmo3_7b_think jid=3477607_4 state=PENDING
[2026-09-06T06:38:33+08:00] WAIT olmo3_7b_think jid=3477607_5 state=PENDING
[2026-09-06T06:38:33+08:00] WAIT olmo3_7b_think jid=3477607_6 state=PENDING
[2026-09-06T06:38:33+08:00] WAIT qwen3_1.7b jid=3477608_0 state=PENDING
[2026-09-06T06:38:33+08:00] WAIT qwen3_1.7b jid=3477608_1 state=PENDING
[2026-09-06T06:38:33+08:00] WAIT qwen3_1.7b jid=3477608_2 state=PENDING
[2026-09-06T06:38:33+08:00] WAIT qwen3_1.7b jid=3477608_3 state=PENDING
[2026-09-06T06:38:33+08:00] WAIT qwen3_1.7b jid=3477608_4 state=PENDING
[2026-09-06T06:38:33+08:00] WAIT qwen3_1.7b jid=3477608_5 state=PENDING
[2026-09-06T06:38:33+08:00] WAIT qwen3_1.7b jid=3477608_6 state=PENDING
[2026-09-06T06:38:33+08:00] WAIT olmo3_7b_think jid=3477609_0 state=PENDING
[2026-09-06T06:38:33+08:00] WAIT olmo3_7b_think jid=3477609_1 state=PENDING
[2026-09-06T06:38:33+08:00] WAIT olmo3_7b_think jid=3477609_2 state=PENDING
[2026-09-06T06:38:33+08:00] WAIT olmo3_7b_think jid=3477609_3 state=PENDING
[2026-09-06T06:38:33+08:00] WAIT olmo3_7b_think jid=3477609_4 state=PENDING
[2026-09-06T06:38:33+08:00] WAIT olmo3_7b_think jid=3477609_5 state=PENDING
[2026-09-06T06:38:33+08:00] WAIT olmo3_7b_think jid=3477609_6 state=PENDING
[2026-09-06T06:38:33+08:00] progress done=0/37 pending=37 failed=0
[2026-09-06T06:40:33+08:00] WAIT qwen3_1.7b jid=3477428 state=PENDING
[2026-09-06T06:40:33+08:00] WAIT qwen3_1.7b jid=3477429 state=PENDING
[2026-09-06T06:40:33+08:00] WAIT qwen3_1.7b jid=3477430 state=PENDING
[2026-09-06T06:40:33+08:00] WAIT olmo3_7b_think jid=3477431 state=PENDING
[2026-09-06T06:40:33+08:00] WAIT olmo3_7b_think jid=3477432 state=PENDING
[2026-09-06T06:40:33+08:00] WAIT olmo3_7b_think jid=3477433 state=PENDING
[2026-09-06T06:40:33+08:00] WAIT qwen3_4b_instruct jid=3477434 state=PENDING
[2026-09-06T06:40:33+08:00] WAIT qwen3_4b_instruct jid=3477435 state=PENDING
[2026-09-06T06:40:33+08:00] WAIT qwen3_4b_instruct jid=3477436 state=PENDING
[2026-09-06T06:40:33+08:00] WAIT qwen3_1.7b jid=3477606_0 state=PENDING
[2026-09-06T06:40:33+08:00] WAIT qwen3_1.7b jid=3477606_1 state=PENDING
[2026-09-06T06:40:33+08:00] WAIT qwen3_1.7b jid=3477606_2 state=PENDING
[2026-09-06T06:40:33+08:00] WAIT qwen3_1.7b jid=3477606_3 state=PENDING
[2026-09-06T06:40:33+08:00] WAIT qwen3_1.7b jid=3477606_4 state=PENDING
[2026-09-06T06:40:33+08:00] WAIT qwen3_1.7b jid=3477606_5 state=PENDING
[2026-09-06T06:40:33+08:00] WAIT qwen3_1.7b jid=3477606_6 state=PENDING
[2026-09-06T06:40:33+08:00] WAIT olmo3_7b_think jid=3477607_0 state=PENDING
[2026-09-06T06:40:33+08:00] WAIT olmo3_7b_think jid=3477607_1 state=PENDING
[2026-09-06T06:40:33+08:00] WAIT olmo3_7b_think jid=3477607_2 state=PENDING
[2026-09-06T06:40:33+08:00] WAIT olmo3_7b_think jid=3477607_3 state=PENDING
[2026-09-06T06:40:33+08:00] WAIT olmo3_7b_think jid=3477607_4 state=PENDING
[2026-09-06T06:40:33+08:00] WAIT olmo3_7b_think jid=3477607_5 state=PENDING
[2026-09-06T06:40:33+08:00] WAIT olmo3_7b_think jid=3477607_6 state=PENDING
[2026-09-06T06:40:33+08:00] WAIT qwen3_1.7b jid=3477608_0 state=PENDING
[2026-09-06T06:40:33+08:00] WAIT qwen3_1.7b jid=3477608_1 state=PENDING
[2026-09-06T06:40:33+08:00] WAIT qwen3_1.7b jid=3477608_2 state=PENDING
[2026-09-06T06:40:33+08:00] WAIT qwen3_1.7b jid=3477608_3 state=PENDING
[2026-09-06T06:40:33+08:00] WAIT qwen3_1.7b jid=3477608_4 state=PENDING
[2026-09-06T06:40:33+08:00] WAIT qwen3_1.7b jid=3477608_5 state=PENDING
[2026-09-06T06:40:33+08:00] WAIT qwen3_1.7b jid=3477608_6 state=PENDING
[2026-09-06T06:40:33+08:00] WAIT olmo3_7b_think jid=3477609_0 state=PENDING
[2026-09-06T06:40:33+08:00] WAIT olmo3_7b_think jid=3477609_1 state=PENDING
[2026-09-06T06:40:33+08:00] WAIT olmo3_7b_think jid=3477609_2 state=PENDING
[2026-09-06T06:40:33+08:00] WAIT olmo3_7b_think jid=3477609_3 state=PENDING
[2026-09-06T06:40:33+08:00] WAIT olmo3_7b_think jid=3477609_4 state=PENDING
[2026-09-06T06:40:33+08:00] WAIT olmo3_7b_think jid=3477609_5 state=PENDING
[2026-09-06T06:40:33+08:00] WAIT olmo3_7b_think jid=3477609_6 state=PENDING
[2026-09-06T06:40:33+08:00] progress done=0/37 pending=37 failed=0
[2026-09-06T06:42:33+08:00] WAIT qwen3_1.7b jid=3477428 state=PENDING
[2026-09-06T06:42:33+08:00] WAIT qwen3_1.7b jid=3477429 state=PENDING
[2026-09-06T06:42:33+08:00] WAIT qwen3_1.7b jid=3477430 state=PENDING
[2026-09-06T06:42:33+08:00] WAIT olmo3_7b_think jid=3477431 state=PENDING
[2026-09-06T06:42:33+08:00] WAIT olmo3_7b_think jid=3477432 state=PENDING
[2026-09-06T06:42:33+08:00] WAIT olmo3_7b_think jid=3477433 state=PENDING
[2026-09-06T06:42:33+08:00] WAIT qwen3_4b_instruct jid=3477434 state=PENDING
[2026-09-06T06:42:33+08:00] WAIT qwen3_4b_instruct jid=3477435 state=PENDING
[2026-09-06T06:42:33+08:00] WAIT qwen3_4b_instruct jid=3477436 state=PENDING
[2026-09-06T06:42:33+08:00] WAIT qwen3_1.7b jid=3477606_0 state=PENDING
[2026-09-06T06:42:33+08:00] WAIT qwen3_1.7b jid=3477606_1 state=PENDING
[2026-09-06T06:42:33+08:00] WAIT qwen3_1.7b jid=3477606_2 state=PENDING
[2026-09-06T06:42:33+08:00] WAIT qwen3_1.7b jid=3477606_3 state=PENDING
[2026-09-06T06:42:33+08:00] WAIT qwen3_1.7b jid=3477606_4 state=PENDING
[2026-09-06T06:42:33+08:00] WAIT qwen3_1.7b jid=3477606_5 state=PENDING
[2026-09-06T06:42:33+08:00] WAIT qwen3_1.7b jid=3477606_6 state=PENDING
[2026-09-06T06:42:33+08:00] WAIT olmo3_7b_think jid=3477607_0 state=PENDING
[2026-09-06T06:42:33+08:00] WAIT olmo3_7b_think jid=3477607_1 state=PENDING
[2026-09-06T06:42:33+08:00] WAIT olmo3_7b_think jid=3477607_2 state=PENDING
[2026-09-06T06:42:33+08:00] WAIT olmo3_7b_think jid=3477607_3 state=PENDING
[2026-09-06T06:42:33+08:00] WAIT olmo3_7b_think jid=3477607_4 state=PENDING
[2026-09-06T06:42:33+08:00] WAIT olmo3_7b_think jid=3477607_5 state=PENDING
[2026-09-06T06:42:33+08:00] WAIT olmo3_7b_think jid=3477607_6 state=PENDING
[2026-09-06T06:42:33+08:00] WAIT qwen3_1.7b jid=3477608_0 state=PENDING
[2026-09-06T06:42:33+08:00] WAIT qwen3_1.7b jid=3477608_1 state=PENDING
[2026-09-06T06:42:33+08:00] WAIT qwen3_1.7b jid=3477608_2 state=PENDING
[2026-09-06T06:42:33+08:00] WAIT qwen3_1.7b jid=3477608_3 state=PENDING
[2026-09-06T06:42:33+08:00] WAIT qwen3_1.7b jid=3477608_4 state=PENDING
[2026-09-06T06:42:33+08:00] WAIT qwen3_1.7b jid=3477608_5 state=PENDING
[2026-09-06T06:42:33+08:00] WAIT qwen3_1.7b jid=3477608_6 state=PENDING
[2026-09-06T06:42:33+08:00] WAIT olmo3_7b_think jid=3477609_0 state=PENDING
[2026-09-06T06:42:33+08:00] WAIT olmo3_7b_think jid=3477609_1 state=PENDING
[2026-09-06T06:42:33+08:00] WAIT olmo3_7b_think jid=3477609_2 state=PENDING
[2026-09-06T06:42:33+08:00] WAIT olmo3_7b_think jid=3477609_3 state=PENDING
[2026-09-06T06:42:33+08:00] WAIT olmo3_7b_think jid=3477609_4 state=PENDING
[2026-09-06T06:42:33+08:00] WAIT olmo3_7b_think jid=3477609_5 state=PENDING
[2026-09-06T06:42:33+08:00] WAIT olmo3_7b_think jid=3477609_6 state=PENDING
[2026-09-06T06:42:33+08:00] progress done=0/37 pending=37 failed=0
[2026-09-06T06:44:33+08:00] WAIT qwen3_1.7b jid=3477428 state=PENDING
[2026-09-06T06:44:33+08:00] WAIT qwen3_1.7b jid=3477429 state=PENDING
[2026-09-06T06:44:33+08:00] WAIT qwen3_1.7b jid=3477430 state=PENDING
[2026-09-06T06:44:34+08:00] WAIT olmo3_7b_think jid=3477431 state=PENDING
[2026-09-06T06:44:34+08:00] WAIT olmo3_7b_think jid=3477432 state=PENDING
[2026-09-06T06:44:34+08:00] WAIT olmo3_7b_think jid=3477433 state=PENDING
[2026-09-06T06:44:34+08:00] WAIT qwen3_4b_instruct jid=3477434 state=PENDING
[2026-09-06T06:44:34+08:00] WAIT qwen3_4b_instruct jid=3477435 state=PENDING
[2026-09-06T06:44:34+08:00] WAIT qwen3_4b_instruct jid=3477436 state=PENDING
[2026-09-06T06:44:34+08:00] WAIT qwen3_1.7b jid=3477606_0 state=PENDING
[2026-09-06T06:44:34+08:00] WAIT qwen3_1.7b jid=3477606_1 state=PENDING
[2026-09-06T06:44:34+08:00] WAIT qwen3_1.7b jid=3477606_2 state=PENDING
[2026-09-06T06:44:34+08:00] WAIT qwen3_1.7b jid=3477606_3 state=PENDING
[2026-09-06T06:44:34+08:00] WAIT qwen3_1.7b jid=3477606_4 state=PENDING
[2026-09-06T06:44:34+08:00] WAIT qwen3_1.7b jid=3477606_5 state=PENDING
[2026-09-06T06:44:34+08:00] WAIT qwen3_1.7b jid=3477606_6 state=PENDING
[2026-09-06T06:44:34+08:00] WAIT olmo3_7b_think jid=3477607_0 state=PENDING
[2026-09-06T06:44:34+08:00] WAIT olmo3_7b_think jid=3477607_1 state=PENDING
[2026-09-06T06:44:34+08:00] WAIT olmo3_7b_think jid=3477607_2 state=PENDING
[2026-09-06T06:44:34+08:00] WAIT olmo3_7b_think jid=3477607_3 state=PENDING
[2026-09-06T06:44:34+08:00] WAIT olmo3_7b_think jid=3477607_4 state=PENDING
[2026-09-06T06:44:34+08:00] WAIT olmo3_7b_think jid=3477607_5 state=PENDING
[2026-09-06T06:44:34+08:00] WAIT olmo3_7b_think jid=3477607_6 state=PENDING
[2026-09-06T06:44:34+08:00] WAIT qwen3_1.7b jid=3477608_0 state=PENDING
[2026-09-06T06:44:34+08:00] WAIT qwen3_1.7b jid=3477608_1 state=PENDING
[2026-09-06T06:44:34+08:00] WAIT qwen3_1.7b jid=3477608_2 state=PENDING
[2026-09-06T06:44:34+08:00] WAIT qwen3_1.7b jid=3477608_3 state=PENDING
[2026-09-06T06:44:34+08:00] WAIT qwen3_1.7b jid=3477608_4 state=PENDING
[2026-09-06T06:44:34+08:00] WAIT qwen3_1.7b jid=3477608_5 state=PENDING
[2026-09-06T06:44:34+08:00] WAIT qwen3_1.7b jid=3477608_6 state=PENDING
[2026-09-06T06:44:34+08:00] WAIT olmo3_7b_think jid=3477609_0 state=PENDING
[2026-09-06T06:44:34+08:00] WAIT olmo3_7b_think jid=3477609_1 state=PENDING
[2026-09-06T06:44:34+08:00] WAIT olmo3_7b_think jid=3477609_2 state=PENDING
[2026-09-06T06:44:34+08:00] WAIT olmo3_7b_think jid=3477609_3 state=PENDING
[2026-09-06T06:44:34+08:00] WAIT olmo3_7b_think jid=3477609_4 state=PENDING
[2026-09-06T06:44:34+08:00] WAIT olmo3_7b_think jid=3477609_5 state=PENDING
[2026-09-06T06:44:34+08:00] WAIT olmo3_7b_think jid=3477609_6 state=PENDING
[2026-09-06T06:44:34+08:00] progress done=0/37 pending=37 failed=0
[2026-09-06T06:46:34+08:00] WAIT qwen3_1.7b jid=3477428 state=PENDING
[2026-09-06T06:46:34+08:00] WAIT qwen3_1.7b jid=3477429 state=PENDING
[2026-09-06T06:46:34+08:00] WAIT qwen3_1.7b jid=3477430 state=PENDING
[2026-09-06T06:46:34+08:00] WAIT olmo3_7b_think jid=3477431 state=PENDING
[2026-09-06T06:46:34+08:00] WAIT olmo3_7b_think jid=3477432 state=PENDING
[2026-09-06T06:46:34+08:00] WAIT olmo3_7b_think jid=3477433 state=PENDING
[2026-09-06T06:46:34+08:00] WAIT qwen3_4b_instruct jid=3477434 state=PENDING
[2026-09-06T06:46:34+08:00] WAIT qwen3_4b_instruct jid=3477435 state=PENDING
[2026-09-06T06:46:34+08:00] WAIT qwen3_4b_instruct jid=3477436 state=PENDING
[2026-09-06T06:46:34+08:00] WAIT qwen3_1.7b jid=3477606_0 state=PENDING
[2026-09-06T06:46:34+08:00] WAIT qwen3_1.7b jid=3477606_1 state=PENDING
[2026-09-06T06:46:34+08:00] WAIT qwen3_1.7b jid=3477606_2 state=PENDING
[2026-09-06T06:46:34+08:00] WAIT qwen3_1.7b jid=3477606_3 state=PENDING
[2026-09-06T06:46:34+08:00] WAIT qwen3_1.7b jid=3477606_4 state=PENDING
[2026-09-06T06:46:34+08:00] WAIT qwen3_1.7b jid=3477606_5 state=PENDING
[2026-09-06T06:46:34+08:00] WAIT qwen3_1.7b jid=3477606_6 state=PENDING
[2026-09-06T06:46:34+08:00] WAIT olmo3_7b_think jid=3477607_0 state=PENDING
[2026-09-06T06:46:34+08:00] WAIT olmo3_7b_think jid=3477607_1 state=PENDING
[2026-09-06T06:46:34+08:00] WAIT olmo3_7b_think jid=3477607_2 state=PENDING
[2026-09-06T06:46:34+08:00] WAIT olmo3_7b_think jid=3477607_3 state=PENDING
[2026-09-06T06:46:34+08:00] WAIT olmo3_7b_think jid=3477607_4 state=PENDING
[2026-09-06T06:46:34+08:00] WAIT olmo3_7b_think jid=3477607_5 state=PENDING
[2026-09-06T06:46:34+08:00] WAIT olmo3_7b_think jid=3477607_6 state=PENDING
[2026-09-06T06:46:34+08:00] WAIT qwen3_1.7b jid=3477608_0 state=PENDING
[2026-09-06T06:46:34+08:00] WAIT qwen3_1.7b jid=3477608_1 state=PENDING
[2026-09-06T06:46:34+08:00] WAIT qwen3_1.7b jid=3477608_2 state=PENDING
[2026-09-06T06:46:34+08:00] WAIT qwen3_1.7b jid=3477608_3 state=PENDING
[2026-09-06T06:46:34+08:00] WAIT qwen3_1.7b jid=3477608_4 state=PENDING
[2026-09-06T06:46:34+08:00] WAIT qwen3_1.7b jid=3477608_5 state=PENDING
[2026-09-06T06:46:34+08:00] WAIT qwen3_1.7b jid=3477608_6 state=PENDING
[2026-09-06T06:46:34+08:00] WAIT olmo3_7b_think jid=3477609_0 state=PENDING
[2026-09-06T06:46:34+08:00] WAIT olmo3_7b_think jid=3477609_1 state=PENDING
[2026-09-06T06:46:34+08:00] WAIT olmo3_7b_think jid=3477609_2 state=PENDING
[2026-09-06T06:46:34+08:00] WAIT olmo3_7b_think jid=3477609_3 state=PENDING
[2026-09-06T06:46:34+08:00] WAIT olmo3_7b_think jid=3477609_4 state=PENDING
[2026-09-06T06:46:34+08:00] WAIT olmo3_7b_think jid=3477609_5 state=PENDING
[2026-09-06T06:46:34+08:00] WAIT olmo3_7b_think jid=3477609_6 state=PENDING
[2026-09-06T06:46:34+08:00] progress done=0/37 pending=37 failed=0
[2026-09-06T06:48:34+08:00] WAIT qwen3_1.7b jid=3477428 state=PENDING
[2026-09-06T06:48:34+08:00] WAIT qwen3_1.7b jid=3477429 state=PENDING
[2026-09-06T06:48:34+08:00] WAIT qwen3_1.7b jid=3477430 state=PENDING
[2026-09-06T06:48:34+08:00] WAIT olmo3_7b_think jid=3477431 state=PENDING
[2026-09-06T06:48:34+08:00] WAIT olmo3_7b_think jid=3477432 state=PENDING
[2026-09-06T06:48:34+08:00] WAIT olmo3_7b_think jid=3477433 state=PENDING
[2026-09-06T06:48:34+08:00] WAIT qwen3_4b_instruct jid=3477434 state=PENDING
[2026-09-06T06:48:34+08:00] WAIT qwen3_4b_instruct jid=3477435 state=PENDING
[2026-09-06T06:48:34+08:00] WAIT qwen3_4b_instruct jid=3477436 state=PENDING
[2026-09-06T06:48:34+08:00] WAIT qwen3_1.7b jid=3477606_0 state=PENDING
[2026-09-06T06:48:34+08:00] WAIT qwen3_1.7b jid=3477606_1 state=PENDING
[2026-09-06T06:48:34+08:00] WAIT qwen3_1.7b jid=3477606_2 state=PENDING
[2026-09-06T06:48:34+08:00] WAIT qwen3_1.7b jid=3477606_3 state=PENDING
[2026-09-06T06:48:34+08:00] WAIT qwen3_1.7b jid=3477606_4 state=PENDING
[2026-09-06T06:48:34+08:00] WAIT qwen3_1.7b jid=3477606_5 state=PENDING
[2026-09-06T06:48:34+08:00] WAIT qwen3_1.7b jid=3477606_6 state=PENDING
[2026-09-06T06:48:34+08:00] WAIT olmo3_7b_think jid=3477607_0 state=PENDING
[2026-09-06T06:48:34+08:00] WAIT olmo3_7b_think jid=3477607_1 state=PENDING
[2026-09-06T06:48:34+08:00] WAIT olmo3_7b_think jid=3477607_2 state=PENDING
[2026-09-06T06:48:34+08:00] WAIT olmo3_7b_think jid=3477607_3 state=PENDING
[2026-09-06T06:48:34+08:00] WAIT olmo3_7b_think jid=3477607_4 state=PENDING
[2026-09-06T06:48:34+08:00] WAIT olmo3_7b_think jid=3477607_5 state=PENDING
[2026-09-06T06:48:34+08:00] WAIT olmo3_7b_think jid=3477607_6 state=PENDING
[2026-09-06T06:48:34+08:00] WAIT qwen3_1.7b jid=3477608_0 state=PENDING
[2026-09-06T06:48:34+08:00] WAIT qwen3_1.7b jid=3477608_1 state=PENDING
[2026-09-06T06:48:35+08:00] WAIT qwen3_1.7b jid=3477608_2 state=PENDING
[2026-09-06T06:48:35+08:00] WAIT qwen3_1.7b jid=3477608_3 state=PENDING
[2026-09-06T06:48:35+08:00] WAIT qwen3_1.7b jid=3477608_4 state=PENDING
[2026-09-06T06:48:35+08:00] WAIT qwen3_1.7b jid=3477608_5 state=PENDING
[2026-09-06T06:48:35+08:00] WAIT qwen3_1.7b jid=3477608_6 state=PENDING
[2026-09-06T06:48:35+08:00] WAIT olmo3_7b_think jid=3477609_0 state=PENDING
[2026-09-06T06:48:35+08:00] WAIT olmo3_7b_think jid=3477609_1 state=PENDING
[2026-09-06T06:48:35+08:00] WAIT olmo3_7b_think jid=3477609_2 state=PENDING
[2026-09-06T06:48:35+08:00] WAIT olmo3_7b_think jid=3477609_3 state=PENDING
[2026-09-06T06:48:35+08:00] WAIT olmo3_7b_think jid=3477609_4 state=PENDING
[2026-09-06T06:48:35+08:00] WAIT olmo3_7b_think jid=3477609_5 state=PENDING
[2026-09-06T06:48:35+08:00] WAIT olmo3_7b_think jid=3477609_6 state=PENDING
[2026-09-06T06:48:35+08:00] progress done=0/37 pending=37 failed=0
[2026-09-06T06:50:35+08:00] WAIT qwen3_1.7b jid=3477428 state=PENDING
[2026-09-06T06:50:35+08:00] WAIT qwen3_1.7b jid=3477429 state=PENDING
[2026-09-06T06:50:35+08:00] WAIT qwen3_1.7b jid=3477430 state=PENDING
[2026-09-06T06:50:35+08:00] WAIT olmo3_7b_think jid=3477431 state=PENDING
[2026-09-06T06:50:35+08:00] WAIT olmo3_7b_think jid=3477432 state=PENDING
[2026-09-06T06:50:35+08:00] WAIT olmo3_7b_think jid=3477433 state=PENDING
[2026-09-06T06:50:35+08:00] WAIT qwen3_4b_instruct jid=3477434 state=PENDING
[2026-09-06T06:50:35+08:00] WAIT qwen3_4b_instruct jid=3477435 state=PENDING
[2026-09-06T06:50:35+08:00] WAIT qwen3_4b_instruct jid=3477436 state=PENDING
[2026-09-06T06:50:35+08:00] WAIT qwen3_1.7b jid=3477606_0 state=PENDING
[2026-09-06T06:50:35+08:00] WAIT qwen3_1.7b jid=3477606_1 state=PENDING
[2026-09-06T06:50:35+08:00] WAIT qwen3_1.7b jid=3477606_2 state=PENDING
[2026-09-06T06:50:35+08:00] WAIT qwen3_1.7b jid=3477606_3 state=PENDING
[2026-09-06T06:50:35+08:00] WAIT qwen3_1.7b jid=3477606_4 state=PENDING
[2026-09-06T06:50:35+08:00] WAIT qwen3_1.7b jid=3477606_5 state=PENDING
[2026-09-06T06:50:35+08:00] WAIT qwen3_1.7b jid=3477606_6 state=PENDING
[2026-09-06T06:50:35+08:00] WAIT olmo3_7b_think jid=3477607_0 state=PENDING
[2026-09-06T06:50:35+08:00] WAIT olmo3_7b_think jid=3477607_1 state=PENDING
[2026-09-06T06:50:35+08:00] WAIT olmo3_7b_think jid=3477607_2 state=PENDING
[2026-09-06T06:50:35+08:00] WAIT olmo3_7b_think jid=3477607_3 state=PENDING
[2026-09-06T06:50:35+08:00] WAIT olmo3_7b_think jid=3477607_4 state=PENDING
[2026-09-06T06:50:35+08:00] WAIT olmo3_7b_think jid=3477607_5 state=PENDING
[2026-09-06T06:50:35+08:00] WAIT olmo3_7b_think jid=3477607_6 state=PENDING
[2026-09-06T06:50:35+08:00] WAIT qwen3_1.7b jid=3477608_0 state=PENDING
[2026-09-06T06:50:35+08:00] WAIT qwen3_1.7b jid=3477608_1 state=PENDING
[2026-09-06T06:50:35+08:00] WAIT qwen3_1.7b jid=3477608_2 state=PENDING
[2026-09-06T06:50:35+08:00] WAIT qwen3_1.7b jid=3477608_3 state=PENDING
[2026-09-06T06:50:35+08:00] WAIT qwen3_1.7b jid=3477608_4 state=PENDING
[2026-09-06T06:50:35+08:00] WAIT qwen3_1.7b jid=3477608_5 state=PENDING
[2026-09-06T06:50:35+08:00] WAIT qwen3_1.7b jid=3477608_6 state=PENDING
[2026-09-06T06:50:35+08:00] WAIT olmo3_7b_think jid=3477609_0 state=PENDING
[2026-09-06T06:50:35+08:00] WAIT olmo3_7b_think jid=3477609_1 state=PENDING
[2026-09-06T06:50:35+08:00] WAIT olmo3_7b_think jid=3477609_2 state=PENDING
[2026-09-06T06:50:35+08:00] WAIT olmo3_7b_think jid=3477609_3 state=PENDING
[2026-09-06T06:50:35+08:00] WAIT olmo3_7b_think jid=3477609_4 state=PENDING
[2026-09-06T06:50:35+08:00] WAIT olmo3_7b_think jid=3477609_5 state=PENDING
[2026-09-06T06:50:35+08:00] WAIT olmo3_7b_think jid=3477609_6 state=PENDING
[2026-09-06T06:50:35+08:00] progress done=0/37 pending=37 failed=0
[2026-09-06T06:52:35+08:00] WAIT qwen3_1.7b jid=3477428 state=PENDING
[2026-09-06T06:52:35+08:00] WAIT qwen3_1.7b jid=3477429 state=PENDING
[2026-09-06T06:52:35+08:00] WAIT qwen3_1.7b jid=3477430 state=PENDING
[2026-09-06T06:52:35+08:00] WAIT olmo3_7b_think jid=3477431 state=PENDING
[2026-09-06T06:52:35+08:00] WAIT olmo3_7b_think jid=3477432 state=PENDING
[2026-09-06T06:52:35+08:00] WAIT olmo3_7b_think jid=3477433 state=PENDING
[2026-09-06T06:52:35+08:00] WAIT qwen3_4b_instruct jid=3477434 state=PENDING
[2026-09-06T06:52:35+08:00] WAIT qwen3_4b_instruct jid=3477435 state=PENDING
[2026-09-06T06:52:35+08:00] WAIT qwen3_4b_instruct jid=3477436 state=PENDING
[2026-09-06T06:52:35+08:00] WAIT qwen3_1.7b jid=3477606_0 state=PENDING
[2026-09-06T06:52:35+08:00] WAIT qwen3_1.7b jid=3477606_1 state=PENDING
[2026-09-06T06:52:35+08:00] WAIT qwen3_1.7b jid=3477606_2 state=PENDING
[2026-09-06T06:52:35+08:00] WAIT qwen3_1.7b jid=3477606_3 state=PENDING
[2026-09-06T06:52:35+08:00] WAIT qwen3_1.7b jid=3477606_4 state=PENDING
[2026-09-06T06:52:35+08:00] WAIT qwen3_1.7b jid=3477606_5 state=PENDING
[2026-09-06T06:52:35+08:00] WAIT qwen3_1.7b jid=3477606_6 state=PENDING
[2026-09-06T06:52:35+08:00] WAIT olmo3_7b_think jid=3477607_0 state=PENDING
[2026-09-06T06:52:35+08:00] WAIT olmo3_7b_think jid=3477607_1 state=PENDING
[2026-09-06T06:52:35+08:00] WAIT olmo3_7b_think jid=3477607_2 state=PENDING
[2026-09-06T06:52:35+08:00] WAIT olmo3_7b_think jid=3477607_3 state=PENDING
[2026-09-06T06:52:35+08:00] WAIT olmo3_7b_think jid=3477607_4 state=PENDING
[2026-09-06T06:52:35+08:00] WAIT olmo3_7b_think jid=3477607_5 state=PENDING
[2026-09-06T06:52:35+08:00] WAIT olmo3_7b_think jid=3477607_6 state=PENDING
[2026-09-06T06:52:35+08:00] WAIT qwen3_1.7b jid=3477608_0 state=PENDING
[2026-09-06T06:52:35+08:00] WAIT qwen3_1.7b jid=3477608_1 state=PENDING
[2026-09-06T06:52:35+08:00] WAIT qwen3_1.7b jid=3477608_2 state=PENDING
[2026-09-06T06:52:35+08:00] WAIT qwen3_1.7b jid=3477608_3 state=PENDING
[2026-09-06T06:52:35+08:00] WAIT qwen3_1.7b jid=3477608_4 state=PENDING
[2026-09-06T06:52:35+08:00] WAIT qwen3_1.7b jid=3477608_5 state=PENDING
[2026-09-06T06:52:35+08:00] WAIT qwen3_1.7b jid=3477608_6 state=PENDING
[2026-09-06T06:52:35+08:00] WAIT olmo3_7b_think jid=3477609_0 state=PENDING
[2026-09-06T06:52:35+08:00] WAIT olmo3_7b_think jid=3477609_1 state=PENDING
[2026-09-06T06:52:35+08:00] WAIT olmo3_7b_think jid=3477609_2 state=PENDING
[2026-09-06T06:52:35+08:00] WAIT olmo3_7b_think jid=3477609_3 state=PENDING
[2026-09-06T06:52:35+08:00] WAIT olmo3_7b_think jid=3477609_4 state=PENDING
[2026-09-06T06:52:35+08:00] WAIT olmo3_7b_think jid=3477609_5 state=PENDING
[2026-09-06T06:52:35+08:00] WAIT olmo3_7b_think jid=3477609_6 state=PENDING
[2026-09-06T06:52:35+08:00] progress done=0/37 pending=37 failed=0
[2026-09-06T06:54:35+08:00] WAIT qwen3_1.7b jid=3477428 state=PENDING
[2026-09-06T06:54:35+08:00] WAIT qwen3_1.7b jid=3477429 state=PENDING
[2026-09-06T06:54:35+08:00] WAIT qwen3_1.7b jid=3477430 state=PENDING
[2026-09-06T06:54:35+08:00] WAIT olmo3_7b_think jid=3477431 state=PENDING
[2026-09-06T06:54:35+08:00] WAIT olmo3_7b_think jid=3477432 state=PENDING
[2026-09-06T06:54:36+08:00] WAIT olmo3_7b_think jid=3477433 state=PENDING
[2026-09-06T06:54:36+08:00] WAIT qwen3_4b_instruct jid=3477434 state=PENDING
[2026-09-06T06:54:36+08:00] WAIT qwen3_4b_instruct jid=3477435 state=PENDING
[2026-09-06T06:54:36+08:00] WAIT qwen3_4b_instruct jid=3477436 state=PENDING
[2026-09-06T06:54:36+08:00] WAIT qwen3_1.7b jid=3477606_0 state=PENDING
[2026-09-06T06:54:36+08:00] WAIT qwen3_1.7b jid=3477606_1 state=PENDING
[2026-09-06T06:54:36+08:00] WAIT qwen3_1.7b jid=3477606_2 state=PENDING
[2026-09-06T06:54:36+08:00] WAIT qwen3_1.7b jid=3477606_3 state=PENDING
[2026-09-06T06:54:36+08:00] WAIT qwen3_1.7b jid=3477606_4 state=PENDING
[2026-09-06T06:54:36+08:00] WAIT qwen3_1.7b jid=3477606_5 state=PENDING
[2026-09-06T06:54:36+08:00] WAIT qwen3_1.7b jid=3477606_6 state=PENDING
[2026-09-06T06:54:36+08:00] WAIT olmo3_7b_think jid=3477607_0 state=PENDING
[2026-09-06T06:54:36+08:00] WAIT olmo3_7b_think jid=3477607_1 state=PENDING
[2026-09-06T06:54:36+08:00] WAIT olmo3_7b_think jid=3477607_2 state=PENDING
[2026-09-06T06:54:36+08:00] WAIT olmo3_7b_think jid=3477607_3 state=PENDING
[2026-09-06T06:54:36+08:00] WAIT olmo3_7b_think jid=3477607_4 state=PENDING
[2026-09-06T06:54:36+08:00] WAIT olmo3_7b_think jid=3477607_5 state=PENDING
[2026-09-06T06:54:36+08:00] WAIT olmo3_7b_think jid=3477607_6 state=PENDING
[2026-09-06T06:54:36+08:00] WAIT qwen3_1.7b jid=3477608_0 state=PENDING
[2026-09-06T06:54:36+08:00] WAIT qwen3_1.7b jid=3477608_1 state=PENDING
[2026-09-06T06:54:36+08:00] WAIT qwen3_1.7b jid=3477608_2 state=PENDING
[2026-09-06T06:54:36+08:00] WAIT qwen3_1.7b jid=3477608_3 state=PENDING
[2026-09-06T06:54:36+08:00] WAIT qwen3_1.7b jid=3477608_4 state=PENDING
[2026-09-06T06:54:36+08:00] WAIT qwen3_1.7b jid=3477608_5 state=PENDING
[2026-09-06T06:54:36+08:00] WAIT qwen3_1.7b jid=3477608_6 state=PENDING
[2026-09-06T06:54:36+08:00] WAIT olmo3_7b_think jid=3477609_0 state=PENDING
[2026-09-06T06:54:36+08:00] WAIT olmo3_7b_think jid=3477609_1 state=PENDING
[2026-09-06T06:54:36+08:00] WAIT olmo3_7b_think jid=3477609_2 state=PENDING
[2026-09-06T06:54:36+08:00] WAIT olmo3_7b_think jid=3477609_3 state=PENDING
[2026-09-06T06:54:36+08:00] WAIT olmo3_7b_think jid=3477609_4 state=PENDING
[2026-09-06T06:54:36+08:00] WAIT olmo3_7b_think jid=3477609_5 state=PENDING
[2026-09-06T06:54:36+08:00] WAIT olmo3_7b_think jid=3477609_6 state=PENDING
[2026-09-06T06:54:36+08:00] progress done=0/37 pending=37 failed=0
[2026-09-06T06:56:36+08:00] WAIT qwen3_1.7b jid=3477428 state=PENDING
[2026-09-06T06:56:36+08:00] WAIT qwen3_1.7b jid=3477429 state=PENDING
[2026-09-06T06:56:36+08:00] WAIT qwen3_1.7b jid=3477430 state=PENDING
[2026-09-06T06:56:36+08:00] WAIT olmo3_7b_think jid=3477431 state=PENDING
[2026-09-06T06:56:36+08:00] WAIT olmo3_7b_think jid=3477432 state=PENDING
[2026-09-06T06:56:36+08:00] WAIT olmo3_7b_think jid=3477433 state=PENDING
[2026-09-06T06:56:36+08:00] WAIT qwen3_4b_instruct jid=3477434 state=PENDING
[2026-09-06T06:56:36+08:00] WAIT qwen3_4b_instruct jid=3477435 state=PENDING
[2026-09-06T06:56:36+08:00] WAIT qwen3_4b_instruct jid=3477436 state=PENDING
[2026-09-06T06:56:36+08:00] WAIT qwen3_1.7b jid=3477606_0 state=PENDING
[2026-09-06T06:56:36+08:00] WAIT qwen3_1.7b jid=3477606_1 state=PENDING
[2026-09-06T06:56:36+08:00] WAIT qwen3_1.7b jid=3477606_2 state=PENDING
[2026-09-06T06:56:36+08:00] WAIT qwen3_1.7b jid=3477606_3 state=PENDING
[2026-09-06T06:56:36+08:00] WAIT qwen3_1.7b jid=3477606_4 state=PENDING
[2026-09-06T06:56:36+08:00] WAIT qwen3_1.7b jid=3477606_5 state=PENDING
[2026-09-06T06:56:36+08:00] WAIT qwen3_1.7b jid=3477606_6 state=PENDING
[2026-09-06T06:56:36+08:00] WAIT olmo3_7b_think jid=3477607_0 state=PENDING
[2026-09-06T06:56:36+08:00] WAIT olmo3_7b_think jid=3477607_1 state=PENDING
[2026-09-06T06:56:36+08:00] WAIT olmo3_7b_think jid=3477607_2 state=PENDING
[2026-09-06T06:56:36+08:00] WAIT olmo3_7b_think jid=3477607_3 state=PENDING
[2026-09-06T06:56:36+08:00] WAIT olmo3_7b_think jid=3477607_4 state=PENDING
[2026-09-06T06:56:36+08:00] WAIT olmo3_7b_think jid=3477607_5 state=PENDING
[2026-09-06T06:56:36+08:00] WAIT olmo3_7b_think jid=3477607_6 state=PENDING
[2026-09-06T06:56:36+08:00] WAIT qwen3_1.7b jid=3477608_0 state=PENDING
[2026-09-06T06:56:36+08:00] WAIT qwen3_1.7b jid=3477608_1 state=PENDING
[2026-09-06T06:56:36+08:00] WAIT qwen3_1.7b jid=3477608_2 state=PENDING
[2026-09-06T06:56:36+08:00] WAIT qwen3_1.7b jid=3477608_3 state=PENDING
[2026-09-06T06:56:36+08:00] WAIT qwen3_1.7b jid=3477608_4 state=PENDING
[2026-09-06T06:56:36+08:00] WAIT qwen3_1.7b jid=3477608_5 state=PENDING
[2026-09-06T06:56:36+08:00] WAIT qwen3_1.7b jid=3477608_6 state=PENDING
[2026-09-06T06:56:36+08:00] WAIT olmo3_7b_think jid=3477609_0 state=PENDING
[2026-09-06T06:56:36+08:00] WAIT olmo3_7b_think jid=3477609_1 state=PENDING
[2026-09-06T06:56:36+08:00] WAIT olmo3_7b_think jid=3477609_2 state=PENDING
[2026-09-06T06:56:36+08:00] WAIT olmo3_7b_think jid=3477609_3 state=PENDING
[2026-09-06T06:56:36+08:00] WAIT olmo3_7b_think jid=3477609_4 state=PENDING
[2026-09-06T06:56:36+08:00] WAIT olmo3_7b_think jid=3477609_5 state=PENDING
[2026-09-06T06:56:36+08:00] WAIT olmo3_7b_think jid=3477609_6 state=PENDING
[2026-09-06T06:56:36+08:00] progress done=0/37 pending=37 failed=0
[2026-09-06T06:58:36+08:00] WAIT qwen3_1.7b jid=3477428 state=PENDING
[2026-09-06T06:58:36+08:00] WAIT qwen3_1.7b jid=3477429 state=PENDING
[2026-09-06T06:58:36+08:00] WAIT qwen3_1.7b jid=3477430 state=PENDING
[2026-09-06T06:58:36+08:00] WAIT olmo3_7b_think jid=3477431 state=PENDING
[2026-09-06T06:58:36+08:00] WAIT olmo3_7b_think jid=3477432 state=PENDING
[2026-09-06T06:58:36+08:00] WAIT olmo3_7b_think jid=3477433 state=PENDING
[2026-09-06T06:58:36+08:00] WAIT qwen3_4b_instruct jid=3477434 state=PENDING
[2026-09-06T06:58:36+08:00] WAIT qwen3_4b_instruct jid=3477435 state=PENDING
[2026-09-06T06:58:36+08:00] WAIT qwen3_4b_instruct jid=3477436 state=PENDING
[2026-09-06T06:58:36+08:00] WAIT qwen3_1.7b jid=3477606_0 state=PENDING
[2026-09-06T06:58:36+08:00] WAIT qwen3_1.7b jid=3477606_1 state=PENDING
[2026-09-06T06:58:36+08:00] WAIT qwen3_1.7b jid=3477606_2 state=PENDING
[2026-09-06T06:58:36+08:00] WAIT qwen3_1.7b jid=3477606_3 state=PENDING
[2026-09-06T06:58:36+08:00] WAIT qwen3_1.7b jid=3477606_4 state=PENDING
[2026-09-06T06:58:36+08:00] WAIT qwen3_1.7b jid=3477606_5 state=PENDING
[2026-09-06T06:58:36+08:00] WAIT qwen3_1.7b jid=3477606_6 state=PENDING
[2026-09-06T06:58:36+08:00] WAIT olmo3_7b_think jid=3477607_0 state=PENDING
[2026-09-06T06:58:36+08:00] WAIT olmo3_7b_think jid=3477607_1 state=PENDING
[2026-09-06T06:58:36+08:00] WAIT olmo3_7b_think jid=3477607_2 state=PENDING
[2026-09-06T06:58:36+08:00] WAIT olmo3_7b_think jid=3477607_3 state=PENDING
[2026-09-06T06:58:36+08:00] WAIT olmo3_7b_think jid=3477607_4 state=PENDING
[2026-09-06T06:58:36+08:00] WAIT olmo3_7b_think jid=3477607_5 state=PENDING
[2026-09-06T06:58:36+08:00] WAIT olmo3_7b_think jid=3477607_6 state=PENDING
[2026-09-06T06:58:36+08:00] WAIT qwen3_1.7b jid=3477608_0 state=PENDING
[2026-09-06T06:58:36+08:00] WAIT qwen3_1.7b jid=3477608_1 state=PENDING
[2026-09-06T06:58:36+08:00] WAIT qwen3_1.7b jid=3477608_2 state=PENDING
[2026-09-06T06:58:36+08:00] WAIT qwen3_1.7b jid=3477608_3 state=PENDING
[2026-09-06T06:58:36+08:00] WAIT qwen3_1.7b jid=3477608_4 state=PENDING
[2026-09-06T06:58:37+08:00] WAIT qwen3_1.7b jid=3477608_5 state=PENDING
[2026-09-06T06:58:37+08:00] WAIT qwen3_1.7b jid=3477608_6 state=PENDING
[2026-09-06T06:58:37+08:00] WAIT olmo3_7b_think jid=3477609_0 state=PENDING
[2026-09-06T06:58:37+08:00] WAIT olmo3_7b_think jid=3477609_1 state=PENDING
[2026-09-06T06:58:37+08:00] WAIT olmo3_7b_think jid=3477609_2 state=PENDING
[2026-09-06T06:58:37+08:00] WAIT olmo3_7b_think jid=3477609_3 state=PENDING
[2026-09-06T06:58:37+08:00] WAIT olmo3_7b_think jid=3477609_4 state=PENDING
[2026-09-06T06:58:37+08:00] WAIT olmo3_7b_think jid=3477609_5 state=PENDING
[2026-09-06T06:58:37+08:00] WAIT olmo3_7b_think jid=3477609_6 state=PENDING
[2026-09-06T06:58:37+08:00] progress done=0/37 pending=37 failed=0
[2026-09-06T07:00:37+08:00] WAIT qwen3_1.7b jid=3477428 state=PENDING
[2026-09-06T07:00:37+08:00] WAIT qwen3_1.7b jid=3477429 state=PENDING
[2026-09-06T07:00:37+08:00] WAIT qwen3_1.7b jid=3477430 state=PENDING
[2026-09-06T07:00:37+08:00] WAIT olmo3_7b_think jid=3477431 state=PENDING
[2026-09-06T07:00:37+08:00] WAIT olmo3_7b_think jid=3477432 state=PENDING
[2026-09-06T07:00:37+08:00] WAIT olmo3_7b_think jid=3477433 state=PENDING
[2026-09-06T07:00:37+08:00] WAIT qwen3_4b_instruct jid=3477434 state=PENDING
[2026-09-06T07:00:37+08:00] WAIT qwen3_4b_instruct jid=3477435 state=PENDING
[2026-09-06T07:00:37+08:00] WAIT qwen3_4b_instruct jid=3477436 state=PENDING
[2026-09-06T07:00:37+08:00] WAIT qwen3_1.7b jid=3477606_0 state=PENDING
[2026-09-06T07:00:37+08:00] WAIT qwen3_1.7b jid=3477606_1 state=PENDING
[2026-09-06T07:00:37+08:00] WAIT qwen3_1.7b jid=3477606_2 state=PENDING
[2026-09-06T07:00:37+08:00] WAIT qwen3_1.7b jid=3477606_3 state=PENDING
[2026-09-06T07:00:37+08:00] WAIT qwen3_1.7b jid=3477606_4 state=PENDING
[2026-09-06T07:00:37+08:00] WAIT qwen3_1.7b jid=3477606_5 state=PENDING
[2026-09-06T07:00:37+08:00] WAIT qwen3_1.7b jid=3477606_6 state=PENDING
[2026-09-06T07:00:37+08:00] WAIT olmo3_7b_think jid=3477607_0 state=PENDING
[2026-09-06T07:00:37+08:00] WAIT olmo3_7b_think jid=3477607_1 state=PENDING
[2026-09-06T07:00:37+08:00] WAIT olmo3_7b_think jid=3477607_2 state=PENDING
[2026-09-06T07:00:37+08:00] WAIT olmo3_7b_think jid=3477607_3 state=PENDING
[2026-09-06T07:00:37+08:00] WAIT olmo3_7b_think jid=3477607_4 state=PENDING
[2026-09-06T07:00:37+08:00] WAIT olmo3_7b_think jid=3477607_5 state=PENDING
[2026-09-06T07:00:37+08:00] WAIT olmo3_7b_think jid=3477607_6 state=PENDING
[2026-09-06T07:00:37+08:00] WAIT qwen3_1.7b jid=3477608_0 state=PENDING
[2026-09-06T07:00:37+08:00] WAIT qwen3_1.7b jid=3477608_1 state=PENDING
[2026-09-06T07:00:37+08:00] WAIT qwen3_1.7b jid=3477608_2 state=PENDING
[2026-09-06T07:00:37+08:00] WAIT qwen3_1.7b jid=3477608_3 state=PENDING
[2026-09-06T07:00:37+08:00] WAIT qwen3_1.7b jid=3477608_4 state=PENDING
[2026-09-06T07:00:37+08:00] WAIT qwen3_1.7b jid=3477608_5 state=PENDING
[2026-09-06T07:00:37+08:00] WAIT qwen3_1.7b jid=3477608_6 state=PENDING
[2026-09-06T07:00:37+08:00] WAIT olmo3_7b_think jid=3477609_0 state=PENDING
[2026-09-06T07:00:37+08:00] WAIT olmo3_7b_think jid=3477609_1 state=PENDING
[2026-09-06T07:00:37+08:00] WAIT olmo3_7b_think jid=3477609_2 state=PENDING
[2026-09-06T07:00:37+08:00] WAIT olmo3_7b_think jid=3477609_3 state=PENDING
[2026-09-06T07:00:37+08:00] WAIT olmo3_7b_think jid=3477609_4 state=PENDING
[2026-09-06T07:00:37+08:00] WAIT olmo3_7b_think jid=3477609_5 state=PENDING
[2026-09-06T07:00:37+08:00] WAIT olmo3_7b_think jid=3477609_6 state=PENDING
[2026-09-06T07:00:37+08:00] progress done=0/37 pending=37 failed=0
[2026-09-06T07:02:37+08:00] WAIT qwen3_1.7b jid=3477428 state=PENDING
[2026-09-06T07:02:37+08:00] WAIT qwen3_1.7b jid=3477429 state=PENDING
[2026-09-06T07:02:37+08:00] WAIT qwen3_1.7b jid=3477430 state=PENDING
[2026-09-06T07:02:37+08:00] WAIT olmo3_7b_think jid=3477431 state=PENDING
[2026-09-06T07:02:37+08:00] WAIT olmo3_7b_think jid=3477432 state=PENDING
[2026-09-06T07:02:37+08:00] WAIT olmo3_7b_think jid=3477433 state=PENDING
[2026-09-06T07:02:37+08:00] WAIT qwen3_4b_instruct jid=3477434 state=PENDING
[2026-09-06T07:02:37+08:00] WAIT qwen3_4b_instruct jid=3477435 state=PENDING
[2026-09-06T07:02:37+08:00] WAIT qwen3_4b_instruct jid=3477436 state=PENDING
[2026-09-06T07:02:37+08:00] WAIT qwen3_1.7b jid=3477606_0 state=PENDING
[2026-09-06T07:02:37+08:00] WAIT qwen3_1.7b jid=3477606_1 state=PENDING
[2026-09-06T07:02:37+08:00] WAIT qwen3_1.7b jid=3477606_2 state=PENDING
[2026-09-06T07:02:37+08:00] WAIT qwen3_1.7b jid=3477606_3 state=PENDING
[2026-09-06T07:02:37+08:00] WAIT qwen3_1.7b jid=3477606_4 state=PENDING
[2026-09-06T07:02:37+08:00] WAIT qwen3_1.7b jid=3477606_5 state=PENDING
[2026-09-06T07:02:37+08:00] WAIT qwen3_1.7b jid=3477606_6 state=PENDING
[2026-09-06T07:02:37+08:00] WAIT olmo3_7b_think jid=3477607_0 state=PENDING
[2026-09-06T07:02:37+08:00] WAIT olmo3_7b_think jid=3477607_1 state=PENDING
[2026-09-06T07:02:37+08:00] WAIT olmo3_7b_think jid=3477607_2 state=PENDING
[2026-09-06T07:02:37+08:00] WAIT olmo3_7b_think jid=3477607_3 state=PENDING
[2026-09-06T07:02:37+08:00] WAIT olmo3_7b_think jid=3477607_4 state=PENDING
[2026-09-06T07:02:37+08:00] WAIT olmo3_7b_think jid=3477607_5 state=PENDING
[2026-09-06T07:02:37+08:00] WAIT olmo3_7b_think jid=3477607_6 state=PENDING
[2026-09-06T07:02:37+08:00] WAIT qwen3_1.7b jid=3477608_0 state=PENDING
[2026-09-06T07:02:37+08:00] WAIT qwen3_1.7b jid=3477608_1 state=PENDING
[2026-09-06T07:02:37+08:00] WAIT qwen3_1.7b jid=3477608_2 state=PENDING
[2026-09-06T07:02:37+08:00] WAIT qwen3_1.7b jid=3477608_3 state=PENDING
[2026-09-06T07:02:37+08:00] WAIT qwen3_1.7b jid=3477608_4 state=PENDING
[2026-09-06T07:02:37+08:00] WAIT qwen3_1.7b jid=3477608_5 state=PENDING
[2026-09-06T07:02:37+08:00] WAIT qwen3_1.7b jid=3477608_6 state=PENDING
[2026-09-06T07:02:37+08:00] WAIT olmo3_7b_think jid=3477609_0 state=PENDING
[2026-09-06T07:02:37+08:00] WAIT olmo3_7b_think jid=3477609_1 state=PENDING
[2026-09-06T07:02:37+08:00] WAIT olmo3_7b_think jid=3477609_2 state=PENDING
[2026-09-06T07:02:37+08:00] WAIT olmo3_7b_think jid=3477609_3 state=PENDING
[2026-09-06T07:02:37+08:00] WAIT olmo3_7b_think jid=3477609_4 state=PENDING
[2026-09-06T07:02:37+08:00] WAIT olmo3_7b_think jid=3477609_5 state=PENDING
[2026-09-06T07:02:37+08:00] WAIT olmo3_7b_think jid=3477609_6 state=PENDING
[2026-09-06T07:02:37+08:00] progress done=0/37 pending=37 failed=0
[2026-09-06T07:04:37+08:00] WAIT qwen3_1.7b jid=3477428 state=PENDING
[2026-09-06T07:04:37+08:00] WAIT qwen3_1.7b jid=3477429 state=PENDING
[2026-09-06T07:04:37+08:00] WAIT qwen3_1.7b jid=3477430 state=PENDING
[2026-09-06T07:04:37+08:00] WAIT olmo3_7b_think jid=3477431 state=PENDING
[2026-09-06T07:04:37+08:00] WAIT olmo3_7b_think jid=3477432 state=PENDING
[2026-09-06T07:04:37+08:00] WAIT olmo3_7b_think jid=3477433 state=PENDING
[2026-09-06T07:04:37+08:00] WAIT qwen3_4b_instruct jid=3477434 state=PENDING
[2026-09-06T07:04:37+08:00] WAIT qwen3_4b_instruct jid=3477435 state=PENDING
[2026-09-06T07:04:37+08:00] WAIT qwen3_4b_instruct jid=3477436 state=PENDING
[2026-09-06T07:04:37+08:00] WAIT qwen3_1.7b jid=3477606_0 state=PENDING
[2026-09-06T07:04:37+08:00] WAIT qwen3_1.7b jid=3477606_1 state=PENDING
[2026-09-06T07:04:38+08:00] WAIT qwen3_1.7b jid=3477606_2 state=PENDING
[2026-09-06T07:04:38+08:00] WAIT qwen3_1.7b jid=3477606_3 state=PENDING
[2026-09-06T07:04:38+08:00] WAIT qwen3_1.7b jid=3477606_4 state=PENDING
[2026-09-06T07:04:38+08:00] WAIT qwen3_1.7b jid=3477606_5 state=PENDING
[2026-09-06T07:04:38+08:00] WAIT qwen3_1.7b jid=3477606_6 state=PENDING
[2026-09-06T07:04:38+08:00] WAIT olmo3_7b_think jid=3477607_0 state=PENDING
[2026-09-06T07:04:38+08:00] WAIT olmo3_7b_think jid=3477607_1 state=PENDING
[2026-09-06T07:04:38+08:00] WAIT olmo3_7b_think jid=3477607_2 state=PENDING
[2026-09-06T07:04:38+08:00] WAIT olmo3_7b_think jid=3477607_3 state=PENDING
[2026-09-06T07:04:38+08:00] WAIT olmo3_7b_think jid=3477607_4 state=PENDING
[2026-09-06T07:04:38+08:00] WAIT olmo3_7b_think jid=3477607_5 state=PENDING
[2026-09-06T07:04:38+08:00] WAIT olmo3_7b_think jid=3477607_6 state=PENDING
[2026-09-06T07:04:38+08:00] WAIT qwen3_1.7b jid=3477608_0 state=PENDING
[2026-09-06T07:04:38+08:00] WAIT qwen3_1.7b jid=3477608_1 state=PENDING
[2026-09-06T07:04:38+08:00] WAIT qwen3_1.7b jid=3477608_2 state=PENDING
[2026-09-06T07:04:38+08:00] WAIT qwen3_1.7b jid=3477608_3 state=PENDING
[2026-09-06T07:04:38+08:00] WAIT qwen3_1.7b jid=3477608_4 state=PENDING
[2026-09-06T07:04:38+08:00] WAIT qwen3_1.7b jid=3477608_5 state=PENDING
[2026-09-06T07:04:38+08:00] WAIT qwen3_1.7b jid=3477608_6 state=PENDING
[2026-09-06T07:04:38+08:00] WAIT olmo3_7b_think jid=3477609_0 state=PENDING
[2026-09-06T07:04:38+08:00] WAIT olmo3_7b_think jid=3477609_1 state=PENDING
[2026-09-06T07:04:38+08:00] WAIT olmo3_7b_think jid=3477609_2 state=PENDING
[2026-09-06T07:04:38+08:00] WAIT olmo3_7b_think jid=3477609_3 state=PENDING
[2026-09-06T07:04:38+08:00] WAIT olmo3_7b_think jid=3477609_4 state=PENDING
[2026-09-06T07:04:38+08:00] WAIT olmo3_7b_think jid=3477609_5 state=PENDING
[2026-09-06T07:04:38+08:00] WAIT olmo3_7b_think jid=3477609_6 state=PENDING
[2026-09-06T07:04:38+08:00] progress done=0/37 pending=37 failed=0
[2026-09-06T07:06:38+08:00] WAIT qwen3_1.7b jid=3477428 state=PENDING
[2026-09-06T07:06:38+08:00] WAIT qwen3_1.7b jid=3477429 state=PENDING
[2026-09-06T07:06:38+08:00] WAIT qwen3_1.7b jid=3477430 state=PENDING
[2026-09-06T07:06:38+08:00] WAIT olmo3_7b_think jid=3477431 state=PENDING
[2026-09-06T07:06:38+08:00] WAIT olmo3_7b_think jid=3477432 state=PENDING
[2026-09-06T07:06:38+08:00] WAIT olmo3_7b_think jid=3477433 state=PENDING
[2026-09-06T07:06:38+08:00] WAIT qwen3_4b_instruct jid=3477434 state=PENDING
[2026-09-06T07:06:38+08:00] WAIT qwen3_4b_instruct jid=3477435 state=PENDING
[2026-09-06T07:06:38+08:00] WAIT qwen3_4b_instruct jid=3477436 state=PENDING
[2026-09-06T07:06:38+08:00] WAIT qwen3_1.7b jid=3477606_0 state=PENDING
[2026-09-06T07:06:38+08:00] WAIT qwen3_1.7b jid=3477606_1 state=PENDING
[2026-09-06T07:06:38+08:00] WAIT qwen3_1.7b jid=3477606_2 state=PENDING
[2026-09-06T07:06:38+08:00] WAIT qwen3_1.7b jid=3477606_3 state=PENDING
[2026-09-06T07:06:38+08:00] WAIT qwen3_1.7b jid=3477606_4 state=PENDING
[2026-09-06T07:06:38+08:00] WAIT qwen3_1.7b jid=3477606_5 state=PENDING
[2026-09-06T07:06:38+08:00] WAIT qwen3_1.7b jid=3477606_6 state=PENDING
[2026-09-06T07:06:38+08:00] WAIT olmo3_7b_think jid=3477607_0 state=PENDING
[2026-09-06T07:06:38+08:00] WAIT olmo3_7b_think jid=3477607_1 state=PENDING
[2026-09-06T07:06:38+08:00] WAIT olmo3_7b_think jid=3477607_2 state=PENDING
[2026-09-06T07:06:38+08:00] WAIT olmo3_7b_think jid=3477607_3 state=PENDING
[2026-09-06T07:06:38+08:00] WAIT olmo3_7b_think jid=3477607_4 state=PENDING
[2026-09-06T07:06:38+08:00] WAIT olmo3_7b_think jid=3477607_5 state=PENDING
[2026-09-06T07:06:38+08:00] WAIT olmo3_7b_think jid=3477607_6 state=PENDING
[2026-09-06T07:06:38+08:00] WAIT qwen3_1.7b jid=3477608_0 state=PENDING
[2026-09-06T07:06:38+08:00] WAIT qwen3_1.7b jid=3477608_1 state=PENDING
[2026-09-06T07:06:38+08:00] WAIT qwen3_1.7b jid=3477608_2 state=PENDING
[2026-09-06T07:06:38+08:00] WAIT qwen3_1.7b jid=3477608_3 state=PENDING
[2026-09-06T07:06:38+08:00] WAIT qwen3_1.7b jid=3477608_4 state=PENDING
[2026-09-06T07:06:38+08:00] WAIT qwen3_1.7b jid=3477608_5 state=PENDING
[2026-09-06T07:06:38+08:00] WAIT qwen3_1.7b jid=3477608_6 state=PENDING
[2026-09-06T07:06:38+08:00] WAIT olmo3_7b_think jid=3477609_0 state=PENDING
[2026-09-06T07:06:38+08:00] WAIT olmo3_7b_think jid=3477609_1 state=PENDING
[2026-09-06T07:06:38+08:00] WAIT olmo3_7b_think jid=3477609_2 state=PENDING
[2026-09-06T07:06:38+08:00] WAIT olmo3_7b_think jid=3477609_3 state=PENDING
[2026-09-06T07:06:38+08:00] WAIT olmo3_7b_think jid=3477609_4 state=PENDING
[2026-09-06T07:06:38+08:00] WAIT olmo3_7b_think jid=3477609_5 state=PENDING
[2026-09-06T07:06:38+08:00] WAIT olmo3_7b_think jid=3477609_6 state=PENDING
[2026-09-06T07:06:38+08:00] progress done=0/37 pending=37 failed=0
[2026-09-06T07:08:38+08:00] WAIT qwen3_1.7b jid=3477428 state=PENDING
[2026-09-06T07:08:38+08:00] WAIT qwen3_1.7b jid=3477429 state=PENDING
[2026-09-06T07:08:38+08:00] WAIT qwen3_1.7b jid=3477430 state=PENDING
[2026-09-06T07:08:38+08:00] WAIT olmo3_7b_think jid=3477431 state=PENDING
[2026-09-06T07:08:38+08:00] WAIT olmo3_7b_think jid=3477432 state=PENDING
[2026-09-06T07:08:38+08:00] WAIT olmo3_7b_think jid=3477433 state=PENDING
[2026-09-06T07:08:38+08:00] WAIT qwen3_4b_instruct jid=3477434 state=PENDING
[2026-09-06T07:08:38+08:00] WAIT qwen3_4b_instruct jid=3477435 state=PENDING
[2026-09-06T07:08:38+08:00] WAIT qwen3_4b_instruct jid=3477436 state=PENDING
[2026-09-06T07:08:38+08:00] WAIT qwen3_1.7b jid=3477606_0 state=PENDING
[2026-09-06T07:08:38+08:00] WAIT qwen3_1.7b jid=3477606_1 state=PENDING
[2026-09-06T07:08:38+08:00] WAIT qwen3_1.7b jid=3477606_2 state=PENDING
[2026-09-06T07:08:38+08:00] WAIT qwen3_1.7b jid=3477606_3 state=PENDING
[2026-09-06T07:08:38+08:00] WAIT qwen3_1.7b jid=3477606_4 state=PENDING
[2026-09-06T07:08:38+08:00] WAIT qwen3_1.7b jid=3477606_5 state=PENDING
[2026-09-06T07:08:38+08:00] WAIT qwen3_1.7b jid=3477606_6 state=PENDING
[2026-09-06T07:08:38+08:00] WAIT olmo3_7b_think jid=3477607_0 state=PENDING
[2026-09-06T07:08:38+08:00] WAIT olmo3_7b_think jid=3477607_1 state=PENDING
[2026-09-06T07:08:38+08:00] WAIT olmo3_7b_think jid=3477607_2 state=PENDING
[2026-09-06T07:08:38+08:00] WAIT olmo3_7b_think jid=3477607_3 state=PENDING
[2026-09-06T07:08:38+08:00] WAIT olmo3_7b_think jid=3477607_4 state=PENDING
[2026-09-06T07:08:38+08:00] WAIT olmo3_7b_think jid=3477607_5 state=PENDING
[2026-09-06T07:08:38+08:00] WAIT olmo3_7b_think jid=3477607_6 state=PENDING
[2026-09-06T07:08:38+08:00] WAIT qwen3_1.7b jid=3477608_0 state=PENDING
[2026-09-06T07:08:38+08:00] WAIT qwen3_1.7b jid=3477608_1 state=PENDING
[2026-09-06T07:08:38+08:00] WAIT qwen3_1.7b jid=3477608_2 state=PENDING
[2026-09-06T07:08:38+08:00] WAIT qwen3_1.7b jid=3477608_3 state=PENDING
[2026-09-06T07:08:38+08:00] WAIT qwen3_1.7b jid=3477608_4 state=PENDING
[2026-09-06T07:08:38+08:00] WAIT qwen3_1.7b jid=3477608_5 state=PENDING
[2026-09-06T07:08:38+08:00] WAIT qwen3_1.7b jid=3477608_6 state=PENDING
[2026-09-06T07:08:38+08:00] WAIT olmo3_7b_think jid=3477609_0 state=PENDING
[2026-09-06T07:08:38+08:00] WAIT olmo3_7b_think jid=3477609_1 state=PENDING
[2026-09-06T07:08:38+08:00] WAIT olmo3_7b_think jid=3477609_2 state=PENDING
[2026-09-06T07:08:39+08:00] WAIT olmo3_7b_think jid=3477609_3 state=PENDING
[2026-09-06T07:08:39+08:00] WAIT olmo3_7b_think jid=3477609_4 state=PENDING
[2026-09-06T07:08:39+08:00] WAIT olmo3_7b_think jid=3477609_5 state=PENDING
[2026-09-06T07:08:39+08:00] WAIT olmo3_7b_think jid=3477609_6 state=PENDING
[2026-09-06T07:08:39+08:00] progress done=0/37 pending=37 failed=0
[2026-09-06T07:10:39+08:00] WAIT qwen3_1.7b jid=3477428 state=PENDING
[2026-09-06T07:10:39+08:00] WAIT qwen3_1.7b jid=3477429 state=PENDING
[2026-09-06T07:10:39+08:00] WAIT qwen3_1.7b jid=3477430 state=PENDING
[2026-09-06T07:10:39+08:00] WAIT olmo3_7b_think jid=3477431 state=PENDING
[2026-09-06T07:10:39+08:00] WAIT olmo3_7b_think jid=3477432 state=PENDING
[2026-09-06T07:10:39+08:00] WAIT olmo3_7b_think jid=3477433 state=PENDING
[2026-09-06T07:10:39+08:00] WAIT qwen3_4b_instruct jid=3477434 state=PENDING
[2026-09-06T07:10:39+08:00] WAIT qwen3_4b_instruct jid=3477435 state=PENDING
[2026-09-06T07:10:39+08:00] WAIT qwen3_4b_instruct jid=3477436 state=PENDING
[2026-09-06T07:10:39+08:00] WAIT qwen3_1.7b jid=3477606_0 state=PENDING
[2026-09-06T07:10:39+08:00] WAIT qwen3_1.7b jid=3477606_1 state=PENDING
[2026-09-06T07:10:39+08:00] WAIT qwen3_1.7b jid=3477606_2 state=PENDING
[2026-09-06T07:10:39+08:00] WAIT qwen3_1.7b jid=3477606_3 state=PENDING
[2026-09-06T07:10:39+08:00] WAIT qwen3_1.7b jid=3477606_4 state=PENDING
[2026-09-06T07:10:39+08:00] WAIT qwen3_1.7b jid=3477606_5 state=PENDING
[2026-09-06T07:10:39+08:00] WAIT qwen3_1.7b jid=3477606_6 state=PENDING
[2026-09-06T07:10:39+08:00] WAIT olmo3_7b_think jid=3477607_0 state=PENDING
[2026-09-06T07:10:39+08:00] WAIT olmo3_7b_think jid=3477607_1 state=PENDING
[2026-09-06T07:10:39+08:00] WAIT olmo3_7b_think jid=3477607_2 state=PENDING
[2026-09-06T07:10:39+08:00] WAIT olmo3_7b_think jid=3477607_3 state=PENDING
[2026-09-06T07:10:39+08:00] WAIT olmo3_7b_think jid=3477607_4 state=PENDING
[2026-09-06T07:10:39+08:00] WAIT olmo3_7b_think jid=3477607_5 state=PENDING
[2026-09-06T07:10:39+08:00] WAIT olmo3_7b_think jid=3477607_6 state=PENDING
[2026-09-06T07:10:39+08:00] WAIT qwen3_1.7b jid=3477608_0 state=PENDING
[2026-09-06T07:10:39+08:00] WAIT qwen3_1.7b jid=3477608_1 state=PENDING
[2026-09-06T07:10:39+08:00] WAIT qwen3_1.7b jid=3477608_2 state=PENDING
[2026-09-06T07:10:39+08:00] WAIT qwen3_1.7b jid=3477608_3 state=PENDING
[2026-09-06T07:10:39+08:00] WAIT qwen3_1.7b jid=3477608_4 state=PENDING
[2026-09-06T07:10:39+08:00] WAIT qwen3_1.7b jid=3477608_5 state=PENDING
[2026-09-06T07:10:39+08:00] WAIT qwen3_1.7b jid=3477608_6 state=PENDING
[2026-09-06T07:10:39+08:00] WAIT olmo3_7b_think jid=3477609_0 state=PENDING
[2026-09-06T07:10:39+08:00] WAIT olmo3_7b_think jid=3477609_1 state=PENDING
[2026-09-06T07:10:39+08:00] WAIT olmo3_7b_think jid=3477609_2 state=PENDING
[2026-09-06T07:10:39+08:00] WAIT olmo3_7b_think jid=3477609_3 state=PENDING
[2026-09-06T07:10:39+08:00] WAIT olmo3_7b_think jid=3477609_4 state=PENDING
[2026-09-06T07:10:39+08:00] WAIT olmo3_7b_think jid=3477609_5 state=PENDING
[2026-09-06T07:10:39+08:00] WAIT olmo3_7b_think jid=3477609_6 state=PENDING
[2026-09-06T07:10:39+08:00] progress done=0/37 pending=37 failed=0
[2026-09-06T07:12:39+08:00] WAIT qwen3_1.7b jid=3477428 state=PENDING
[2026-09-06T07:12:39+08:00] WAIT qwen3_1.7b jid=3477429 state=PENDING
[2026-09-06T07:12:39+08:00] WAIT qwen3_1.7b jid=3477430 state=PENDING
[2026-09-06T07:12:39+08:00] WAIT olmo3_7b_think jid=3477431 state=PENDING
[2026-09-06T07:12:39+08:00] WAIT olmo3_7b_think jid=3477432 state=PENDING
[2026-09-06T07:12:39+08:00] WAIT olmo3_7b_think jid=3477433 state=PENDING
[2026-09-06T07:12:39+08:00] WAIT qwen3_4b_instruct jid=3477434 state=PENDING
[2026-09-06T07:12:39+08:00] WAIT qwen3_4b_instruct jid=3477435 state=PENDING
[2026-09-06T07:12:39+08:00] WAIT qwen3_4b_instruct jid=3477436 state=PENDING
[2026-09-06T07:12:39+08:00] WAIT qwen3_1.7b jid=3477606_0 state=PENDING
[2026-09-06T07:12:39+08:00] WAIT qwen3_1.7b jid=3477606_1 state=PENDING
[2026-09-06T07:12:39+08:00] WAIT qwen3_1.7b jid=3477606_2 state=PENDING
[2026-09-06T07:12:39+08:00] WAIT qwen3_1.7b jid=3477606_3 state=PENDING
[2026-09-06T07:12:39+08:00] WAIT qwen3_1.7b jid=3477606_4 state=PENDING
[2026-09-06T07:12:39+08:00] WAIT qwen3_1.7b jid=3477606_5 state=PENDING
[2026-09-06T07:12:39+08:00] WAIT qwen3_1.7b jid=3477606_6 state=PENDING
[2026-09-06T07:12:39+08:00] WAIT olmo3_7b_think jid=3477607_0 state=PENDING
[2026-09-06T07:12:39+08:00] WAIT olmo3_7b_think jid=3477607_1 state=PENDING
[2026-09-06T07:12:39+08:00] WAIT olmo3_7b_think jid=3477607_2 state=PENDING
[2026-09-06T07:12:39+08:00] WAIT olmo3_7b_think jid=3477607_3 state=PENDING
[2026-09-06T07:12:39+08:00] WAIT olmo3_7b_think jid=3477607_4 state=PENDING
[2026-09-06T07:12:39+08:00] WAIT olmo3_7b_think jid=3477607_5 state=PENDING
[2026-09-06T07:12:39+08:00] WAIT olmo3_7b_think jid=3477607_6 state=PENDING
[2026-09-06T07:12:39+08:00] WAIT qwen3_1.7b jid=3477608_0 state=PENDING
[2026-09-06T07:12:39+08:00] WAIT qwen3_1.7b jid=3477608_1 state=PENDING
[2026-09-06T07:12:39+08:00] WAIT qwen3_1.7b jid=3477608_2 state=PENDING
[2026-09-06T07:12:39+08:00] WAIT qwen3_1.7b jid=3477608_3 state=PENDING
[2026-09-06T07:12:39+08:00] WAIT qwen3_1.7b jid=3477608_4 state=PENDING
[2026-09-06T07:12:39+08:00] WAIT qwen3_1.7b jid=3477608_5 state=PENDING
[2026-09-06T07:12:39+08:00] WAIT qwen3_1.7b jid=3477608_6 state=PENDING
[2026-09-06T07:12:39+08:00] WAIT olmo3_7b_think jid=3477609_0 state=PENDING
[2026-09-06T07:12:39+08:00] WAIT olmo3_7b_think jid=3477609_1 state=PENDING
[2026-09-06T07:12:39+08:00] WAIT olmo3_7b_think jid=3477609_2 state=PENDING
[2026-09-06T07:12:39+08:00] WAIT olmo3_7b_think jid=3477609_3 state=PENDING
[2026-09-06T07:12:39+08:00] WAIT olmo3_7b_think jid=3477609_4 state=PENDING
[2026-09-06T07:12:39+08:00] WAIT olmo3_7b_think jid=3477609_5 state=PENDING
[2026-09-06T07:12:39+08:00] WAIT olmo3_7b_think jid=3477609_6 state=PENDING
[2026-09-06T07:12:39+08:00] progress done=0/37 pending=37 failed=0
[2026-09-06T07:14:39+08:00] WAIT qwen3_1.7b jid=3477428 state=PENDING
[2026-09-06T07:14:39+08:00] WAIT qwen3_1.7b jid=3477429 state=PENDING
[2026-09-06T07:14:39+08:00] WAIT qwen3_1.7b jid=3477430 state=PENDING
[2026-09-06T07:14:39+08:00] WAIT olmo3_7b_think jid=3477431 state=PENDING
[2026-09-06T07:14:39+08:00] WAIT olmo3_7b_think jid=3477432 state=PENDING
[2026-09-06T07:14:39+08:00] WAIT olmo3_7b_think jid=3477433 state=PENDING
[2026-09-06T07:14:39+08:00] WAIT qwen3_4b_instruct jid=3477434 state=PENDING
[2026-09-06T07:14:39+08:00] WAIT qwen3_4b_instruct jid=3477435 state=PENDING
[2026-09-06T07:14:39+08:00] WAIT qwen3_4b_instruct jid=3477436 state=PENDING
[2026-09-06T07:14:39+08:00] WAIT qwen3_1.7b jid=3477606_0 state=PENDING
[2026-09-06T07:14:39+08:00] WAIT qwen3_1.7b jid=3477606_1 state=PENDING
[2026-09-06T07:14:39+08:00] WAIT qwen3_1.7b jid=3477606_2 state=PENDING
[2026-09-06T07:14:39+08:00] WAIT qwen3_1.7b jid=3477606_3 state=PENDING
[2026-09-06T07:14:39+08:00] WAIT qwen3_1.7b jid=3477606_4 state=PENDING
[2026-09-06T07:14:39+08:00] WAIT qwen3_1.7b jid=3477606_5 state=PENDING
[2026-09-06T07:14:39+08:00] WAIT qwen3_1.7b jid=3477606_6 state=PENDING
[2026-09-06T07:14:39+08:00] WAIT olmo3_7b_think jid=3477607_0 state=PENDING
[2026-09-06T07:14:40+08:00] WAIT olmo3_7b_think jid=3477607_1 state=PENDING
[2026-09-06T07:14:40+08:00] WAIT olmo3_7b_think jid=3477607_2 state=PENDING
[2026-09-06T07:14:40+08:00] WAIT olmo3_7b_think jid=3477607_3 state=PENDING
[2026-09-06T07:14:40+08:00] WAIT olmo3_7b_think jid=3477607_4 state=PENDING
[2026-09-06T07:14:40+08:00] WAIT olmo3_7b_think jid=3477607_5 state=PENDING
[2026-09-06T07:14:40+08:00] WAIT olmo3_7b_think jid=3477607_6 state=PENDING
[2026-09-06T07:14:40+08:00] WAIT qwen3_1.7b jid=3477608_0 state=PENDING
[2026-09-06T07:14:40+08:00] WAIT qwen3_1.7b jid=3477608_1 state=PENDING
[2026-09-06T07:14:40+08:00] WAIT qwen3_1.7b jid=3477608_2 state=PENDING
[2026-09-06T07:14:40+08:00] WAIT qwen3_1.7b jid=3477608_3 state=PENDING
[2026-09-06T07:14:40+08:00] WAIT qwen3_1.7b jid=3477608_4 state=PENDING
[2026-09-06T07:14:40+08:00] WAIT qwen3_1.7b jid=3477608_5 state=PENDING
[2026-09-06T07:14:40+08:00] WAIT qwen3_1.7b jid=3477608_6 state=PENDING
[2026-09-06T07:14:40+08:00] WAIT olmo3_7b_think jid=3477609_0 state=PENDING
[2026-09-06T07:14:40+08:00] WAIT olmo3_7b_think jid=3477609_1 state=PENDING
[2026-09-06T07:14:40+08:00] WAIT olmo3_7b_think jid=3477609_2 state=PENDING
[2026-09-06T07:14:40+08:00] WAIT olmo3_7b_think jid=3477609_3 state=PENDING
[2026-09-06T07:14:40+08:00] WAIT olmo3_7b_think jid=3477609_4 state=PENDING
[2026-09-06T07:14:40+08:00] WAIT olmo3_7b_think jid=3477609_5 state=PENDING
[2026-09-06T07:14:40+08:00] WAIT olmo3_7b_think jid=3477609_6 state=PENDING
[2026-09-06T07:14:40+08:00] progress done=0/37 pending=37 failed=0
[2026-09-06T07:16:40+08:00] WAIT qwen3_1.7b jid=3477428 state=PENDING
[2026-09-06T07:16:40+08:00] WAIT qwen3_1.7b jid=3477429 state=PENDING
[2026-09-06T07:16:40+08:00] WAIT qwen3_1.7b jid=3477430 state=PENDING
[2026-09-06T07:16:40+08:00] WAIT olmo3_7b_think jid=3477431 state=PENDING
[2026-09-06T07:16:40+08:00] WAIT olmo3_7b_think jid=3477432 state=PENDING
[2026-09-06T07:16:40+08:00] WAIT olmo3_7b_think jid=3477433 state=PENDING
[2026-09-06T07:16:40+08:00] WAIT qwen3_4b_instruct jid=3477434 state=PENDING
[2026-09-06T07:16:40+08:00] WAIT qwen3_4b_instruct jid=3477435 state=PENDING
[2026-09-06T07:16:40+08:00] WAIT qwen3_4b_instruct jid=3477436 state=PENDING
[2026-09-06T07:16:40+08:00] WAIT qwen3_1.7b jid=3477606_0 state=PENDING
[2026-09-06T07:16:40+08:00] WAIT qwen3_1.7b jid=3477606_1 state=PENDING
[2026-09-06T07:16:40+08:00] WAIT qwen3_1.7b jid=3477606_2 state=PENDING
[2026-09-06T07:16:40+08:00] WAIT qwen3_1.7b jid=3477606_3 state=PENDING
[2026-09-06T07:16:40+08:00] WAIT qwen3_1.7b jid=3477606_4 state=PENDING
[2026-09-06T07:16:40+08:00] WAIT qwen3_1.7b jid=3477606_5 state=PENDING
[2026-09-06T07:16:40+08:00] WAIT qwen3_1.7b jid=3477606_6 state=PENDING
[2026-09-06T07:16:40+08:00] WAIT olmo3_7b_think jid=3477607_0 state=PENDING
[2026-09-06T07:16:40+08:00] WAIT olmo3_7b_think jid=3477607_1 state=PENDING
[2026-09-06T07:16:40+08:00] WAIT olmo3_7b_think jid=3477607_2 state=PENDING
[2026-09-06T07:16:40+08:00] WAIT olmo3_7b_think jid=3477607_3 state=PENDING
[2026-09-06T07:16:40+08:00] WAIT olmo3_7b_think jid=3477607_4 state=PENDING
[2026-09-06T07:16:40+08:00] WAIT olmo3_7b_think jid=3477607_5 state=PENDING
[2026-09-06T07:16:40+08:00] WAIT olmo3_7b_think jid=3477607_6 state=PENDING
[2026-09-06T07:16:40+08:00] WAIT qwen3_1.7b jid=3477608_0 state=PENDING
[2026-09-06T07:16:40+08:00] WAIT qwen3_1.7b jid=3477608_1 state=PENDING
[2026-09-06T07:16:40+08:00] WAIT qwen3_1.7b jid=3477608_2 state=PENDING
[2026-09-06T07:16:40+08:00] WAIT qwen3_1.7b jid=3477608_3 state=PENDING
[2026-09-06T07:16:40+08:00] WAIT qwen3_1.7b jid=3477608_4 state=PENDING
[2026-09-06T07:16:40+08:00] WAIT qwen3_1.7b jid=3477608_5 state=PENDING
[2026-09-06T07:16:40+08:00] WAIT qwen3_1.7b jid=3477608_6 state=PENDING
[2026-09-06T07:16:40+08:00] WAIT olmo3_7b_think jid=3477609_0 state=PENDING
[2026-09-06T07:16:40+08:00] WAIT olmo3_7b_think jid=3477609_1 state=PENDING
[2026-09-06T07:16:40+08:00] WAIT olmo3_7b_think jid=3477609_2 state=PENDING
[2026-09-06T07:16:40+08:00] WAIT olmo3_7b_think jid=3477609_3 state=PENDING
[2026-09-06T07:16:40+08:00] WAIT olmo3_7b_think jid=3477609_4 state=PENDING
[2026-09-06T07:16:40+08:00] WAIT olmo3_7b_think jid=3477609_5 state=PENDING
[2026-09-06T07:16:40+08:00] WAIT olmo3_7b_think jid=3477609_6 state=PENDING
[2026-09-06T07:16:40+08:00] progress done=0/37 pending=37 failed=0
[2026-09-06T07:18:40+08:00] WAIT qwen3_1.7b jid=3477428 state=PENDING
[2026-09-06T07:18:40+08:00] WAIT qwen3_1.7b jid=3477429 state=PENDING
[2026-09-06T07:18:40+08:00] WAIT qwen3_1.7b jid=3477430 state=PENDING
[2026-09-06T07:18:40+08:00] WAIT olmo3_7b_think jid=3477431 state=PENDING
[2026-09-06T07:18:40+08:00] WAIT olmo3_7b_think jid=3477432 state=PENDING
[2026-09-06T07:18:40+08:00] WAIT olmo3_7b_think jid=3477433 state=PENDING
[2026-09-06T07:18:40+08:00] WAIT qwen3_4b_instruct jid=3477434 state=PENDING
[2026-09-06T07:18:40+08:00] WAIT qwen3_4b_instruct jid=3477435 state=PENDING
[2026-09-06T07:18:40+08:00] WAIT qwen3_4b_instruct jid=3477436 state=PENDING
[2026-09-06T07:18:40+08:00] WAIT qwen3_1.7b jid=3477606_0 state=PENDING
[2026-09-06T07:18:40+08:00] WAIT qwen3_1.7b jid=3477606_1 state=PENDING
[2026-09-06T07:18:40+08:00] WAIT qwen3_1.7b jid=3477606_2 state=PENDING
[2026-09-06T07:18:40+08:00] WAIT qwen3_1.7b jid=3477606_3 state=PENDING
[2026-09-06T07:18:40+08:00] WAIT qwen3_1.7b jid=3477606_4 state=PENDING
[2026-09-06T07:18:40+08:00] WAIT qwen3_1.7b jid=3477606_5 state=PENDING
[2026-09-06T07:18:40+08:00] WAIT qwen3_1.7b jid=3477606_6 state=PENDING
[2026-09-06T07:18:40+08:00] WAIT olmo3_7b_think jid=3477607_0 state=PENDING
[2026-09-06T07:18:40+08:00] WAIT olmo3_7b_think jid=3477607_1 state=PENDING
[2026-09-06T07:18:40+08:00] WAIT olmo3_7b_think jid=3477607_2 state=PENDING
[2026-09-06T07:18:40+08:00] WAIT olmo3_7b_think jid=3477607_3 state=PENDING
[2026-09-06T07:18:40+08:00] WAIT olmo3_7b_think jid=3477607_4 state=PENDING
[2026-09-06T07:18:40+08:00] WAIT olmo3_7b_think jid=3477607_5 state=PENDING
[2026-09-06T07:18:40+08:00] WAIT olmo3_7b_think jid=3477607_6 state=PENDING
[2026-09-06T07:18:40+08:00] WAIT qwen3_1.7b jid=3477608_0 state=PENDING
[2026-09-06T07:18:40+08:00] WAIT qwen3_1.7b jid=3477608_1 state=PENDING
[2026-09-06T07:18:40+08:00] WAIT qwen3_1.7b jid=3477608_2 state=PENDING
[2026-09-06T07:18:40+08:00] WAIT qwen3_1.7b jid=3477608_3 state=PENDING
[2026-09-06T07:18:40+08:00] WAIT qwen3_1.7b jid=3477608_4 state=PENDING
[2026-09-06T07:18:40+08:00] WAIT qwen3_1.7b jid=3477608_5 state=PENDING
[2026-09-06T07:18:40+08:00] WAIT qwen3_1.7b jid=3477608_6 state=PENDING
[2026-09-06T07:18:40+08:00] WAIT olmo3_7b_think jid=3477609_0 state=PENDING
[2026-09-06T07:18:40+08:00] WAIT olmo3_7b_think jid=3477609_1 state=PENDING
[2026-09-06T07:18:40+08:00] WAIT olmo3_7b_think jid=3477609_2 state=PENDING
[2026-09-06T07:18:40+08:00] WAIT olmo3_7b_think jid=3477609_3 state=PENDING
[2026-09-06T07:18:40+08:00] WAIT olmo3_7b_think jid=3477609_4 state=PENDING
[2026-09-06T07:18:40+08:00] WAIT olmo3_7b_think jid=3477609_5 state=PENDING
[2026-09-06T07:18:40+08:00] WAIT olmo3_7b_think jid=3477609_6 state=PENDING
[2026-09-06T07:18:40+08:00] progress done=0/37 pending=37 failed=0
[2026-09-06T07:20:40+08:00] WAIT qwen3_1.7b jid=3477428 state=PENDING
[2026-09-06T07:20:41+08:00] WAIT qwen3_1.7b jid=3477429 state=PENDING
[2026-09-06T07:20:41+08:00] WAIT qwen3_1.7b jid=3477430 state=PENDING
[2026-09-06T07:20:41+08:00] WAIT olmo3_7b_think jid=3477431 state=PENDING
[2026-09-06T07:20:41+08:00] WAIT olmo3_7b_think jid=3477432 state=PENDING
[2026-09-06T07:20:41+08:00] WAIT olmo3_7b_think jid=3477433 state=PENDING
[2026-09-06T07:20:41+08:00] WAIT qwen3_4b_instruct jid=3477434 state=PENDING
[2026-09-06T07:20:41+08:00] WAIT qwen3_4b_instruct jid=3477435 state=PENDING
[2026-09-06T07:20:41+08:00] WAIT qwen3_4b_instruct jid=3477436 state=PENDING
[2026-09-06T07:20:41+08:00] WAIT qwen3_1.7b jid=3477606_0 state=PENDING
[2026-09-06T07:20:41+08:00] WAIT qwen3_1.7b jid=3477606_1 state=PENDING
[2026-09-06T07:20:41+08:00] WAIT qwen3_1.7b jid=3477606_2 state=PENDING
[2026-09-06T07:20:41+08:00] WAIT qwen3_1.7b jid=3477606_3 state=PENDING
[2026-09-06T07:20:41+08:00] WAIT qwen3_1.7b jid=3477606_4 state=PENDING
[2026-09-06T07:20:41+08:00] WAIT qwen3_1.7b jid=3477606_5 state=PENDING
[2026-09-06T07:20:41+08:00] WAIT qwen3_1.7b jid=3477606_6 state=PENDING
[2026-09-06T07:20:41+08:00] WAIT olmo3_7b_think jid=3477607_0 state=PENDING
[2026-09-06T07:20:41+08:00] WAIT olmo3_7b_think jid=3477607_1 state=PENDING
[2026-09-06T07:20:41+08:00] WAIT olmo3_7b_think jid=3477607_2 state=PENDING
[2026-09-06T07:20:41+08:00] WAIT olmo3_7b_think jid=3477607_3 state=PENDING
[2026-09-06T07:20:41+08:00] WAIT olmo3_7b_think jid=3477607_4 state=PENDING
[2026-09-06T07:20:41+08:00] WAIT olmo3_7b_think jid=3477607_5 state=PENDING
[2026-09-06T07:20:41+08:00] WAIT olmo3_7b_think jid=3477607_6 state=PENDING
[2026-09-06T07:20:41+08:00] WAIT qwen3_1.7b jid=3477608_0 state=PENDING
[2026-09-06T07:20:41+08:00] WAIT qwen3_1.7b jid=3477608_1 state=PENDING
[2026-09-06T07:20:41+08:00] WAIT qwen3_1.7b jid=3477608_2 state=PENDING
[2026-09-06T07:20:41+08:00] WAIT qwen3_1.7b jid=3477608_3 state=PENDING
[2026-09-06T07:20:41+08:00] WAIT qwen3_1.7b jid=3477608_4 state=PENDING
[2026-09-06T07:20:41+08:00] WAIT qwen3_1.7b jid=3477608_5 state=PENDING
[2026-09-06T07:20:41+08:00] WAIT qwen3_1.7b jid=3477608_6 state=PENDING
[2026-09-06T07:20:41+08:00] WAIT olmo3_7b_think jid=3477609_0 state=PENDING
[2026-09-06T07:20:41+08:00] WAIT olmo3_7b_think jid=3477609_1 state=PENDING
[2026-09-06T07:20:41+08:00] WAIT olmo3_7b_think jid=3477609_2 state=PENDING
[2026-09-06T07:20:41+08:00] WAIT olmo3_7b_think jid=3477609_3 state=PENDING
[2026-09-06T07:20:41+08:00] WAIT olmo3_7b_think jid=3477609_4 state=PENDING
[2026-09-06T07:20:41+08:00] WAIT olmo3_7b_think jid=3477609_5 state=PENDING
[2026-09-06T07:20:41+08:00] WAIT olmo3_7b_think jid=3477609_6 state=PENDING
[2026-09-06T07:20:41+08:00] progress done=0/37 pending=37 failed=0
[2026-09-06T07:22:41+08:00] WAIT qwen3_1.7b jid=3477428 state=PENDING
[2026-09-06T07:22:41+08:00] WAIT qwen3_1.7b jid=3477429 state=PENDING
[2026-09-06T07:22:41+08:00] WAIT qwen3_1.7b jid=3477430 state=PENDING
[2026-09-06T07:22:41+08:00] WAIT olmo3_7b_think jid=3477431 state=PENDING
[2026-09-06T07:22:41+08:00] WAIT olmo3_7b_think jid=3477432 state=PENDING
[2026-09-06T07:22:41+08:00] WAIT olmo3_7b_think jid=3477433 state=PENDING
[2026-09-06T07:22:41+08:00] WAIT qwen3_4b_instruct jid=3477434 state=PENDING
[2026-09-06T07:22:41+08:00] WAIT qwen3_4b_instruct jid=3477435 state=PENDING
[2026-09-06T07:22:41+08:00] WAIT qwen3_4b_instruct jid=3477436 state=PENDING
[2026-09-06T07:22:41+08:00] WAIT qwen3_1.7b jid=3477606_0 state=PENDING
[2026-09-06T07:22:41+08:00] WAIT qwen3_1.7b jid=3477606_1 state=PENDING
[2026-09-06T07:22:41+08:00] WAIT qwen3_1.7b jid=3477606_2 state=PENDING
[2026-09-06T07:22:41+08:00] WAIT qwen3_1.7b jid=3477606_3 state=PENDING
[2026-09-06T07:22:41+08:00] WAIT qwen3_1.7b jid=3477606_4 state=PENDING
[2026-09-06T07:22:41+08:00] WAIT qwen3_1.7b jid=3477606_5 state=PENDING
[2026-09-06T07:22:41+08:00] WAIT qwen3_1.7b jid=3477606_6 state=PENDING
[2026-09-06T07:22:41+08:00] WAIT olmo3_7b_think jid=3477607_0 state=PENDING
[2026-09-06T07:22:41+08:00] WAIT olmo3_7b_think jid=3477607_1 state=PENDING
[2026-09-06T07:22:41+08:00] WAIT olmo3_7b_think jid=3477607_2 state=PENDING
[2026-09-06T07:22:41+08:00] WAIT olmo3_7b_think jid=3477607_3 state=PENDING
[2026-09-06T07:22:41+08:00] WAIT olmo3_7b_think jid=3477607_4 state=PENDING
[2026-09-06T07:22:41+08:00] WAIT olmo3_7b_think jid=3477607_5 state=PENDING
[2026-09-06T07:22:41+08:00] WAIT olmo3_7b_think jid=3477607_6 state=PENDING
[2026-09-06T07:22:41+08:00] WAIT qwen3_1.7b jid=3477608_0 state=PENDING
[2026-09-06T07:22:41+08:00] WAIT qwen3_1.7b jid=3477608_1 state=PENDING
[2026-09-06T07:22:41+08:00] WAIT qwen3_1.7b jid=3477608_2 state=PENDING
[2026-09-06T07:22:41+08:00] WAIT qwen3_1.7b jid=3477608_3 state=PENDING
[2026-09-06T07:22:41+08:00] WAIT qwen3_1.7b jid=3477608_4 state=PENDING
[2026-09-06T07:22:41+08:00] WAIT qwen3_1.7b jid=3477608_5 state=PENDING
[2026-09-06T07:22:41+08:00] WAIT qwen3_1.7b jid=3477608_6 state=PENDING
[2026-09-06T07:22:41+08:00] WAIT olmo3_7b_think jid=3477609_0 state=PENDING
[2026-09-06T07:22:41+08:00] WAIT olmo3_7b_think jid=3477609_1 state=PENDING
[2026-09-06T07:22:41+08:00] WAIT olmo3_7b_think jid=3477609_2 state=PENDING
[2026-09-06T07:22:41+08:00] WAIT olmo3_7b_think jid=3477609_3 state=PENDING
[2026-09-06T07:22:41+08:00] WAIT olmo3_7b_think jid=3477609_4 state=PENDING
[2026-09-06T07:22:41+08:00] WAIT olmo3_7b_think jid=3477609_5 state=PENDING
[2026-09-06T07:22:41+08:00] WAIT olmo3_7b_think jid=3477609_6 state=PENDING
[2026-09-06T07:22:41+08:00] progress done=0/37 pending=37 failed=0
[2026-09-06T07:24:41+08:00] WAIT qwen3_1.7b jid=3477428 state=PENDING
[2026-09-06T07:24:41+08:00] WAIT qwen3_1.7b jid=3477429 state=PENDING
[2026-09-06T07:24:41+08:00] WAIT qwen3_1.7b jid=3477430 state=PENDING
[2026-09-06T07:24:41+08:00] WAIT olmo3_7b_think jid=3477431 state=PENDING
[2026-09-06T07:24:41+08:00] WAIT olmo3_7b_think jid=3477432 state=PENDING
[2026-09-06T07:24:41+08:00] WAIT olmo3_7b_think jid=3477433 state=PENDING
[2026-09-06T07:24:41+08:00] WAIT qwen3_4b_instruct jid=3477434 state=PENDING
[2026-09-06T07:24:41+08:00] WAIT qwen3_4b_instruct jid=3477435 state=PENDING
[2026-09-06T07:24:41+08:00] WAIT qwen3_4b_instruct jid=3477436 state=PENDING
[2026-09-06T07:24:41+08:00] WAIT qwen3_1.7b jid=3477606_0 state=PENDING
[2026-09-06T07:24:41+08:00] WAIT qwen3_1.7b jid=3477606_1 state=PENDING
[2026-09-06T07:24:41+08:00] WAIT qwen3_1.7b jid=3477606_2 state=PENDING
[2026-09-06T07:24:41+08:00] WAIT qwen3_1.7b jid=3477606_3 state=PENDING
[2026-09-06T07:24:41+08:00] WAIT qwen3_1.7b jid=3477606_4 state=PENDING
[2026-09-06T07:24:41+08:00] WAIT qwen3_1.7b jid=3477606_5 state=PENDING
[2026-09-06T07:24:41+08:00] WAIT qwen3_1.7b jid=3477606_6 state=PENDING
[2026-09-06T07:24:41+08:00] WAIT olmo3_7b_think jid=3477607_0 state=PENDING
[2026-09-06T07:24:41+08:00] WAIT olmo3_7b_think jid=3477607_1 state=PENDING
[2026-09-06T07:24:41+08:00] WAIT olmo3_7b_think jid=3477607_2 state=PENDING
[2026-09-06T07:24:41+08:00] WAIT olmo3_7b_think jid=3477607_3 state=PENDING
[2026-09-06T07:24:41+08:00] WAIT olmo3_7b_think jid=3477607_4 state=PENDING
[2026-09-06T07:24:41+08:00] WAIT olmo3_7b_think jid=3477607_5 state=PENDING
[2026-09-06T07:24:41+08:00] WAIT olmo3_7b_think jid=3477607_6 state=PENDING
[2026-09-06T07:24:41+08:00] WAIT qwen3_1.7b jid=3477608_0 state=PENDING
[2026-09-06T07:24:41+08:00] WAIT qwen3_1.7b jid=3477608_1 state=PENDING
[2026-09-06T07:24:42+08:00] WAIT qwen3_1.7b jid=3477608_2 state=PENDING
[2026-09-06T07:24:42+08:00] WAIT qwen3_1.7b jid=3477608_3 state=PENDING
[2026-09-06T07:24:42+08:00] WAIT qwen3_1.7b jid=3477608_4 state=PENDING
[2026-09-06T07:24:42+08:00] WAIT qwen3_1.7b jid=3477608_5 state=PENDING
[2026-09-06T07:24:42+08:00] WAIT qwen3_1.7b jid=3477608_6 state=PENDING
[2026-09-06T07:24:42+08:00] WAIT olmo3_7b_think jid=3477609_0 state=PENDING
[2026-09-06T07:24:42+08:00] WAIT olmo3_7b_think jid=3477609_1 state=PENDING
[2026-09-06T07:24:42+08:00] WAIT olmo3_7b_think jid=3477609_2 state=PENDING
[2026-09-06T07:24:42+08:00] WAIT olmo3_7b_think jid=3477609_3 state=PENDING
[2026-09-06T07:24:42+08:00] WAIT olmo3_7b_think jid=3477609_4 state=PENDING
[2026-09-06T07:24:42+08:00] WAIT olmo3_7b_think jid=3477609_5 state=PENDING
[2026-09-06T07:24:42+08:00] WAIT olmo3_7b_think jid=3477609_6 state=PENDING
[2026-09-06T07:24:42+08:00] progress done=0/37 pending=37 failed=0
[2026-09-06T07:26:42+08:00] WAIT qwen3_1.7b jid=3477428 state=PENDING
[2026-09-06T07:26:42+08:00] WAIT qwen3_1.7b jid=3477429 state=PENDING
[2026-09-06T07:26:42+08:00] WAIT qwen3_1.7b jid=3477430 state=PENDING
[2026-09-06T07:26:42+08:00] WAIT olmo3_7b_think jid=3477431 state=PENDING
[2026-09-06T07:26:42+08:00] WAIT olmo3_7b_think jid=3477432 state=PENDING
[2026-09-06T07:26:42+08:00] WAIT olmo3_7b_think jid=3477433 state=PENDING
[2026-09-06T07:26:42+08:00] WAIT qwen3_4b_instruct jid=3477434 state=PENDING
[2026-09-06T07:26:42+08:00] WAIT qwen3_4b_instruct jid=3477435 state=PENDING
[2026-09-06T07:26:42+08:00] WAIT qwen3_4b_instruct jid=3477436 state=PENDING
[2026-09-06T07:26:42+08:00] WAIT qwen3_1.7b jid=3477606_0 state=PENDING
[2026-09-06T07:26:42+08:00] WAIT qwen3_1.7b jid=3477606_1 state=PENDING
[2026-09-06T07:26:42+08:00] WAIT qwen3_1.7b jid=3477606_2 state=PENDING
[2026-09-06T07:26:42+08:00] WAIT qwen3_1.7b jid=3477606_3 state=PENDING
[2026-09-06T07:26:42+08:00] WAIT qwen3_1.7b jid=3477606_4 state=PENDING
[2026-09-06T07:26:42+08:00] WAIT qwen3_1.7b jid=3477606_5 state=PENDING
[2026-09-06T07:26:42+08:00] WAIT qwen3_1.7b jid=3477606_6 state=PENDING
[2026-09-06T07:26:42+08:00] WAIT olmo3_7b_think jid=3477607_0 state=PENDING
[2026-09-06T07:26:42+08:00] WAIT olmo3_7b_think jid=3477607_1 state=PENDING
[2026-09-06T07:26:42+08:00] WAIT olmo3_7b_think jid=3477607_2 state=PENDING
[2026-09-06T07:26:42+08:00] WAIT olmo3_7b_think jid=3477607_3 state=PENDING
[2026-09-06T07:26:42+08:00] WAIT olmo3_7b_think jid=3477607_4 state=PENDING
[2026-09-06T07:26:42+08:00] WAIT olmo3_7b_think jid=3477607_5 state=PENDING
[2026-09-06T07:26:42+08:00] WAIT olmo3_7b_think jid=3477607_6 state=PENDING
[2026-09-06T07:26:42+08:00] WAIT qwen3_1.7b jid=3477608_0 state=PENDING
[2026-09-06T07:26:42+08:00] WAIT qwen3_1.7b jid=3477608_1 state=PENDING
[2026-09-06T07:26:42+08:00] WAIT qwen3_1.7b jid=3477608_2 state=PENDING
[2026-09-06T07:26:42+08:00] WAIT qwen3_1.7b jid=3477608_3 state=PENDING
[2026-09-06T07:26:42+08:00] WAIT qwen3_1.7b jid=3477608_4 state=PENDING
[2026-09-06T07:26:42+08:00] WAIT qwen3_1.7b jid=3477608_5 state=PENDING
[2026-09-06T07:26:42+08:00] WAIT qwen3_1.7b jid=3477608_6 state=PENDING
[2026-09-06T07:26:42+08:00] WAIT olmo3_7b_think jid=3477609_0 state=PENDING
[2026-09-06T07:26:42+08:00] WAIT olmo3_7b_think jid=3477609_1 state=PENDING
[2026-09-06T07:26:42+08:00] WAIT olmo3_7b_think jid=3477609_2 state=PENDING
[2026-09-06T07:26:42+08:00] WAIT olmo3_7b_think jid=3477609_3 state=PENDING
[2026-09-06T07:26:42+08:00] WAIT olmo3_7b_think jid=3477609_4 state=PENDING
[2026-09-06T07:26:42+08:00] WAIT olmo3_7b_think jid=3477609_5 state=PENDING
[2026-09-06T07:26:42+08:00] WAIT olmo3_7b_think jid=3477609_6 state=PENDING
[2026-09-06T07:26:42+08:00] progress done=0/37 pending=37 failed=0
[2026-09-06T07:28:42+08:00] WAIT qwen3_1.7b jid=3477428 state=PENDING
[2026-09-06T07:28:42+08:00] WAIT qwen3_1.7b jid=3477429 state=PENDING
[2026-09-06T07:28:42+08:00] WAIT qwen3_1.7b jid=3477430 state=PENDING
[2026-09-06T07:28:42+08:00] WAIT olmo3_7b_think jid=3477431 state=PENDING
[2026-09-06T07:28:42+08:00] WAIT olmo3_7b_think jid=3477432 state=PENDING
[2026-09-06T07:28:42+08:00] WAIT olmo3_7b_think jid=3477433 state=PENDING
[2026-09-06T07:28:42+08:00] WAIT qwen3_4b_instruct jid=3477434 state=PENDING
[2026-09-06T07:28:42+08:00] WAIT qwen3_4b_instruct jid=3477435 state=PENDING
[2026-09-06T07:28:42+08:00] WAIT qwen3_4b_instruct jid=3477436 state=PENDING
[2026-09-06T07:28:42+08:00] WAIT qwen3_1.7b jid=3477606_0 state=PENDING
[2026-09-06T07:28:42+08:00] WAIT qwen3_1.7b jid=3477606_1 state=PENDING
[2026-09-06T07:28:42+08:00] WAIT qwen3_1.7b jid=3477606_2 state=PENDING
[2026-09-06T07:28:42+08:00] WAIT qwen3_1.7b jid=3477606_3 state=PENDING
[2026-09-06T07:28:42+08:00] WAIT qwen3_1.7b jid=3477606_4 state=PENDING
[2026-09-06T07:28:42+08:00] WAIT qwen3_1.7b jid=3477606_5 state=PENDING
[2026-09-06T07:28:42+08:00] WAIT qwen3_1.7b jid=3477606_6 state=PENDING
[2026-09-06T07:28:42+08:00] WAIT olmo3_7b_think jid=3477607_0 state=PENDING
[2026-09-06T07:28:42+08:00] WAIT olmo3_7b_think jid=3477607_1 state=PENDING
[2026-09-06T07:28:42+08:00] WAIT olmo3_7b_think jid=3477607_2 state=PENDING
[2026-09-06T07:28:42+08:00] WAIT olmo3_7b_think jid=3477607_3 state=PENDING
[2026-09-06T07:28:42+08:00] WAIT olmo3_7b_think jid=3477607_4 state=PENDING
[2026-09-06T07:28:42+08:00] WAIT olmo3_7b_think jid=3477607_5 state=PENDING
[2026-09-06T07:28:42+08:00] WAIT olmo3_7b_think jid=3477607_6 state=PENDING
[2026-09-06T07:28:42+08:00] WAIT qwen3_1.7b jid=3477608_0 state=PENDING
[2026-09-06T07:28:42+08:00] WAIT qwen3_1.7b jid=3477608_1 state=PENDING
[2026-09-06T07:28:42+08:00] WAIT qwen3_1.7b jid=3477608_2 state=PENDING
[2026-09-06T07:28:42+08:00] WAIT qwen3_1.7b jid=3477608_3 state=PENDING
[2026-09-06T07:28:42+08:00] WAIT qwen3_1.7b jid=3477608_4 state=PENDING
[2026-09-06T07:28:42+08:00] WAIT qwen3_1.7b jid=3477608_5 state=PENDING
[2026-09-06T07:28:42+08:00] WAIT qwen3_1.7b jid=3477608_6 state=PENDING
[2026-09-06T07:28:42+08:00] WAIT olmo3_7b_think jid=3477609_0 state=PENDING
[2026-09-06T07:28:42+08:00] WAIT olmo3_7b_think jid=3477609_1 state=PENDING
[2026-09-06T07:28:42+08:00] WAIT olmo3_7b_think jid=3477609_2 state=PENDING
[2026-09-06T07:28:42+08:00] WAIT olmo3_7b_think jid=3477609_3 state=PENDING
[2026-09-06T07:28:42+08:00] WAIT olmo3_7b_think jid=3477609_4 state=PENDING
[2026-09-06T07:28:42+08:00] WAIT olmo3_7b_think jid=3477609_5 state=PENDING
[2026-09-06T07:28:42+08:00] WAIT olmo3_7b_think jid=3477609_6 state=PENDING
[2026-09-06T07:28:42+08:00] progress done=0/37 pending=37 failed=0
[2026-09-06T07:30:42+08:00] WAIT qwen3_1.7b jid=3477428 state=PENDING
[2026-09-06T07:30:42+08:00] WAIT qwen3_1.7b jid=3477429 state=PENDING
[2026-09-06T07:30:42+08:00] WAIT qwen3_1.7b jid=3477430 state=PENDING
[2026-09-06T07:30:42+08:00] WAIT olmo3_7b_think jid=3477431 state=PENDING
[2026-09-06T07:30:42+08:00] WAIT olmo3_7b_think jid=3477432 state=PENDING
[2026-09-06T07:30:42+08:00] WAIT olmo3_7b_think jid=3477433 state=PENDING
[2026-09-06T07:30:42+08:00] WAIT qwen3_4b_instruct jid=3477434 state=PENDING
[2026-09-06T07:30:42+08:00] WAIT qwen3_4b_instruct jid=3477435 state=PENDING
[2026-09-06T07:30:42+08:00] WAIT qwen3_4b_instruct jid=3477436 state=PENDING
[2026-09-06T07:30:42+08:00] WAIT qwen3_1.7b jid=3477606_0 state=PENDING
[2026-09-06T07:30:43+08:00] WAIT qwen3_1.7b jid=3477606_1 state=PENDING
[2026-09-06T07:30:43+08:00] WAIT qwen3_1.7b jid=3477606_2 state=PENDING
[2026-09-06T07:30:43+08:00] WAIT qwen3_1.7b jid=3477606_3 state=PENDING
[2026-09-06T07:30:43+08:00] WAIT qwen3_1.7b jid=3477606_4 state=PENDING
[2026-09-06T07:30:43+08:00] WAIT qwen3_1.7b jid=3477606_5 state=PENDING
[2026-09-06T07:30:43+08:00] WAIT qwen3_1.7b jid=3477606_6 state=PENDING
[2026-09-06T07:30:43+08:00] WAIT olmo3_7b_think jid=3477607_0 state=PENDING
[2026-09-06T07:30:43+08:00] WAIT olmo3_7b_think jid=3477607_1 state=PENDING
[2026-09-06T07:30:43+08:00] WAIT olmo3_7b_think jid=3477607_2 state=PENDING
[2026-09-06T07:30:43+08:00] WAIT olmo3_7b_think jid=3477607_3 state=PENDING
[2026-09-06T07:30:43+08:00] WAIT olmo3_7b_think jid=3477607_4 state=PENDING
[2026-09-06T07:30:43+08:00] WAIT olmo3_7b_think jid=3477607_5 state=PENDING
[2026-09-06T07:30:43+08:00] WAIT olmo3_7b_think jid=3477607_6 state=PENDING
[2026-09-06T07:30:43+08:00] WAIT qwen3_1.7b jid=3477608_0 state=PENDING
[2026-09-06T07:30:43+08:00] WAIT qwen3_1.7b jid=3477608_1 state=PENDING
[2026-09-06T07:30:43+08:00] WAIT qwen3_1.7b jid=3477608_2 state=PENDING
[2026-09-06T07:30:43+08:00] WAIT qwen3_1.7b jid=3477608_3 state=PENDING
[2026-09-06T07:30:43+08:00] WAIT qwen3_1.7b jid=3477608_4 state=PENDING
[2026-09-06T07:30:43+08:00] WAIT qwen3_1.7b jid=3477608_5 state=PENDING
[2026-09-06T07:30:43+08:00] WAIT qwen3_1.7b jid=3477608_6 state=PENDING
[2026-09-06T07:30:43+08:00] WAIT olmo3_7b_think jid=3477609_0 state=PENDING
[2026-09-06T07:30:43+08:00] WAIT olmo3_7b_think jid=3477609_1 state=PENDING
[2026-09-06T07:30:43+08:00] WAIT olmo3_7b_think jid=3477609_2 state=PENDING
[2026-09-06T07:30:43+08:00] WAIT olmo3_7b_think jid=3477609_3 state=PENDING
[2026-09-06T07:30:43+08:00] WAIT olmo3_7b_think jid=3477609_4 state=PENDING
[2026-09-06T07:30:43+08:00] WAIT olmo3_7b_think jid=3477609_5 state=PENDING
[2026-09-06T07:30:43+08:00] WAIT olmo3_7b_think jid=3477609_6 state=PENDING
[2026-09-06T07:30:43+08:00] progress done=0/37 pending=37 failed=0
[2026-09-06T07:32:43+08:00] WAIT qwen3_1.7b jid=3477428 state=PENDING
[2026-09-06T07:32:43+08:00] WAIT qwen3_1.7b jid=3477429 state=PENDING
[2026-09-06T07:32:43+08:00] WAIT qwen3_1.7b jid=3477430 state=PENDING
[2026-09-06T07:32:43+08:00] WAIT olmo3_7b_think jid=3477431 state=PENDING
[2026-09-06T07:32:43+08:00] WAIT olmo3_7b_think jid=3477432 state=PENDING
[2026-09-06T07:32:43+08:00] WAIT olmo3_7b_think jid=3477433 state=PENDING
[2026-09-06T07:32:43+08:00] WAIT qwen3_4b_instruct jid=3477434 state=PENDING
[2026-09-06T07:32:43+08:00] WAIT qwen3_4b_instruct jid=3477435 state=PENDING
[2026-09-06T07:32:43+08:00] WAIT qwen3_4b_instruct jid=3477436 state=PENDING
[2026-09-06T07:32:43+08:00] WAIT qwen3_1.7b jid=3477606_0 state=PENDING
[2026-09-06T07:32:43+08:00] WAIT qwen3_1.7b jid=3477606_1 state=PENDING
[2026-09-06T07:32:43+08:00] WAIT qwen3_1.7b jid=3477606_2 state=PENDING
[2026-09-06T07:32:43+08:00] WAIT qwen3_1.7b jid=3477606_3 state=PENDING
[2026-09-06T07:32:43+08:00] WAIT qwen3_1.7b jid=3477606_4 state=PENDING
[2026-09-06T07:32:43+08:00] WAIT qwen3_1.7b jid=3477606_5 state=PENDING
[2026-09-06T07:32:43+08:00] WAIT qwen3_1.7b jid=3477606_6 state=PENDING
[2026-09-06T07:32:43+08:00] WAIT olmo3_7b_think jid=3477607_0 state=PENDING
[2026-09-06T07:32:43+08:00] WAIT olmo3_7b_think jid=3477607_1 state=PENDING
[2026-09-06T07:32:43+08:00] WAIT olmo3_7b_think jid=3477607_2 state=PENDING
[2026-09-06T07:32:43+08:00] WAIT olmo3_7b_think jid=3477607_3 state=PENDING
[2026-09-06T07:32:43+08:00] WAIT olmo3_7b_think jid=3477607_4 state=PENDING
[2026-09-06T07:32:43+08:00] WAIT olmo3_7b_think jid=3477607_5 state=PENDING
[2026-09-06T07:32:43+08:00] WAIT olmo3_7b_think jid=3477607_6 state=PENDING
[2026-09-06T07:32:43+08:00] WAIT qwen3_1.7b jid=3477608_0 state=PENDING
[2026-09-06T07:32:43+08:00] WAIT qwen3_1.7b jid=3477608_1 state=PENDING
[2026-09-06T07:32:43+08:00] WAIT qwen3_1.7b jid=3477608_2 state=PENDING
[2026-09-06T07:32:43+08:00] WAIT qwen3_1.7b jid=3477608_3 state=PENDING
[2026-09-06T07:32:43+08:00] WAIT qwen3_1.7b jid=3477608_4 state=PENDING
[2026-09-06T07:32:43+08:00] WAIT qwen3_1.7b jid=3477608_5 state=PENDING
[2026-09-06T07:32:43+08:00] WAIT qwen3_1.7b jid=3477608_6 state=PENDING
[2026-09-06T07:32:43+08:00] WAIT olmo3_7b_think jid=3477609_0 state=PENDING
[2026-09-06T07:32:43+08:00] WAIT olmo3_7b_think jid=3477609_1 state=PENDING
[2026-09-06T07:32:43+08:00] WAIT olmo3_7b_think jid=3477609_2 state=PENDING
[2026-09-06T07:32:43+08:00] WAIT olmo3_7b_think jid=3477609_3 state=PENDING
[2026-09-06T07:32:43+08:00] WAIT olmo3_7b_think jid=3477609_4 state=PENDING
[2026-09-06T07:32:43+08:00] WAIT olmo3_7b_think jid=3477609_5 state=PENDING
[2026-09-06T07:32:43+08:00] WAIT olmo3_7b_think jid=3477609_6 state=PENDING
[2026-09-06T07:32:43+08:00] progress done=0/37 pending=37 failed=0
[2026-09-06T07:34:43+08:00] WAIT qwen3_1.7b jid=3477428 state=PENDING
[2026-09-06T07:34:43+08:00] WAIT qwen3_1.7b jid=3477429 state=PENDING
[2026-09-06T07:34:43+08:00] WAIT qwen3_1.7b jid=3477430 state=PENDING
[2026-09-06T07:34:43+08:00] WAIT olmo3_7b_think jid=3477431 state=PENDING
[2026-09-06T07:34:43+08:00] WAIT olmo3_7b_think jid=3477432 state=PENDING
[2026-09-06T07:34:43+08:00] WAIT olmo3_7b_think jid=3477433 state=PENDING
[2026-09-06T07:34:43+08:00] WAIT qwen3_4b_instruct jid=3477434 state=PENDING
[2026-09-06T07:34:43+08:00] WAIT qwen3_4b_instruct jid=3477435 state=PENDING
[2026-09-06T07:34:43+08:00] WAIT qwen3_4b_instruct jid=3477436 state=PENDING
[2026-09-06T07:34:43+08:00] WAIT qwen3_1.7b jid=3477606_0 state=PENDING
[2026-09-06T07:34:43+08:00] WAIT qwen3_1.7b jid=3477606_1 state=PENDING
[2026-09-06T07:34:43+08:00] WAIT qwen3_1.7b jid=3477606_2 state=PENDING
[2026-09-06T07:34:43+08:00] WAIT qwen3_1.7b jid=3477606_3 state=PENDING
[2026-09-06T07:34:43+08:00] WAIT qwen3_1.7b jid=3477606_4 state=PENDING
[2026-09-06T07:34:43+08:00] WAIT qwen3_1.7b jid=3477606_5 state=PENDING
[2026-09-06T07:34:43+08:00] WAIT qwen3_1.7b jid=3477606_6 state=PENDING
[2026-09-06T07:34:43+08:00] WAIT olmo3_7b_think jid=3477607_0 state=PENDING
[2026-09-06T07:34:43+08:00] WAIT olmo3_7b_think jid=3477607_1 state=PENDING
[2026-09-06T07:34:43+08:00] WAIT olmo3_7b_think jid=3477607_2 state=PENDING
[2026-09-06T07:34:43+08:00] WAIT olmo3_7b_think jid=3477607_3 state=PENDING
[2026-09-06T07:34:43+08:00] WAIT olmo3_7b_think jid=3477607_4 state=PENDING
[2026-09-06T07:34:43+08:00] WAIT olmo3_7b_think jid=3477607_5 state=PENDING
[2026-09-06T07:34:43+08:00] WAIT olmo3_7b_think jid=3477607_6 state=PENDING
[2026-09-06T07:34:43+08:00] WAIT qwen3_1.7b jid=3477608_0 state=PENDING
[2026-09-06T07:34:43+08:00] WAIT qwen3_1.7b jid=3477608_1 state=PENDING
[2026-09-06T07:34:43+08:00] WAIT qwen3_1.7b jid=3477608_2 state=PENDING
[2026-09-06T07:34:43+08:00] WAIT qwen3_1.7b jid=3477608_3 state=PENDING
[2026-09-06T07:34:43+08:00] WAIT qwen3_1.7b jid=3477608_4 state=PENDING
[2026-09-06T07:34:43+08:00] WAIT qwen3_1.7b jid=3477608_5 state=PENDING
[2026-09-06T07:34:43+08:00] WAIT qwen3_1.7b jid=3477608_6 state=PENDING
[2026-09-06T07:34:43+08:00] WAIT olmo3_7b_think jid=3477609_0 state=PENDING
[2026-09-06T07:34:43+08:00] WAIT olmo3_7b_think jid=3477609_1 state=PENDING
[2026-09-06T07:34:44+08:00] WAIT olmo3_7b_think jid=3477609_2 state=PENDING
[2026-09-06T07:34:44+08:00] WAIT olmo3_7b_think jid=3477609_3 state=PENDING
[2026-09-06T07:34:44+08:00] WAIT olmo3_7b_think jid=3477609_4 state=PENDING
[2026-09-06T07:34:44+08:00] WAIT olmo3_7b_think jid=3477609_5 state=PENDING
[2026-09-06T07:34:44+08:00] WAIT olmo3_7b_think jid=3477609_6 state=PENDING
[2026-09-06T07:34:44+08:00] progress done=0/37 pending=37 failed=0
[2026-09-06T07:36:44+08:00] WAIT qwen3_1.7b jid=3477428 state=PENDING
[2026-09-06T07:36:44+08:00] WAIT qwen3_1.7b jid=3477429 state=PENDING
[2026-09-06T07:36:44+08:00] WAIT qwen3_1.7b jid=3477430 state=PENDING
[2026-09-06T07:36:44+08:00] WAIT olmo3_7b_think jid=3477431 state=PENDING
[2026-09-06T07:36:44+08:00] WAIT olmo3_7b_think jid=3477432 state=PENDING
[2026-09-06T07:36:44+08:00] WAIT olmo3_7b_think jid=3477433 state=PENDING
[2026-09-06T07:36:44+08:00] WAIT qwen3_4b_instruct jid=3477434 state=PENDING
[2026-09-06T07:36:44+08:00] WAIT qwen3_4b_instruct jid=3477435 state=PENDING
[2026-09-06T07:36:44+08:00] WAIT qwen3_4b_instruct jid=3477436 state=PENDING
[2026-09-06T07:36:44+08:00] WAIT qwen3_1.7b jid=3477606_0 state=PENDING
[2026-09-06T07:36:44+08:00] WAIT qwen3_1.7b jid=3477606_1 state=PENDING
[2026-09-06T07:36:44+08:00] WAIT qwen3_1.7b jid=3477606_2 state=PENDING
[2026-09-06T07:36:44+08:00] WAIT qwen3_1.7b jid=3477606_3 state=PENDING
[2026-09-06T07:36:44+08:00] WAIT qwen3_1.7b jid=3477606_4 state=PENDING
[2026-09-06T07:36:44+08:00] WAIT qwen3_1.7b jid=3477606_5 state=PENDING
[2026-09-06T07:36:44+08:00] WAIT qwen3_1.7b jid=3477606_6 state=PENDING
[2026-09-06T07:36:44+08:00] WAIT olmo3_7b_think jid=3477607_0 state=PENDING
[2026-09-06T07:36:44+08:00] WAIT olmo3_7b_think jid=3477607_1 state=PENDING
[2026-09-06T07:36:44+08:00] WAIT olmo3_7b_think jid=3477607_2 state=PENDING
[2026-09-06T07:36:44+08:00] WAIT olmo3_7b_think jid=3477607_3 state=PENDING
[2026-09-06T07:36:44+08:00] WAIT olmo3_7b_think jid=3477607_4 state=PENDING
[2026-09-06T07:36:44+08:00] WAIT olmo3_7b_think jid=3477607_5 state=PENDING
[2026-09-06T07:36:44+08:00] WAIT olmo3_7b_think jid=3477607_6 state=PENDING
[2026-09-06T07:36:44+08:00] WAIT qwen3_1.7b jid=3477608_0 state=PENDING
[2026-09-06T07:36:44+08:00] WAIT qwen3_1.7b jid=3477608_1 state=PENDING
[2026-09-06T07:36:44+08:00] WAIT qwen3_1.7b jid=3477608_2 state=PENDING
[2026-09-06T07:36:44+08:00] WAIT qwen3_1.7b jid=3477608_3 state=PENDING
[2026-09-06T07:36:44+08:00] WAIT qwen3_1.7b jid=3477608_4 state=PENDING
[2026-09-06T07:36:44+08:00] WAIT qwen3_1.7b jid=3477608_5 state=PENDING
[2026-09-06T07:36:44+08:00] WAIT qwen3_1.7b jid=3477608_6 state=PENDING
[2026-09-06T07:36:44+08:00] WAIT olmo3_7b_think jid=3477609_0 state=PENDING
[2026-09-06T07:36:44+08:00] WAIT olmo3_7b_think jid=3477609_1 state=PENDING
[2026-09-06T07:36:44+08:00] WAIT olmo3_7b_think jid=3477609_2 state=PENDING
[2026-09-06T07:36:44+08:00] WAIT olmo3_7b_think jid=3477609_3 state=PENDING
[2026-09-06T07:36:44+08:00] WAIT olmo3_7b_think jid=3477609_4 state=PENDING
[2026-09-06T07:36:44+08:00] WAIT olmo3_7b_think jid=3477609_5 state=PENDING
[2026-09-06T07:36:44+08:00] WAIT olmo3_7b_think jid=3477609_6 state=PENDING
[2026-09-06T07:36:44+08:00] progress done=0/37 pending=37 failed=0
[2026-09-06T07:38:44+08:00] WAIT qwen3_1.7b jid=3477428 state=PENDING
[2026-09-06T07:38:44+08:00] WAIT qwen3_1.7b jid=3477429 state=PENDING
[2026-09-06T07:38:44+08:00] WAIT qwen3_1.7b jid=3477430 state=PENDING
[2026-09-06T07:38:44+08:00] WAIT olmo3_7b_think jid=3477431 state=PENDING
[2026-09-06T07:38:44+08:00] WAIT olmo3_7b_think jid=3477432 state=PENDING
[2026-09-06T07:38:44+08:00] WAIT olmo3_7b_think jid=3477433 state=PENDING
[2026-09-06T07:38:44+08:00] WAIT qwen3_4b_instruct jid=3477434 state=PENDING
[2026-09-06T07:38:44+08:00] WAIT qwen3_4b_instruct jid=3477435 state=PENDING
[2026-09-06T07:38:44+08:00] WAIT qwen3_4b_instruct jid=3477436 state=PENDING
[2026-09-06T07:38:44+08:00] WAIT qwen3_1.7b jid=3477606_0 state=PENDING
[2026-09-06T07:38:44+08:00] WAIT qwen3_1.7b jid=3477606_1 state=PENDING
[2026-09-06T07:38:44+08:00] WAIT qwen3_1.7b jid=3477606_2 state=PENDING
[2026-09-06T07:38:44+08:00] WAIT qwen3_1.7b jid=3477606_3 state=PENDING
[2026-09-06T07:38:44+08:00] WAIT qwen3_1.7b jid=3477606_4 state=PENDING
[2026-09-06T07:38:44+08:00] WAIT qwen3_1.7b jid=3477606_5 state=PENDING
[2026-09-06T07:38:44+08:00] WAIT qwen3_1.7b jid=3477606_6 state=PENDING
[2026-09-06T07:38:44+08:00] WAIT olmo3_7b_think jid=3477607_0 state=PENDING
[2026-09-06T07:38:44+08:00] WAIT olmo3_7b_think jid=3477607_1 state=PENDING
[2026-09-06T07:38:44+08:00] WAIT olmo3_7b_think jid=3477607_2 state=PENDING
[2026-09-06T07:38:44+08:00] WAIT olmo3_7b_think jid=3477607_3 state=PENDING
[2026-09-06T07:38:44+08:00] WAIT olmo3_7b_think jid=3477607_4 state=PENDING
[2026-09-06T07:38:44+08:00] WAIT olmo3_7b_think jid=3477607_5 state=PENDING
[2026-09-06T07:38:44+08:00] WAIT olmo3_7b_think jid=3477607_6 state=PENDING
[2026-09-06T07:38:44+08:00] WAIT qwen3_1.7b jid=3477608_0 state=PENDING
[2026-09-06T07:38:44+08:00] WAIT qwen3_1.7b jid=3477608_1 state=PENDING
[2026-09-06T07:38:44+08:00] WAIT qwen3_1.7b jid=3477608_2 state=PENDING
[2026-09-06T07:38:44+08:00] WAIT qwen3_1.7b jid=3477608_3 state=PENDING
[2026-09-06T07:38:44+08:00] WAIT qwen3_1.7b jid=3477608_4 state=PENDING
[2026-09-06T07:38:44+08:00] WAIT qwen3_1.7b jid=3477608_5 state=PENDING
[2026-09-06T07:38:44+08:00] WAIT qwen3_1.7b jid=3477608_6 state=PENDING
[2026-09-06T07:38:44+08:00] WAIT olmo3_7b_think jid=3477609_0 state=PENDING
[2026-09-06T07:38:44+08:00] WAIT olmo3_7b_think jid=3477609_1 state=PENDING
[2026-09-06T07:38:44+08:00] WAIT olmo3_7b_think jid=3477609_2 state=PENDING
[2026-09-06T07:38:44+08:00] WAIT olmo3_7b_think jid=3477609_3 state=PENDING
[2026-09-06T07:38:44+08:00] WAIT olmo3_7b_think jid=3477609_4 state=PENDING
[2026-09-06T07:38:44+08:00] WAIT olmo3_7b_think jid=3477609_5 state=PENDING
[2026-09-06T07:38:44+08:00] WAIT olmo3_7b_think jid=3477609_6 state=PENDING
[2026-09-06T07:38:44+08:00] progress done=0/37 pending=37 failed=0
[2026-09-06T07:40:44+08:00] WAIT qwen3_1.7b jid=3477428 state=PENDING
[2026-09-06T07:40:44+08:00] WAIT qwen3_1.7b jid=3477429 state=PENDING
[2026-09-06T07:40:44+08:00] WAIT qwen3_1.7b jid=3477430 state=PENDING
[2026-09-06T07:40:44+08:00] WAIT olmo3_7b_think jid=3477431 state=PENDING
[2026-09-06T07:40:44+08:00] WAIT olmo3_7b_think jid=3477432 state=PENDING
[2026-09-06T07:40:44+08:00] WAIT olmo3_7b_think jid=3477433 state=PENDING
[2026-09-06T07:40:44+08:00] WAIT qwen3_4b_instruct jid=3477434 state=PENDING
[2026-09-06T07:40:44+08:00] WAIT qwen3_4b_instruct jid=3477435 state=PENDING
[2026-09-06T07:40:44+08:00] WAIT qwen3_4b_instruct jid=3477436 state=PENDING
[2026-09-06T07:40:44+08:00] WAIT qwen3_1.7b jid=3477606_0 state=PENDING
[2026-09-06T07:40:44+08:00] WAIT qwen3_1.7b jid=3477606_1 state=PENDING
[2026-09-06T07:40:44+08:00] WAIT qwen3_1.7b jid=3477606_2 state=PENDING
[2026-09-06T07:40:44+08:00] WAIT qwen3_1.7b jid=3477606_3 state=PENDING
[2026-09-06T07:40:44+08:00] WAIT qwen3_1.7b jid=3477606_4 state=PENDING
[2026-09-06T07:40:45+08:00] WAIT qwen3_1.7b jid=3477606_5 state=PENDING
[2026-09-06T07:40:45+08:00] WAIT qwen3_1.7b jid=3477606_6 state=PENDING
[2026-09-06T07:40:45+08:00] WAIT olmo3_7b_think jid=3477607_0 state=PENDING
[2026-09-06T07:40:45+08:00] WAIT olmo3_7b_think jid=3477607_1 state=PENDING
[2026-09-06T07:40:45+08:00] WAIT olmo3_7b_think jid=3477607_2 state=PENDING
[2026-09-06T07:40:45+08:00] WAIT olmo3_7b_think jid=3477607_3 state=PENDING
[2026-09-06T07:40:45+08:00] WAIT olmo3_7b_think jid=3477607_4 state=PENDING
[2026-09-06T07:40:45+08:00] WAIT olmo3_7b_think jid=3477607_5 state=PENDING
[2026-09-06T07:40:45+08:00] WAIT olmo3_7b_think jid=3477607_6 state=PENDING
[2026-09-06T07:40:45+08:00] WAIT qwen3_1.7b jid=3477608_0 state=PENDING
[2026-09-06T07:40:45+08:00] WAIT qwen3_1.7b jid=3477608_1 state=PENDING
[2026-09-06T07:40:45+08:00] WAIT qwen3_1.7b jid=3477608_2 state=PENDING
[2026-09-06T07:40:45+08:00] WAIT qwen3_1.7b jid=3477608_3 state=PENDING
[2026-09-06T07:40:45+08:00] WAIT qwen3_1.7b jid=3477608_4 state=PENDING
[2026-09-06T07:40:45+08:00] WAIT qwen3_1.7b jid=3477608_5 state=PENDING
[2026-09-06T07:40:45+08:00] WAIT qwen3_1.7b jid=3477608_6 state=PENDING
[2026-09-06T07:40:45+08:00] WAIT olmo3_7b_think jid=3477609_0 state=PENDING
[2026-09-06T07:40:45+08:00] WAIT olmo3_7b_think jid=3477609_1 state=PENDING
[2026-09-06T07:40:45+08:00] WAIT olmo3_7b_think jid=3477609_2 state=PENDING
[2026-09-06T07:40:45+08:00] WAIT olmo3_7b_think jid=3477609_3 state=PENDING
[2026-09-06T07:40:45+08:00] WAIT olmo3_7b_think jid=3477609_4 state=PENDING
[2026-09-06T07:40:45+08:00] WAIT olmo3_7b_think jid=3477609_5 state=PENDING
[2026-09-06T07:40:45+08:00] WAIT olmo3_7b_think jid=3477609_6 state=PENDING
[2026-09-06T07:40:45+08:00] progress done=0/37 pending=37 failed=0
[2026-09-06T07:42:45+08:00] WAIT qwen3_1.7b jid=3477428 state=PENDING
[2026-09-06T07:42:45+08:00] WAIT qwen3_1.7b jid=3477429 state=PENDING
[2026-09-06T07:42:45+08:00] WAIT qwen3_1.7b jid=3477430 state=PENDING
[2026-09-06T07:42:45+08:00] WAIT olmo3_7b_think jid=3477431 state=PENDING
[2026-09-06T07:42:45+08:00] WAIT olmo3_7b_think jid=3477432 state=PENDING
[2026-09-06T07:42:45+08:00] WAIT olmo3_7b_think jid=3477433 state=PENDING
[2026-09-06T07:42:45+08:00] WAIT qwen3_4b_instruct jid=3477434 state=PENDING
[2026-09-06T07:42:45+08:00] WAIT qwen3_4b_instruct jid=3477435 state=PENDING
[2026-09-06T07:42:45+08:00] WAIT qwen3_4b_instruct jid=3477436 state=PENDING
[2026-09-06T07:42:45+08:00] WAIT qwen3_1.7b jid=3477606_0 state=PENDING
[2026-09-06T07:42:45+08:00] WAIT qwen3_1.7b jid=3477606_1 state=PENDING
[2026-09-06T07:42:45+08:00] WAIT qwen3_1.7b jid=3477606_2 state=PENDING
[2026-09-06T07:42:45+08:00] WAIT qwen3_1.7b jid=3477606_3 state=PENDING
[2026-09-06T07:42:45+08:00] WAIT qwen3_1.7b jid=3477606_4 state=PENDING
[2026-09-06T07:42:45+08:00] WAIT qwen3_1.7b jid=3477606_5 state=PENDING
[2026-09-06T07:42:45+08:00] WAIT qwen3_1.7b jid=3477606_6 state=PENDING
[2026-09-06T07:42:45+08:00] WAIT olmo3_7b_think jid=3477607_0 state=PENDING
[2026-09-06T07:42:45+08:00] WAIT olmo3_7b_think jid=3477607_1 state=PENDING
[2026-09-06T07:42:45+08:00] WAIT olmo3_7b_think jid=3477607_2 state=PENDING
[2026-09-06T07:42:45+08:00] WAIT olmo3_7b_think jid=3477607_3 state=PENDING
[2026-09-06T07:42:45+08:00] WAIT olmo3_7b_think jid=3477607_4 state=PENDING
[2026-09-06T07:42:45+08:00] WAIT olmo3_7b_think jid=3477607_5 state=PENDING
[2026-09-06T07:42:45+08:00] WAIT olmo3_7b_think jid=3477607_6 state=PENDING
[2026-09-06T07:42:45+08:00] WAIT qwen3_1.7b jid=3477608_0 state=PENDING
[2026-09-06T07:42:45+08:00] WAIT qwen3_1.7b jid=3477608_1 state=PENDING
[2026-09-06T07:42:45+08:00] WAIT qwen3_1.7b jid=3477608_2 state=PENDING
[2026-09-06T07:42:45+08:00] WAIT qwen3_1.7b jid=3477608_3 state=PENDING
[2026-09-06T07:42:45+08:00] WAIT qwen3_1.7b jid=3477608_4 state=PENDING
[2026-09-06T07:42:45+08:00] WAIT qwen3_1.7b jid=3477608_5 state=PENDING
[2026-09-06T07:42:45+08:00] WAIT qwen3_1.7b jid=3477608_6 state=PENDING
[2026-09-06T07:42:45+08:00] WAIT olmo3_7b_think jid=3477609_0 state=PENDING
[2026-09-06T07:42:45+08:00] WAIT olmo3_7b_think jid=3477609_1 state=PENDING
[2026-09-06T07:42:45+08:00] WAIT olmo3_7b_think jid=3477609_2 state=PENDING
[2026-09-06T07:42:45+08:00] WAIT olmo3_7b_think jid=3477609_3 state=PENDING
[2026-09-06T07:42:45+08:00] WAIT olmo3_7b_think jid=3477609_4 state=PENDING
[2026-09-06T07:42:45+08:00] WAIT olmo3_7b_think jid=3477609_5 state=PENDING
[2026-09-06T07:42:45+08:00] WAIT olmo3_7b_think jid=3477609_6 state=PENDING
[2026-09-06T07:42:45+08:00] progress done=0/37 pending=37 failed=0
[2026-09-06T07:44:45+08:00] WAIT qwen3_1.7b jid=3477428 state=PENDING
[2026-09-06T07:44:45+08:00] WAIT qwen3_1.7b jid=3477429 state=PENDING
[2026-09-06T07:44:45+08:00] WAIT qwen3_1.7b jid=3477430 state=PENDING
[2026-09-06T07:44:45+08:00] WAIT olmo3_7b_think jid=3477431 state=PENDING
[2026-09-06T07:44:45+08:00] WAIT olmo3_7b_think jid=3477432 state=PENDING
[2026-09-06T07:44:45+08:00] WAIT olmo3_7b_think jid=3477433 state=PENDING
[2026-09-06T07:44:45+08:00] WAIT qwen3_4b_instruct jid=3477434 state=PENDING
[2026-09-06T07:44:45+08:00] WAIT qwen3_4b_instruct jid=3477435 state=PENDING
[2026-09-06T07:44:45+08:00] WAIT qwen3_4b_instruct jid=3477436 state=PENDING
[2026-09-06T07:44:45+08:00] WAIT qwen3_1.7b jid=3477606_0 state=PENDING
[2026-09-06T07:44:45+08:00] WAIT qwen3_1.7b jid=3477606_1 state=PENDING
[2026-09-06T07:44:45+08:00] WAIT qwen3_1.7b jid=3477606_2 state=PENDING
[2026-09-06T07:44:45+08:00] WAIT qwen3_1.7b jid=3477606_3 state=PENDING
[2026-09-06T07:44:45+08:00] WAIT qwen3_1.7b jid=3477606_4 state=PENDING
[2026-09-06T07:44:45+08:00] WAIT qwen3_1.7b jid=3477606_5 state=PENDING
[2026-09-06T07:44:45+08:00] WAIT qwen3_1.7b jid=3477606_6 state=PENDING
[2026-09-06T07:44:45+08:00] WAIT olmo3_7b_think jid=3477607_0 state=PENDING
[2026-09-06T07:44:45+08:00] WAIT olmo3_7b_think jid=3477607_1 state=PENDING
[2026-09-06T07:44:45+08:00] WAIT olmo3_7b_think jid=3477607_2 state=PENDING
[2026-09-06T07:44:45+08:00] WAIT olmo3_7b_think jid=3477607_3 state=PENDING
[2026-09-06T07:44:45+08:00] WAIT olmo3_7b_think jid=3477607_4 state=PENDING
[2026-09-06T07:44:45+08:00] WAIT olmo3_7b_think jid=3477607_5 state=PENDING
[2026-09-06T07:44:45+08:00] WAIT olmo3_7b_think jid=3477607_6 state=PENDING
[2026-09-06T07:44:45+08:00] WAIT qwen3_1.7b jid=3477608_0 state=PENDING
[2026-09-06T07:44:45+08:00] WAIT qwen3_1.7b jid=3477608_1 state=PENDING
[2026-09-06T07:44:45+08:00] WAIT qwen3_1.7b jid=3477608_2 state=PENDING
[2026-09-06T07:44:45+08:00] WAIT qwen3_1.7b jid=3477608_3 state=PENDING
[2026-09-06T07:44:45+08:00] WAIT qwen3_1.7b jid=3477608_4 state=PENDING
[2026-09-06T07:44:45+08:00] WAIT qwen3_1.7b jid=3477608_5 state=PENDING
[2026-09-06T07:44:45+08:00] WAIT qwen3_1.7b jid=3477608_6 state=PENDING
[2026-09-06T07:44:45+08:00] WAIT olmo3_7b_think jid=3477609_0 state=PENDING
[2026-09-06T07:44:45+08:00] WAIT olmo3_7b_think jid=3477609_1 state=PENDING
[2026-09-06T07:44:45+08:00] WAIT olmo3_7b_think jid=3477609_2 state=PENDING
[2026-09-06T07:44:45+08:00] WAIT olmo3_7b_think jid=3477609_3 state=PENDING
[2026-09-06T07:44:45+08:00] WAIT olmo3_7b_think jid=3477609_4 state=PENDING
[2026-09-06T07:44:45+08:00] WAIT olmo3_7b_think jid=3477609_5 state=PENDING
[2026-09-06T07:44:46+08:00] WAIT olmo3_7b_think jid=3477609_6 state=PENDING
[2026-09-06T07:44:46+08:00] progress done=0/37 pending=37 failed=0
[2026-09-06T07:46:46+08:00] WAIT qwen3_1.7b jid=3477428 state=PENDING
[2026-09-06T07:46:46+08:00] WAIT qwen3_1.7b jid=3477429 state=PENDING
[2026-09-06T07:46:46+08:00] WAIT qwen3_1.7b jid=3477430 state=PENDING
[2026-09-06T07:46:46+08:00] WAIT olmo3_7b_think jid=3477431 state=PENDING
[2026-09-06T07:46:46+08:00] WAIT olmo3_7b_think jid=3477432 state=PENDING
[2026-09-06T07:46:46+08:00] WAIT olmo3_7b_think jid=3477433 state=PENDING
[2026-09-06T07:46:46+08:00] WAIT qwen3_4b_instruct jid=3477434 state=PENDING
[2026-09-06T07:46:46+08:00] WAIT qwen3_4b_instruct jid=3477435 state=PENDING
[2026-09-06T07:46:46+08:00] WAIT qwen3_4b_instruct jid=3477436 state=PENDING
[2026-09-06T07:46:46+08:00] WAIT qwen3_1.7b jid=3477606_0 state=PENDING
[2026-09-06T07:46:46+08:00] WAIT qwen3_1.7b jid=3477606_1 state=PENDING
[2026-09-06T07:46:46+08:00] WAIT qwen3_1.7b jid=3477606_2 state=PENDING
[2026-09-06T07:46:46+08:00] WAIT qwen3_1.7b jid=3477606_3 state=PENDING
[2026-09-06T07:46:46+08:00] WAIT qwen3_1.7b jid=3477606_4 state=PENDING
[2026-09-06T07:46:46+08:00] WAIT qwen3_1.7b jid=3477606_5 state=PENDING
[2026-09-06T07:46:46+08:00] WAIT qwen3_1.7b jid=3477606_6 state=PENDING
[2026-09-06T07:46:46+08:00] WAIT olmo3_7b_think jid=3477607_0 state=PENDING
[2026-09-06T07:46:46+08:00] WAIT olmo3_7b_think jid=3477607_1 state=PENDING
[2026-09-06T07:46:46+08:00] WAIT olmo3_7b_think jid=3477607_2 state=PENDING
[2026-09-06T07:46:46+08:00] WAIT olmo3_7b_think jid=3477607_3 state=PENDING
[2026-09-06T07:46:46+08:00] WAIT olmo3_7b_think jid=3477607_4 state=PENDING
[2026-09-06T07:46:46+08:00] WAIT olmo3_7b_think jid=3477607_5 state=PENDING
[2026-09-06T07:46:46+08:00] WAIT olmo3_7b_think jid=3477607_6 state=PENDING
[2026-09-06T07:46:46+08:00] WAIT qwen3_1.7b jid=3477608_0 state=PENDING
[2026-09-06T07:46:46+08:00] WAIT qwen3_1.7b jid=3477608_1 state=PENDING
[2026-09-06T07:46:46+08:00] WAIT qwen3_1.7b jid=3477608_2 state=PENDING
[2026-09-06T07:46:46+08:00] WAIT qwen3_1.7b jid=3477608_3 state=PENDING
[2026-09-06T07:46:46+08:00] WAIT qwen3_1.7b jid=3477608_4 state=PENDING
[2026-09-06T07:46:46+08:00] WAIT qwen3_1.7b jid=3477608_5 state=PENDING
[2026-09-06T07:46:46+08:00] WAIT qwen3_1.7b jid=3477608_6 state=PENDING
[2026-09-06T07:46:46+08:00] WAIT olmo3_7b_think jid=3477609_0 state=PENDING
[2026-09-06T07:46:46+08:00] WAIT olmo3_7b_think jid=3477609_1 state=PENDING
[2026-09-06T07:46:46+08:00] WAIT olmo3_7b_think jid=3477609_2 state=PENDING
[2026-09-06T07:46:46+08:00] WAIT olmo3_7b_think jid=3477609_3 state=PENDING
[2026-09-06T07:46:46+08:00] WAIT olmo3_7b_think jid=3477609_4 state=PENDING
[2026-09-06T07:46:46+08:00] WAIT olmo3_7b_think jid=3477609_5 state=PENDING
[2026-09-06T07:46:46+08:00] WAIT olmo3_7b_think jid=3477609_6 state=PENDING
[2026-09-06T07:46:46+08:00] progress done=0/37 pending=37 failed=0
[2026-09-06T07:48:46+08:00] WAIT qwen3_1.7b jid=3477428 state=PENDING
[2026-09-06T07:48:46+08:00] WAIT qwen3_1.7b jid=3477429 state=PENDING
[2026-09-06T07:48:46+08:00] WAIT qwen3_1.7b jid=3477430 state=PENDING
[2026-09-06T07:48:46+08:00] WAIT olmo3_7b_think jid=3477431 state=PENDING
[2026-09-06T07:48:46+08:00] WAIT olmo3_7b_think jid=3477432 state=PENDING
[2026-09-06T07:48:46+08:00] WAIT olmo3_7b_think jid=3477433 state=PENDING
[2026-09-06T07:48:46+08:00] WAIT qwen3_4b_instruct jid=3477434 state=PENDING
[2026-09-06T07:48:46+08:00] WAIT qwen3_4b_instruct jid=3477435 state=PENDING
[2026-09-06T07:48:46+08:00] WAIT qwen3_4b_instruct jid=3477436 state=PENDING
[2026-09-06T07:48:46+08:00] WAIT qwen3_1.7b jid=3477606_0 state=PENDING
[2026-09-06T07:48:46+08:00] WAIT qwen3_1.7b jid=3477606_1 state=PENDING
[2026-09-06T07:48:46+08:00] WAIT qwen3_1.7b jid=3477606_2 state=PENDING
[2026-09-06T07:48:46+08:00] WAIT qwen3_1.7b jid=3477606_3 state=PENDING
[2026-09-06T07:48:46+08:00] WAIT qwen3_1.7b jid=3477606_4 state=PENDING
[2026-09-06T07:48:46+08:00] WAIT qwen3_1.7b jid=3477606_5 state=PENDING
[2026-09-06T07:48:46+08:00] WAIT qwen3_1.7b jid=3477606_6 state=PENDING
[2026-09-06T07:48:46+08:00] WAIT olmo3_7b_think jid=3477607_0 state=PENDING
[2026-09-06T07:48:46+08:00] WAIT olmo3_7b_think jid=3477607_1 state=PENDING
[2026-09-06T07:48:46+08:00] WAIT olmo3_7b_think jid=3477607_2 state=PENDING
[2026-09-06T07:48:46+08:00] WAIT olmo3_7b_think jid=3477607_3 state=PENDING
[2026-09-06T07:48:46+08:00] WAIT olmo3_7b_think jid=3477607_4 state=PENDING
[2026-09-06T07:48:46+08:00] WAIT olmo3_7b_think jid=3477607_5 state=PENDING
[2026-09-06T07:48:46+08:00] WAIT olmo3_7b_think jid=3477607_6 state=PENDING
[2026-09-06T07:48:46+08:00] WAIT qwen3_1.7b jid=3477608_0 state=PENDING
[2026-09-06T07:48:46+08:00] WAIT qwen3_1.7b jid=3477608_1 state=PENDING
[2026-09-06T07:48:46+08:00] WAIT qwen3_1.7b jid=3477608_2 state=PENDING
[2026-09-06T07:48:46+08:00] WAIT qwen3_1.7b jid=3477608_3 state=PENDING
[2026-09-06T07:48:46+08:00] WAIT qwen3_1.7b jid=3477608_4 state=PENDING
[2026-09-06T07:48:46+08:00] WAIT qwen3_1.7b jid=3477608_5 state=PENDING
[2026-09-06T07:48:46+08:00] WAIT qwen3_1.7b jid=3477608_6 state=PENDING
[2026-09-06T07:48:46+08:00] WAIT olmo3_7b_think jid=3477609_0 state=PENDING
[2026-09-06T07:48:46+08:00] WAIT olmo3_7b_think jid=3477609_1 state=PENDING
[2026-09-06T07:48:46+08:00] WAIT olmo3_7b_think jid=3477609_2 state=PENDING
[2026-09-06T07:48:46+08:00] WAIT olmo3_7b_think jid=3477609_3 state=PENDING
[2026-09-06T07:48:46+08:00] WAIT olmo3_7b_think jid=3477609_4 state=PENDING
[2026-09-06T07:48:46+08:00] WAIT olmo3_7b_think jid=3477609_5 state=PENDING
[2026-09-06T07:48:46+08:00] WAIT olmo3_7b_think jid=3477609_6 state=PENDING
[2026-09-06T07:48:46+08:00] progress done=0/37 pending=37 failed=0
[2026-09-06T07:50:46+08:00] WAIT qwen3_1.7b jid=3477428 state=PENDING
[2026-09-06T07:50:46+08:00] WAIT qwen3_1.7b jid=3477429 state=PENDING
[2026-09-06T07:50:46+08:00] WAIT qwen3_1.7b jid=3477430 state=PENDING
[2026-09-06T07:50:46+08:00] WAIT olmo3_7b_think jid=3477431 state=PENDING
[2026-09-06T07:50:46+08:00] WAIT olmo3_7b_think jid=3477432 state=PENDING
[2026-09-06T07:50:46+08:00] WAIT olmo3_7b_think jid=3477433 state=PENDING
[2026-09-06T07:50:46+08:00] WAIT qwen3_4b_instruct jid=3477434 state=PENDING
[2026-09-06T07:50:46+08:00] WAIT qwen3_4b_instruct jid=3477435 state=PENDING
[2026-09-06T07:50:46+08:00] WAIT qwen3_4b_instruct jid=3477436 state=PENDING
[2026-09-06T07:50:46+08:00] WAIT qwen3_1.7b jid=3477606_0 state=PENDING
[2026-09-06T07:50:46+08:00] WAIT qwen3_1.7b jid=3477606_1 state=PENDING
[2026-09-06T07:50:46+08:00] WAIT qwen3_1.7b jid=3477606_2 state=PENDING
[2026-09-06T07:50:46+08:00] WAIT qwen3_1.7b jid=3477606_3 state=PENDING
[2026-09-06T07:50:46+08:00] WAIT qwen3_1.7b jid=3477606_4 state=PENDING
[2026-09-06T07:50:46+08:00] WAIT qwen3_1.7b jid=3477606_5 state=PENDING
[2026-09-06T07:50:46+08:00] WAIT qwen3_1.7b jid=3477606_6 state=PENDING
[2026-09-06T07:50:46+08:00] WAIT olmo3_7b_think jid=3477607_0 state=PENDING
[2026-09-06T07:50:46+08:00] WAIT olmo3_7b_think jid=3477607_1 state=PENDING
[2026-09-06T07:50:46+08:00] WAIT olmo3_7b_think jid=3477607_2 state=PENDING
[2026-09-06T07:50:46+08:00] WAIT olmo3_7b_think jid=3477607_3 state=PENDING
[2026-09-06T07:50:46+08:00] WAIT olmo3_7b_think jid=3477607_4 state=PENDING
[2026-09-06T07:50:47+08:00] WAIT olmo3_7b_think jid=3477607_5 state=PENDING
[2026-09-06T07:50:47+08:00] WAIT olmo3_7b_think jid=3477607_6 state=PENDING
[2026-09-06T07:50:47+08:00] WAIT qwen3_1.7b jid=3477608_0 state=PENDING
[2026-09-06T07:50:47+08:00] WAIT qwen3_1.7b jid=3477608_1 state=PENDING
[2026-09-06T07:50:47+08:00] WAIT qwen3_1.7b jid=3477608_2 state=PENDING
[2026-09-06T07:50:47+08:00] WAIT qwen3_1.7b jid=3477608_3 state=PENDING
[2026-09-06T07:50:47+08:00] WAIT qwen3_1.7b jid=3477608_4 state=PENDING
[2026-09-06T07:50:47+08:00] WAIT qwen3_1.7b jid=3477608_5 state=PENDING
[2026-09-06T07:50:47+08:00] WAIT qwen3_1.7b jid=3477608_6 state=PENDING
[2026-09-06T07:50:47+08:00] WAIT olmo3_7b_think jid=3477609_0 state=PENDING
[2026-09-06T07:50:47+08:00] WAIT olmo3_7b_think jid=3477609_1 state=PENDING
[2026-09-06T07:50:47+08:00] WAIT olmo3_7b_think jid=3477609_2 state=PENDING
[2026-09-06T07:50:47+08:00] WAIT olmo3_7b_think jid=3477609_3 state=PENDING
[2026-09-06T07:50:47+08:00] WAIT olmo3_7b_think jid=3477609_4 state=PENDING
[2026-09-06T07:50:47+08:00] WAIT olmo3_7b_think jid=3477609_5 state=PENDING
[2026-09-06T07:50:47+08:00] WAIT olmo3_7b_think jid=3477609_6 state=PENDING
[2026-09-06T07:50:47+08:00] progress done=0/37 pending=37 failed=0
[2026-09-06T07:52:47+08:00] WAIT qwen3_1.7b jid=3477428 state=PENDING
[2026-09-06T07:52:47+08:00] WAIT qwen3_1.7b jid=3477429 state=PENDING
[2026-09-06T07:52:47+08:00] WAIT qwen3_1.7b jid=3477430 state=PENDING
[2026-09-06T07:52:47+08:00] WAIT olmo3_7b_think jid=3477431 state=PENDING
[2026-09-06T07:52:47+08:00] WAIT olmo3_7b_think jid=3477432 state=PENDING
[2026-09-06T07:52:47+08:00] WAIT olmo3_7b_think jid=3477433 state=PENDING
[2026-09-06T07:52:47+08:00] WAIT qwen3_4b_instruct jid=3477434 state=PENDING
[2026-09-06T07:52:47+08:00] WAIT qwen3_4b_instruct jid=3477435 state=PENDING
[2026-09-06T07:52:47+08:00] WAIT qwen3_4b_instruct jid=3477436 state=PENDING
[2026-09-06T07:52:47+08:00] WAIT qwen3_1.7b jid=3477606_0 state=PENDING
[2026-09-06T07:52:47+08:00] WAIT qwen3_1.7b jid=3477606_1 state=PENDING
[2026-09-06T07:52:47+08:00] WAIT qwen3_1.7b jid=3477606_2 state=PENDING
[2026-09-06T07:52:47+08:00] WAIT qwen3_1.7b jid=3477606_3 state=PENDING
[2026-09-06T07:52:47+08:00] WAIT qwen3_1.7b jid=3477606_4 state=PENDING
[2026-09-06T07:52:47+08:00] WAIT qwen3_1.7b jid=3477606_5 state=PENDING
[2026-09-06T07:52:47+08:00] WAIT qwen3_1.7b jid=3477606_6 state=PENDING
[2026-09-06T07:52:47+08:00] WAIT olmo3_7b_think jid=3477607_0 state=PENDING
[2026-09-06T07:52:47+08:00] WAIT olmo3_7b_think jid=3477607_1 state=PENDING
[2026-09-06T07:52:47+08:00] WAIT olmo3_7b_think jid=3477607_2 state=PENDING
[2026-09-06T07:52:47+08:00] WAIT olmo3_7b_think jid=3477607_3 state=PENDING
[2026-09-06T07:52:47+08:00] WAIT olmo3_7b_think jid=3477607_4 state=PENDING
[2026-09-06T07:52:47+08:00] WAIT olmo3_7b_think jid=3477607_5 state=PENDING
[2026-09-06T07:52:47+08:00] WAIT olmo3_7b_think jid=3477607_6 state=PENDING
[2026-09-06T07:52:47+08:00] WAIT qwen3_1.7b jid=3477608_0 state=PENDING
[2026-09-06T07:52:47+08:00] WAIT qwen3_1.7b jid=3477608_1 state=PENDING
[2026-09-06T07:52:47+08:00] WAIT qwen3_1.7b jid=3477608_2 state=PENDING
[2026-09-06T07:52:47+08:00] WAIT qwen3_1.7b jid=3477608_3 state=PENDING
[2026-09-06T07:52:47+08:00] WAIT qwen3_1.7b jid=3477608_4 state=PENDING
[2026-09-06T07:52:47+08:00] WAIT qwen3_1.7b jid=3477608_5 state=PENDING
[2026-09-06T07:52:47+08:00] WAIT qwen3_1.7b jid=3477608_6 state=PENDING
[2026-09-06T07:52:47+08:00] WAIT olmo3_7b_think jid=3477609_0 state=PENDING
[2026-09-06T07:52:47+08:00] WAIT olmo3_7b_think jid=3477609_1 state=PENDING
[2026-09-06T07:52:47+08:00] WAIT olmo3_7b_think jid=3477609_2 state=PENDING
[2026-09-06T07:52:47+08:00] WAIT olmo3_7b_think jid=3477609_3 state=PENDING
[2026-09-06T07:52:47+08:00] WAIT olmo3_7b_think jid=3477609_4 state=PENDING
[2026-09-06T07:52:47+08:00] WAIT olmo3_7b_think jid=3477609_5 state=PENDING
[2026-09-06T07:52:47+08:00] WAIT olmo3_7b_think jid=3477609_6 state=PENDING
[2026-09-06T07:52:47+08:00] progress done=0/37 pending=37 failed=0
[2026-09-06T07:54:47+08:00] WAIT qwen3_1.7b jid=3477428 state=PENDING
[2026-09-06T07:54:47+08:00] WAIT qwen3_1.7b jid=3477429 state=PENDING
[2026-09-06T07:54:47+08:00] WAIT qwen3_1.7b jid=3477430 state=PENDING
[2026-09-06T07:54:47+08:00] WAIT olmo3_7b_think jid=3477431 state=PENDING
[2026-09-06T07:54:47+08:00] WAIT olmo3_7b_think jid=3477432 state=PENDING
[2026-09-06T07:54:47+08:00] WAIT olmo3_7b_think jid=3477433 state=PENDING
[2026-09-06T07:54:47+08:00] WAIT qwen3_4b_instruct jid=3477434 state=PENDING
[2026-09-06T07:54:47+08:00] WAIT qwen3_4b_instruct jid=3477435 state=PENDING
[2026-09-06T07:54:47+08:00] WAIT qwen3_4b_instruct jid=3477436 state=PENDING
[2026-09-06T07:54:47+08:00] WAIT qwen3_1.7b jid=3477606_0 state=PENDING
[2026-09-06T07:54:47+08:00] WAIT qwen3_1.7b jid=3477606_1 state=PENDING
[2026-09-06T07:54:47+08:00] WAIT qwen3_1.7b jid=3477606_2 state=PENDING
[2026-09-06T07:54:47+08:00] WAIT qwen3_1.7b jid=3477606_3 state=PENDING
[2026-09-06T07:54:47+08:00] WAIT qwen3_1.7b jid=3477606_4 state=PENDING
[2026-09-06T07:54:47+08:00] WAIT qwen3_1.7b jid=3477606_5 state=PENDING
[2026-09-06T07:54:47+08:00] WAIT qwen3_1.7b jid=3477606_6 state=PENDING
[2026-09-06T07:54:47+08:00] WAIT olmo3_7b_think jid=3477607_0 state=PENDING
[2026-09-06T07:54:47+08:00] WAIT olmo3_7b_think jid=3477607_1 state=PENDING
[2026-09-06T07:54:47+08:00] WAIT olmo3_7b_think jid=3477607_2 state=PENDING
[2026-09-06T07:54:47+08:00] WAIT olmo3_7b_think jid=3477607_3 state=PENDING
[2026-09-06T07:54:47+08:00] WAIT olmo3_7b_think jid=3477607_4 state=PENDING
[2026-09-06T07:54:47+08:00] WAIT olmo3_7b_think jid=3477607_5 state=PENDING
[2026-09-06T07:54:47+08:00] WAIT olmo3_7b_think jid=3477607_6 state=PENDING
[2026-09-06T07:54:47+08:00] WAIT qwen3_1.7b jid=3477608_0 state=PENDING
[2026-09-06T07:54:47+08:00] WAIT qwen3_1.7b jid=3477608_1 state=PENDING
[2026-09-06T07:54:47+08:00] WAIT qwen3_1.7b jid=3477608_2 state=PENDING
[2026-09-06T07:54:47+08:00] WAIT qwen3_1.7b jid=3477608_3 state=PENDING
[2026-09-06T07:54:47+08:00] WAIT qwen3_1.7b jid=3477608_4 state=PENDING
[2026-09-06T07:54:47+08:00] WAIT qwen3_1.7b jid=3477608_5 state=PENDING
[2026-09-06T07:54:47+08:00] WAIT qwen3_1.7b jid=3477608_6 state=PENDING
[2026-09-06T07:54:47+08:00] WAIT olmo3_7b_think jid=3477609_0 state=PENDING
[2026-09-06T07:54:47+08:00] WAIT olmo3_7b_think jid=3477609_1 state=PENDING
[2026-09-06T07:54:47+08:00] WAIT olmo3_7b_think jid=3477609_2 state=PENDING
[2026-09-06T07:54:47+08:00] WAIT olmo3_7b_think jid=3477609_3 state=PENDING
[2026-09-06T07:54:47+08:00] WAIT olmo3_7b_think jid=3477609_4 state=PENDING
[2026-09-06T07:54:47+08:00] WAIT olmo3_7b_think jid=3477609_5 state=PENDING
[2026-09-06T07:54:47+08:00] WAIT olmo3_7b_think jid=3477609_6 state=PENDING
[2026-09-06T07:54:47+08:00] progress done=0/37 pending=37 failed=0
[2026-09-06T07:56:47+08:00] WAIT qwen3_1.7b jid=3477428 state=PENDING
[2026-09-06T07:56:47+08:00] WAIT qwen3_1.7b jid=3477429 state=PENDING
[2026-09-06T07:56:47+08:00] WAIT qwen3_1.7b jid=3477430 state=PENDING
[2026-09-06T07:56:47+08:00] WAIT olmo3_7b_think jid=3477431 state=PENDING
[2026-09-06T07:56:47+08:00] WAIT olmo3_7b_think jid=3477432 state=PENDING
[2026-09-06T07:56:47+08:00] WAIT olmo3_7b_think jid=3477433 state=PENDING
[2026-09-06T07:56:47+08:00] WAIT qwen3_4b_instruct jid=3477434 state=PENDING
[2026-09-06T07:56:48+08:00] WAIT qwen3_4b_instruct jid=3477435 state=PENDING
[2026-09-06T07:56:48+08:00] WAIT qwen3_4b_instruct jid=3477436 state=PENDING
[2026-09-06T07:56:48+08:00] WAIT qwen3_1.7b jid=3477606_0 state=PENDING
[2026-09-06T07:56:48+08:00] WAIT qwen3_1.7b jid=3477606_1 state=PENDING
[2026-09-06T07:56:48+08:00] WAIT qwen3_1.7b jid=3477606_2 state=PENDING
[2026-09-06T07:56:48+08:00] WAIT qwen3_1.7b jid=3477606_3 state=PENDING
[2026-09-06T07:56:48+08:00] WAIT qwen3_1.7b jid=3477606_4 state=PENDING
[2026-09-06T07:56:48+08:00] WAIT qwen3_1.7b jid=3477606_5 state=PENDING
[2026-09-06T07:56:48+08:00] WAIT qwen3_1.7b jid=3477606_6 state=PENDING
[2026-09-06T07:56:48+08:00] WAIT olmo3_7b_think jid=3477607_0 state=PENDING
[2026-09-06T07:56:48+08:00] WAIT olmo3_7b_think jid=3477607_1 state=PENDING
[2026-09-06T07:56:48+08:00] WAIT olmo3_7b_think jid=3477607_2 state=PENDING
[2026-09-06T07:56:48+08:00] WAIT olmo3_7b_think jid=3477607_3 state=PENDING
[2026-09-06T07:56:48+08:00] WAIT olmo3_7b_think jid=3477607_4 state=PENDING
[2026-09-06T07:56:48+08:00] WAIT olmo3_7b_think jid=3477607_5 state=PENDING
[2026-09-06T07:56:48+08:00] WAIT olmo3_7b_think jid=3477607_6 state=PENDING
[2026-09-06T07:56:48+08:00] WAIT qwen3_1.7b jid=3477608_0 state=PENDING
[2026-09-06T07:56:48+08:00] WAIT qwen3_1.7b jid=3477608_1 state=PENDING
[2026-09-06T07:56:48+08:00] WAIT qwen3_1.7b jid=3477608_2 state=PENDING
[2026-09-06T07:56:48+08:00] WAIT qwen3_1.7b jid=3477608_3 state=PENDING
[2026-09-06T07:56:48+08:00] WAIT qwen3_1.7b jid=3477608_4 state=PENDING
[2026-09-06T07:56:48+08:00] WAIT qwen3_1.7b jid=3477608_5 state=PENDING
[2026-09-06T07:56:48+08:00] WAIT qwen3_1.7b jid=3477608_6 state=PENDING
[2026-09-06T07:56:48+08:00] WAIT olmo3_7b_think jid=3477609_0 state=PENDING
[2026-09-06T07:56:48+08:00] WAIT olmo3_7b_think jid=3477609_1 state=PENDING
[2026-09-06T07:56:48+08:00] WAIT olmo3_7b_think jid=3477609_2 state=PENDING
[2026-09-06T07:56:48+08:00] WAIT olmo3_7b_think jid=3477609_3 state=PENDING
[2026-09-06T07:56:48+08:00] WAIT olmo3_7b_think jid=3477609_4 state=PENDING
[2026-09-06T07:56:48+08:00] WAIT olmo3_7b_think jid=3477609_5 state=PENDING
[2026-09-06T07:56:48+08:00] WAIT olmo3_7b_think jid=3477609_6 state=PENDING
[2026-09-06T07:56:48+08:00] progress done=0/37 pending=37 failed=0
[2026-09-06T07:58:48+08:00] WAIT qwen3_1.7b jid=3477428 state=PENDING
[2026-09-06T07:58:48+08:00] WAIT qwen3_1.7b jid=3477429 state=PENDING
[2026-09-06T07:58:48+08:00] WAIT qwen3_1.7b jid=3477430 state=PENDING
[2026-09-06T07:58:48+08:00] WAIT olmo3_7b_think jid=3477431 state=PENDING
[2026-09-06T07:58:48+08:00] WAIT olmo3_7b_think jid=3477432 state=PENDING
[2026-09-06T07:58:48+08:00] WAIT olmo3_7b_think jid=3477433 state=PENDING
[2026-09-06T07:58:48+08:00] WAIT qwen3_4b_instruct jid=3477434 state=PENDING
[2026-09-06T07:58:48+08:00] WAIT qwen3_4b_instruct jid=3477435 state=PENDING
[2026-09-06T07:58:48+08:00] WAIT qwen3_4b_instruct jid=3477436 state=PENDING
[2026-09-06T07:58:48+08:00] WAIT qwen3_1.7b jid=3477606_0 state=PENDING
[2026-09-06T07:58:48+08:00] WAIT qwen3_1.7b jid=3477606_1 state=PENDING
[2026-09-06T07:58:48+08:00] WAIT qwen3_1.7b jid=3477606_2 state=PENDING
[2026-09-06T07:58:48+08:00] WAIT qwen3_1.7b jid=3477606_3 state=PENDING
[2026-09-06T07:58:48+08:00] WAIT qwen3_1.7b jid=3477606_4 state=PENDING
[2026-09-06T07:58:48+08:00] WAIT qwen3_1.7b jid=3477606_5 state=PENDING
[2026-09-06T07:58:48+08:00] WAIT qwen3_1.7b jid=3477606_6 state=PENDING
[2026-09-06T07:58:48+08:00] WAIT olmo3_7b_think jid=3477607_0 state=PENDING
[2026-09-06T07:58:48+08:00] WAIT olmo3_7b_think jid=3477607_1 state=PENDING
[2026-09-06T07:58:48+08:00] WAIT olmo3_7b_think jid=3477607_2 state=PENDING
[2026-09-06T07:58:48+08:00] WAIT olmo3_7b_think jid=3477607_3 state=PENDING
[2026-09-06T07:58:48+08:00] WAIT olmo3_7b_think jid=3477607_4 state=PENDING
[2026-09-06T07:58:48+08:00] WAIT olmo3_7b_think jid=3477607_5 state=PENDING
[2026-09-06T07:58:48+08:00] WAIT olmo3_7b_think jid=3477607_6 state=PENDING
[2026-09-06T07:58:48+08:00] WAIT qwen3_1.7b jid=3477608_0 state=PENDING
[2026-09-06T07:58:48+08:00] WAIT qwen3_1.7b jid=3477608_1 state=PENDING
[2026-09-06T07:58:48+08:00] WAIT qwen3_1.7b jid=3477608_2 state=PENDING
[2026-09-06T07:58:48+08:00] WAIT qwen3_1.7b jid=3477608_3 state=PENDING
[2026-09-06T07:58:48+08:00] WAIT qwen3_1.7b jid=3477608_4 state=PENDING
[2026-09-06T07:58:48+08:00] WAIT qwen3_1.7b jid=3477608_5 state=PENDING
[2026-09-06T07:58:48+08:00] WAIT qwen3_1.7b jid=3477608_6 state=PENDING
[2026-09-06T07:58:48+08:00] WAIT olmo3_7b_think jid=3477609_0 state=PENDING
[2026-09-06T07:58:48+08:00] WAIT olmo3_7b_think jid=3477609_1 state=PENDING
[2026-09-06T07:58:48+08:00] WAIT olmo3_7b_think jid=3477609_2 state=PENDING
[2026-09-06T07:58:48+08:00] WAIT olmo3_7b_think jid=3477609_3 state=PENDING
[2026-09-06T07:58:48+08:00] WAIT olmo3_7b_think jid=3477609_4 state=PENDING
[2026-09-06T07:58:48+08:00] WAIT olmo3_7b_think jid=3477609_5 state=PENDING
[2026-09-06T07:58:48+08:00] WAIT olmo3_7b_think jid=3477609_6 state=PENDING
[2026-09-06T07:58:48+08:00] progress done=0/37 pending=37 failed=0
[2026-09-06T08:00:48+08:00] WAIT qwen3_1.7b jid=3477428 state=PENDING
[2026-09-06T08:00:48+08:00] WAIT qwen3_1.7b jid=3477429 state=PENDING
[2026-09-06T08:00:48+08:00] WAIT qwen3_1.7b jid=3477430 state=PENDING
[2026-09-06T08:00:48+08:00] WAIT olmo3_7b_think jid=3477431 state=PENDING
[2026-09-06T08:00:48+08:00] WAIT olmo3_7b_think jid=3477432 state=PENDING
[2026-09-06T08:00:48+08:00] WAIT olmo3_7b_think jid=3477433 state=PENDING
[2026-09-06T08:00:48+08:00] WAIT qwen3_4b_instruct jid=3477434 state=PENDING
[2026-09-06T08:00:48+08:00] WAIT qwen3_4b_instruct jid=3477435 state=PENDING
[2026-09-06T08:00:48+08:00] WAIT qwen3_4b_instruct jid=3477436 state=PENDING
[2026-09-06T08:00:48+08:00] WAIT qwen3_1.7b jid=3477606_0 state=PENDING
[2026-09-06T08:00:48+08:00] WAIT qwen3_1.7b jid=3477606_1 state=PENDING
[2026-09-06T08:00:48+08:00] WAIT qwen3_1.7b jid=3477606_2 state=PENDING
[2026-09-06T08:00:48+08:00] WAIT qwen3_1.7b jid=3477606_3 state=PENDING
[2026-09-06T08:00:48+08:00] WAIT qwen3_1.7b jid=3477606_4 state=PENDING
[2026-09-06T08:00:48+08:00] WAIT qwen3_1.7b jid=3477606_5 state=PENDING
[2026-09-06T08:00:48+08:00] WAIT qwen3_1.7b jid=3477606_6 state=PENDING
[2026-09-06T08:00:48+08:00] WAIT olmo3_7b_think jid=3477607_0 state=PENDING
[2026-09-06T08:00:48+08:00] WAIT olmo3_7b_think jid=3477607_1 state=PENDING
[2026-09-06T08:00:48+08:00] WAIT olmo3_7b_think jid=3477607_2 state=PENDING
[2026-09-06T08:00:48+08:00] WAIT olmo3_7b_think jid=3477607_3 state=PENDING
[2026-09-06T08:00:48+08:00] WAIT olmo3_7b_think jid=3477607_4 state=PENDING
[2026-09-06T08:00:48+08:00] WAIT olmo3_7b_think jid=3477607_5 state=PENDING
[2026-09-06T08:00:49+08:00] WAIT olmo3_7b_think jid=3477607_6 state=PENDING
[2026-09-06T08:00:49+08:00] WAIT qwen3_1.7b jid=3477608_0 state=PENDING
[2026-09-06T08:00:49+08:00] WAIT qwen3_1.7b jid=3477608_1 state=PENDING
[2026-09-06T08:00:49+08:00] WAIT qwen3_1.7b jid=3477608_2 state=PENDING
[2026-09-06T08:00:49+08:00] WAIT qwen3_1.7b jid=3477608_3 state=PENDING
[2026-09-06T08:00:49+08:00] WAIT qwen3_1.7b jid=3477608_4 state=PENDING
[2026-09-06T08:00:49+08:00] WAIT qwen3_1.7b jid=3477608_5 state=PENDING
[2026-09-06T08:00:49+08:00] WAIT qwen3_1.7b jid=3477608_6 state=PENDING
[2026-09-06T08:00:49+08:00] WAIT olmo3_7b_think jid=3477609_0 state=PENDING
[2026-09-06T08:00:49+08:00] WAIT olmo3_7b_think jid=3477609_1 state=PENDING
[2026-09-06T08:00:49+08:00] WAIT olmo3_7b_think jid=3477609_2 state=PENDING
[2026-09-06T08:00:49+08:00] WAIT olmo3_7b_think jid=3477609_3 state=PENDING
[2026-09-06T08:00:49+08:00] WAIT olmo3_7b_think jid=3477609_4 state=PENDING
[2026-09-06T08:00:49+08:00] WAIT olmo3_7b_think jid=3477609_5 state=PENDING
[2026-09-06T08:00:49+08:00] WAIT olmo3_7b_think jid=3477609_6 state=PENDING
[2026-09-06T08:00:49+08:00] progress done=0/37 pending=37 failed=0
[2026-09-06T08:02:49+08:00] WAIT qwen3_1.7b jid=3477428 state=PENDING
[2026-09-06T08:02:49+08:00] WAIT qwen3_1.7b jid=3477429 state=PENDING
[2026-09-06T08:02:49+08:00] WAIT qwen3_1.7b jid=3477430 state=PENDING
[2026-09-06T08:02:49+08:00] WAIT olmo3_7b_think jid=3477431 state=PENDING
[2026-09-06T08:02:49+08:00] WAIT olmo3_7b_think jid=3477432 state=PENDING
[2026-09-06T08:02:49+08:00] WAIT olmo3_7b_think jid=3477433 state=PENDING
[2026-09-06T08:02:49+08:00] WAIT qwen3_4b_instruct jid=3477434 state=PENDING
[2026-09-06T08:02:49+08:00] WAIT qwen3_4b_instruct jid=3477435 state=PENDING
[2026-09-06T08:02:49+08:00] WAIT qwen3_4b_instruct jid=3477436 state=PENDING
[2026-09-06T08:02:49+08:00] WAIT qwen3_1.7b jid=3477606_0 state=PENDING
[2026-09-06T08:02:49+08:00] WAIT qwen3_1.7b jid=3477606_1 state=PENDING
[2026-09-06T08:02:49+08:00] WAIT qwen3_1.7b jid=3477606_2 state=PENDING
[2026-09-06T08:02:49+08:00] WAIT qwen3_1.7b jid=3477606_3 state=PENDING
[2026-09-06T08:02:49+08:00] WAIT qwen3_1.7b jid=3477606_4 state=PENDING
[2026-09-06T08:02:49+08:00] WAIT qwen3_1.7b jid=3477606_5 state=PENDING
[2026-09-06T08:02:49+08:00] WAIT qwen3_1.7b jid=3477606_6 state=PENDING
[2026-09-06T08:02:49+08:00] WAIT olmo3_7b_think jid=3477607_0 state=PENDING
[2026-09-06T08:02:49+08:00] WAIT olmo3_7b_think jid=3477607_1 state=PENDING
[2026-09-06T08:02:49+08:00] WAIT olmo3_7b_think jid=3477607_2 state=PENDING
[2026-09-06T08:02:49+08:00] WAIT olmo3_7b_think jid=3477607_3 state=PENDING
[2026-09-06T08:02:49+08:00] WAIT olmo3_7b_think jid=3477607_4 state=PENDING
[2026-09-06T08:02:49+08:00] WAIT olmo3_7b_think jid=3477607_5 state=PENDING
[2026-09-06T08:02:49+08:00] WAIT olmo3_7b_think jid=3477607_6 state=PENDING
[2026-09-06T08:02:49+08:00] WAIT qwen3_1.7b jid=3477608_0 state=PENDING
[2026-09-06T08:02:49+08:00] WAIT qwen3_1.7b jid=3477608_1 state=PENDING
[2026-09-06T08:02:49+08:00] WAIT qwen3_1.7b jid=3477608_2 state=PENDING
[2026-09-06T08:02:49+08:00] WAIT qwen3_1.7b jid=3477608_3 state=PENDING
[2026-09-06T08:02:49+08:00] WAIT qwen3_1.7b jid=3477608_4 state=PENDING
[2026-09-06T08:02:49+08:00] WAIT qwen3_1.7b jid=3477608_5 state=PENDING
[2026-09-06T08:02:49+08:00] WAIT qwen3_1.7b jid=3477608_6 state=PENDING
[2026-09-06T08:02:49+08:00] WAIT olmo3_7b_think jid=3477609_0 state=PENDING
[2026-09-06T08:02:49+08:00] WAIT olmo3_7b_think jid=3477609_1 state=PENDING
[2026-09-06T08:02:49+08:00] WAIT olmo3_7b_think jid=3477609_2 state=PENDING
[2026-09-06T08:02:49+08:00] WAIT olmo3_7b_think jid=3477609_3 state=PENDING
[2026-09-06T08:02:49+08:00] WAIT olmo3_7b_think jid=3477609_4 state=PENDING
[2026-09-06T08:02:49+08:00] WAIT olmo3_7b_think jid=3477609_5 state=PENDING
[2026-09-06T08:02:49+08:00] WAIT olmo3_7b_think jid=3477609_6 state=PENDING
[2026-09-06T08:02:49+08:00] progress done=0/37 pending=37 failed=0
[2026-09-06T08:04:49+08:00] WAIT qwen3_1.7b jid=3477428 state=PENDING
[2026-09-06T08:04:49+08:00] WAIT qwen3_1.7b jid=3477429 state=PENDING
[2026-09-06T08:04:49+08:00] WAIT qwen3_1.7b jid=3477430 state=PENDING
[2026-09-06T08:04:49+08:00] WAIT olmo3_7b_think jid=3477431 state=PENDING
[2026-09-06T08:04:49+08:00] WAIT olmo3_7b_think jid=3477432 state=PENDING
[2026-09-06T08:04:49+08:00] WAIT olmo3_7b_think jid=3477433 state=PENDING
[2026-09-06T08:04:49+08:00] WAIT qwen3_4b_instruct jid=3477434 state=PENDING
[2026-09-06T08:04:49+08:00] WAIT qwen3_4b_instruct jid=3477435 state=PENDING
[2026-09-06T08:04:49+08:00] WAIT qwen3_4b_instruct jid=3477436 state=PENDING
[2026-09-06T08:04:49+08:00] WAIT qwen3_1.7b jid=3477606_0 state=PENDING
[2026-09-06T08:04:49+08:00] WAIT qwen3_1.7b jid=3477606_1 state=PENDING
[2026-09-06T08:04:49+08:00] WAIT qwen3_1.7b jid=3477606_2 state=PENDING
[2026-09-06T08:04:49+08:00] WAIT qwen3_1.7b jid=3477606_3 state=PENDING
[2026-09-06T08:04:49+08:00] WAIT qwen3_1.7b jid=3477606_4 state=PENDING
[2026-09-06T08:04:49+08:00] WAIT qwen3_1.7b jid=3477606_5 state=PENDING
[2026-09-06T08:04:49+08:00] WAIT qwen3_1.7b jid=3477606_6 state=PENDING
[2026-09-06T08:04:49+08:00] WAIT olmo3_7b_think jid=3477607_0 state=PENDING
[2026-09-06T08:04:49+08:00] WAIT olmo3_7b_think jid=3477607_1 state=PENDING
[2026-09-06T08:04:49+08:00] WAIT olmo3_7b_think jid=3477607_2 state=PENDING
[2026-09-06T08:04:49+08:00] WAIT olmo3_7b_think jid=3477607_3 state=PENDING
[2026-09-06T08:04:49+08:00] WAIT olmo3_7b_think jid=3477607_4 state=PENDING
[2026-09-06T08:04:49+08:00] WAIT olmo3_7b_think jid=3477607_5 state=PENDING
[2026-09-06T08:04:49+08:00] WAIT olmo3_7b_think jid=3477607_6 state=PENDING
[2026-09-06T08:04:49+08:00] WAIT qwen3_1.7b jid=3477608_0 state=PENDING
[2026-09-06T08:04:49+08:00] WAIT qwen3_1.7b jid=3477608_1 state=PENDING
[2026-09-06T08:04:49+08:00] WAIT qwen3_1.7b jid=3477608_2 state=PENDING
[2026-09-06T08:04:49+08:00] WAIT qwen3_1.7b jid=3477608_3 state=PENDING
[2026-09-06T08:04:49+08:00] WAIT qwen3_1.7b jid=3477608_4 state=PENDING
[2026-09-06T08:04:49+08:00] WAIT qwen3_1.7b jid=3477608_5 state=PENDING
[2026-09-06T08:04:49+08:00] WAIT qwen3_1.7b jid=3477608_6 state=PENDING
[2026-09-06T08:04:49+08:00] WAIT olmo3_7b_think jid=3477609_0 state=PENDING
[2026-09-06T08:04:49+08:00] WAIT olmo3_7b_think jid=3477609_1 state=PENDING
[2026-09-06T08:04:49+08:00] WAIT olmo3_7b_think jid=3477609_2 state=PENDING
[2026-09-06T08:04:49+08:00] WAIT olmo3_7b_think jid=3477609_3 state=PENDING
[2026-09-06T08:04:49+08:00] WAIT olmo3_7b_think jid=3477609_4 state=PENDING
[2026-09-06T08:04:49+08:00] WAIT olmo3_7b_think jid=3477609_5 state=PENDING
[2026-09-06T08:04:49+08:00] WAIT olmo3_7b_think jid=3477609_6 state=PENDING
[2026-09-06T08:04:49+08:00] progress done=0/37 pending=37 failed=0
[2026-09-06T08:06:49+08:00] WAIT qwen3_1.7b jid=3477428 state=PENDING
[2026-09-06T08:06:49+08:00] WAIT qwen3_1.7b jid=3477429 state=PENDING
[2026-09-06T08:06:49+08:00] WAIT qwen3_1.7b jid=3477430 state=PENDING
[2026-09-06T08:06:49+08:00] WAIT olmo3_7b_think jid=3477431 state=PENDING
[2026-09-06T08:06:49+08:00] WAIT olmo3_7b_think jid=3477432 state=PENDING
[2026-09-06T08:06:49+08:00] WAIT olmo3_7b_think jid=3477433 state=PENDING
[2026-09-06T08:06:49+08:00] WAIT qwen3_4b_instruct jid=3477434 state=PENDING
[2026-09-06T08:06:50+08:00] WAIT qwen3_4b_instruct jid=3477435 state=PENDING
[2026-09-06T08:06:50+08:00] WAIT qwen3_4b_instruct jid=3477436 state=PENDING
[2026-09-06T08:06:50+08:00] WAIT qwen3_1.7b jid=3477606_0 state=PENDING
[2026-09-06T08:06:50+08:00] WAIT qwen3_1.7b jid=3477606_1 state=PENDING
[2026-09-06T08:06:50+08:00] WAIT qwen3_1.7b jid=3477606_2 state=PENDING
[2026-09-06T08:06:50+08:00] WAIT qwen3_1.7b jid=3477606_3 state=PENDING
[2026-09-06T08:06:50+08:00] WAIT qwen3_1.7b jid=3477606_4 state=PENDING
[2026-09-06T08:06:50+08:00] WAIT qwen3_1.7b jid=3477606_5 state=PENDING
[2026-09-06T08:06:50+08:00] WAIT qwen3_1.7b jid=3477606_6 state=PENDING
[2026-09-06T08:06:50+08:00] WAIT olmo3_7b_think jid=3477607_0 state=PENDING
[2026-09-06T08:06:50+08:00] WAIT olmo3_7b_think jid=3477607_1 state=PENDING
[2026-09-06T08:06:50+08:00] WAIT olmo3_7b_think jid=3477607_2 state=PENDING
[2026-09-06T08:06:50+08:00] WAIT olmo3_7b_think jid=3477607_3 state=PENDING
[2026-09-06T08:06:50+08:00] WAIT olmo3_7b_think jid=3477607_4 state=PENDING
[2026-09-06T08:06:50+08:00] WAIT olmo3_7b_think jid=3477607_5 state=PENDING
[2026-09-06T08:06:50+08:00] WAIT olmo3_7b_think jid=3477607_6 state=PENDING
[2026-09-06T08:06:50+08:00] WAIT qwen3_1.7b jid=3477608_0 state=PENDING
[2026-09-06T08:06:50+08:00] WAIT qwen3_1.7b jid=3477608_1 state=PENDING
[2026-09-06T08:06:50+08:00] WAIT qwen3_1.7b jid=3477608_2 state=PENDING
[2026-09-06T08:06:50+08:00] WAIT qwen3_1.7b jid=3477608_3 state=PENDING
[2026-09-06T08:06:50+08:00] WAIT qwen3_1.7b jid=3477608_4 state=PENDING
[2026-09-06T08:06:50+08:00] WAIT qwen3_1.7b jid=3477608_5 state=PENDING
[2026-09-06T08:06:50+08:00] WAIT qwen3_1.7b jid=3477608_6 state=PENDING
[2026-09-06T08:06:50+08:00] WAIT olmo3_7b_think jid=3477609_0 state=PENDING
[2026-09-06T08:06:50+08:00] WAIT olmo3_7b_think jid=3477609_1 state=PENDING
[2026-09-06T08:06:50+08:00] WAIT olmo3_7b_think jid=3477609_2 state=PENDING
[2026-09-06T08:06:50+08:00] WAIT olmo3_7b_think jid=3477609_3 state=PENDING
[2026-09-06T08:06:50+08:00] WAIT olmo3_7b_think jid=3477609_4 state=PENDING
[2026-09-06T08:06:50+08:00] WAIT olmo3_7b_think jid=3477609_5 state=PENDING
[2026-09-06T08:06:50+08:00] WAIT olmo3_7b_think jid=3477609_6 state=PENDING
[2026-09-06T08:06:50+08:00] progress done=0/37 pending=37 failed=0
[2026-09-06T08:08:50+08:00] WAIT qwen3_1.7b jid=3477428 state=PENDING
[2026-09-06T08:08:50+08:00] WAIT qwen3_1.7b jid=3477429 state=PENDING
[2026-09-06T08:08:50+08:00] WAIT qwen3_1.7b jid=3477430 state=PENDING
[2026-09-06T08:08:50+08:00] WAIT olmo3_7b_think jid=3477431 state=PENDING
[2026-09-06T08:08:50+08:00] WAIT olmo3_7b_think jid=3477432 state=PENDING
[2026-09-06T08:08:50+08:00] WAIT olmo3_7b_think jid=3477433 state=PENDING
[2026-09-06T08:08:50+08:00] WAIT qwen3_4b_instruct jid=3477434 state=PENDING
[2026-09-06T08:08:50+08:00] WAIT qwen3_4b_instruct jid=3477435 state=PENDING
[2026-09-06T08:08:50+08:00] WAIT qwen3_4b_instruct jid=3477436 state=PENDING
[2026-09-06T08:08:50+08:00] WAIT qwen3_1.7b jid=3477606_0 state=PENDING
[2026-09-06T08:08:50+08:00] WAIT qwen3_1.7b jid=3477606_1 state=PENDING
[2026-09-06T08:08:50+08:00] WAIT qwen3_1.7b jid=3477606_2 state=PENDING
[2026-09-06T08:08:50+08:00] WAIT qwen3_1.7b jid=3477606_3 state=PENDING
[2026-09-06T08:08:50+08:00] WAIT qwen3_1.7b jid=3477606_4 state=PENDING
[2026-09-06T08:08:50+08:00] WAIT qwen3_1.7b jid=3477606_5 state=PENDING
[2026-09-06T08:08:50+08:00] WAIT qwen3_1.7b jid=3477606_6 state=PENDING
[2026-09-06T08:08:50+08:00] WAIT olmo3_7b_think jid=3477607_0 state=PENDING
[2026-09-06T08:08:50+08:00] WAIT olmo3_7b_think jid=3477607_1 state=PENDING
[2026-09-06T08:08:50+08:00] WAIT olmo3_7b_think jid=3477607_2 state=PENDING
[2026-09-06T08:08:50+08:00] WAIT olmo3_7b_think jid=3477607_3 state=PENDING
[2026-09-06T08:08:50+08:00] WAIT olmo3_7b_think jid=3477607_4 state=PENDING
[2026-09-06T08:08:50+08:00] WAIT olmo3_7b_think jid=3477607_5 state=PENDING
[2026-09-06T08:08:50+08:00] WAIT olmo3_7b_think jid=3477607_6 state=PENDING
[2026-09-06T08:08:50+08:00] WAIT qwen3_1.7b jid=3477608_0 state=PENDING
[2026-09-06T08:08:50+08:00] WAIT qwen3_1.7b jid=3477608_1 state=PENDING
[2026-09-06T08:08:50+08:00] WAIT qwen3_1.7b jid=3477608_2 state=PENDING
[2026-09-06T08:08:50+08:00] WAIT qwen3_1.7b jid=3477608_3 state=PENDING
[2026-09-06T08:08:50+08:00] WAIT qwen3_1.7b jid=3477608_4 state=PENDING
[2026-09-06T08:08:50+08:00] WAIT qwen3_1.7b jid=3477608_5 state=PENDING
[2026-09-06T08:08:50+08:00] WAIT qwen3_1.7b jid=3477608_6 state=PENDING
[2026-09-06T08:08:50+08:00] WAIT olmo3_7b_think jid=3477609_0 state=PENDING
[2026-09-06T08:08:50+08:00] WAIT olmo3_7b_think jid=3477609_1 state=PENDING
[2026-09-06T08:08:50+08:00] WAIT olmo3_7b_think jid=3477609_2 state=PENDING
[2026-09-06T08:08:50+08:00] WAIT olmo3_7b_think jid=3477609_3 state=PENDING
[2026-09-06T08:08:50+08:00] WAIT olmo3_7b_think jid=3477609_4 state=PENDING
[2026-09-06T08:08:50+08:00] WAIT olmo3_7b_think jid=3477609_5 state=PENDING
[2026-09-06T08:08:50+08:00] WAIT olmo3_7b_think jid=3477609_6 state=PENDING
[2026-09-06T08:08:50+08:00] progress done=0/37 pending=37 failed=0
[2026-09-06T08:10:50+08:00] WAIT qwen3_1.7b jid=3477428 state=PENDING
[2026-09-06T08:10:50+08:00] WAIT qwen3_1.7b jid=3477429 state=PENDING
[2026-09-06T08:10:50+08:00] WAIT qwen3_1.7b jid=3477430 state=PENDING
[2026-09-06T08:10:50+08:00] WAIT olmo3_7b_think jid=3477431 state=PENDING
[2026-09-06T08:10:50+08:00] WAIT olmo3_7b_think jid=3477432 state=PENDING
[2026-09-06T08:10:50+08:00] WAIT olmo3_7b_think jid=3477433 state=PENDING
[2026-09-06T08:10:50+08:00] WAIT qwen3_4b_instruct jid=3477434 state=PENDING
[2026-09-06T08:10:50+08:00] WAIT qwen3_4b_instruct jid=3477435 state=PENDING
[2026-09-06T08:10:50+08:00] WAIT qwen3_4b_instruct jid=3477436 state=PENDING
[2026-09-06T08:10:50+08:00] WAIT qwen3_1.7b jid=3477606_0 state=PENDING
[2026-09-06T08:10:50+08:00] WAIT qwen3_1.7b jid=3477606_1 state=PENDING
[2026-09-06T08:10:50+08:00] WAIT qwen3_1.7b jid=3477606_2 state=PENDING
[2026-09-06T08:10:50+08:00] WAIT qwen3_1.7b jid=3477606_3 state=PENDING
[2026-09-06T08:10:50+08:00] WAIT qwen3_1.7b jid=3477606_4 state=PENDING
[2026-09-06T08:10:50+08:00] WAIT qwen3_1.7b jid=3477606_5 state=PENDING
[2026-09-06T08:10:50+08:00] WAIT qwen3_1.7b jid=3477606_6 state=PENDING
[2026-09-06T08:10:50+08:00] WAIT olmo3_7b_think jid=3477607_0 state=PENDING
[2026-09-06T08:10:50+08:00] WAIT olmo3_7b_think jid=3477607_1 state=PENDING
[2026-09-06T08:10:50+08:00] WAIT olmo3_7b_think jid=3477607_2 state=PENDING
[2026-09-06T08:10:50+08:00] WAIT olmo3_7b_think jid=3477607_3 state=PENDING
[2026-09-06T08:10:50+08:00] WAIT olmo3_7b_think jid=3477607_4 state=PENDING
[2026-09-06T08:10:50+08:00] WAIT olmo3_7b_think jid=3477607_5 state=PENDING
[2026-09-06T08:10:50+08:00] WAIT olmo3_7b_think jid=3477607_6 state=PENDING
[2026-09-06T08:10:50+08:00] WAIT qwen3_1.7b jid=3477608_0 state=PENDING
[2026-09-06T08:10:50+08:00] WAIT qwen3_1.7b jid=3477608_1 state=PENDING
[2026-09-06T08:10:50+08:00] WAIT qwen3_1.7b jid=3477608_2 state=PENDING
[2026-09-06T08:10:50+08:00] WAIT qwen3_1.7b jid=3477608_3 state=PENDING
[2026-09-06T08:10:50+08:00] WAIT qwen3_1.7b jid=3477608_4 state=PENDING
[2026-09-06T08:10:51+08:00] WAIT qwen3_1.7b jid=3477608_5 state=PENDING
[2026-09-06T08:10:51+08:00] WAIT qwen3_1.7b jid=3477608_6 state=PENDING
[2026-09-06T08:10:51+08:00] WAIT olmo3_7b_think jid=3477609_0 state=PENDING
[2026-09-06T08:10:51+08:00] WAIT olmo3_7b_think jid=3477609_1 state=PENDING
[2026-09-06T08:10:51+08:00] WAIT olmo3_7b_think jid=3477609_2 state=PENDING
[2026-09-06T08:10:51+08:00] WAIT olmo3_7b_think jid=3477609_3 state=PENDING
[2026-09-06T08:10:51+08:00] WAIT olmo3_7b_think jid=3477609_4 state=PENDING
[2026-09-06T08:10:51+08:00] WAIT olmo3_7b_think jid=3477609_5 state=PENDING
[2026-09-06T08:10:51+08:00] WAIT olmo3_7b_think jid=3477609_6 state=PENDING
[2026-09-06T08:10:51+08:00] progress done=0/37 pending=37 failed=0
[2026-09-06T08:12:51+08:00] WAIT qwen3_1.7b jid=3477428 state=PENDING
[2026-09-06T08:12:51+08:00] WAIT qwen3_1.7b jid=3477429 state=PENDING
[2026-09-06T08:12:51+08:00] WAIT qwen3_1.7b jid=3477430 state=PENDING
[2026-09-06T08:12:51+08:00] WAIT olmo3_7b_think jid=3477431 state=PENDING
[2026-09-06T08:12:51+08:00] WAIT olmo3_7b_think jid=3477432 state=PENDING
[2026-09-06T08:12:51+08:00] WAIT olmo3_7b_think jid=3477433 state=PENDING
[2026-09-06T08:12:51+08:00] WAIT qwen3_4b_instruct jid=3477434 state=PENDING
[2026-09-06T08:12:51+08:00] WAIT qwen3_4b_instruct jid=3477435 state=PENDING
[2026-09-06T08:12:51+08:00] WAIT qwen3_4b_instruct jid=3477436 state=PENDING
[2026-09-06T08:12:51+08:00] WAIT qwen3_1.7b jid=3477606_0 state=PENDING
[2026-09-06T08:12:51+08:00] WAIT qwen3_1.7b jid=3477606_1 state=PENDING
[2026-09-06T08:12:51+08:00] WAIT qwen3_1.7b jid=3477606_2 state=PENDING
[2026-09-06T08:12:51+08:00] WAIT qwen3_1.7b jid=3477606_3 state=PENDING
[2026-09-06T08:12:51+08:00] WAIT qwen3_1.7b jid=3477606_4 state=PENDING
[2026-09-06T08:12:51+08:00] WAIT qwen3_1.7b jid=3477606_5 state=PENDING
[2026-09-06T08:12:51+08:00] WAIT qwen3_1.7b jid=3477606_6 state=PENDING
[2026-09-06T08:12:51+08:00] WAIT olmo3_7b_think jid=3477607_0 state=PENDING
[2026-09-06T08:12:51+08:00] WAIT olmo3_7b_think jid=3477607_1 state=PENDING
[2026-09-06T08:12:51+08:00] WAIT olmo3_7b_think jid=3477607_2 state=PENDING
[2026-09-06T08:12:51+08:00] WAIT olmo3_7b_think jid=3477607_3 state=PENDING
[2026-09-06T08:12:51+08:00] WAIT olmo3_7b_think jid=3477607_4 state=PENDING
[2026-09-06T08:12:51+08:00] WAIT olmo3_7b_think jid=3477607_5 state=PENDING
[2026-09-06T08:12:51+08:00] WAIT olmo3_7b_think jid=3477607_6 state=PENDING
[2026-09-06T08:12:51+08:00] WAIT qwen3_1.7b jid=3477608_0 state=PENDING
[2026-09-06T08:12:51+08:00] WAIT qwen3_1.7b jid=3477608_1 state=PENDING
[2026-09-06T08:12:51+08:00] WAIT qwen3_1.7b jid=3477608_2 state=PENDING
[2026-09-06T08:12:51+08:00] WAIT qwen3_1.7b jid=3477608_3 state=PENDING
[2026-09-06T08:12:51+08:00] WAIT qwen3_1.7b jid=3477608_4 state=PENDING
[2026-09-06T08:12:51+08:00] WAIT qwen3_1.7b jid=3477608_5 state=PENDING
[2026-09-06T08:12:51+08:00] WAIT qwen3_1.7b jid=3477608_6 state=PENDING
[2026-09-06T08:12:51+08:00] WAIT olmo3_7b_think jid=3477609_0 state=PENDING
[2026-09-06T08:12:51+08:00] WAIT olmo3_7b_think jid=3477609_1 state=PENDING
[2026-09-06T08:12:51+08:00] WAIT olmo3_7b_think jid=3477609_2 state=PENDING
[2026-09-06T08:12:51+08:00] WAIT olmo3_7b_think jid=3477609_3 state=PENDING
[2026-09-06T08:12:51+08:00] WAIT olmo3_7b_think jid=3477609_4 state=PENDING
[2026-09-06T08:12:51+08:00] WAIT olmo3_7b_think jid=3477609_5 state=PENDING
[2026-09-06T08:12:51+08:00] WAIT olmo3_7b_think jid=3477609_6 state=PENDING
[2026-09-06T08:12:51+08:00] progress done=0/37 pending=37 failed=0
[2026-09-06T08:14:51+08:00] WAIT qwen3_1.7b jid=3477428 state=PENDING
[2026-09-06T08:14:51+08:00] WAIT qwen3_1.7b jid=3477429 state=PENDING
[2026-09-06T08:14:51+08:00] WAIT qwen3_1.7b jid=3477430 state=PENDING
[2026-09-06T08:14:51+08:00] WAIT olmo3_7b_think jid=3477431 state=PENDING
[2026-09-06T08:14:51+08:00] WAIT olmo3_7b_think jid=3477432 state=PENDING
[2026-09-06T08:14:51+08:00] WAIT olmo3_7b_think jid=3477433 state=PENDING
[2026-09-06T08:14:51+08:00] WAIT qwen3_4b_instruct jid=3477434 state=PENDING
[2026-09-06T08:14:51+08:00] WAIT qwen3_4b_instruct jid=3477435 state=PENDING
[2026-09-06T08:14:51+08:00] WAIT qwen3_4b_instruct jid=3477436 state=PENDING
[2026-09-06T08:14:51+08:00] WAIT qwen3_1.7b jid=3477606_0 state=PENDING
[2026-09-06T08:14:51+08:00] WAIT qwen3_1.7b jid=3477606_1 state=PENDING
[2026-09-06T08:14:51+08:00] WAIT qwen3_1.7b jid=3477606_2 state=PENDING
[2026-09-06T08:14:51+08:00] WAIT qwen3_1.7b jid=3477606_3 state=PENDING
[2026-09-06T08:14:51+08:00] WAIT qwen3_1.7b jid=3477606_4 state=PENDING
[2026-09-06T08:14:51+08:00] WAIT qwen3_1.7b jid=3477606_5 state=PENDING
[2026-09-06T08:14:51+08:00] WAIT qwen3_1.7b jid=3477606_6 state=PENDING
[2026-09-06T08:14:51+08:00] WAIT olmo3_7b_think jid=3477607_0 state=PENDING
[2026-09-06T08:14:51+08:00] WAIT olmo3_7b_think jid=3477607_1 state=PENDING
[2026-09-06T08:14:51+08:00] WAIT olmo3_7b_think jid=3477607_2 state=PENDING
[2026-09-06T08:14:51+08:00] WAIT olmo3_7b_think jid=3477607_3 state=PENDING
[2026-09-06T08:14:51+08:00] WAIT olmo3_7b_think jid=3477607_4 state=PENDING
[2026-09-06T08:14:51+08:00] WAIT olmo3_7b_think jid=3477607_5 state=PENDING
[2026-09-06T08:14:51+08:00] WAIT olmo3_7b_think jid=3477607_6 state=PENDING
[2026-09-06T08:14:51+08:00] WAIT qwen3_1.7b jid=3477608_0 state=PENDING
[2026-09-06T08:14:51+08:00] WAIT qwen3_1.7b jid=3477608_1 state=PENDING
[2026-09-06T08:14:51+08:00] WAIT qwen3_1.7b jid=3477608_2 state=PENDING
[2026-09-06T08:14:51+08:00] WAIT qwen3_1.7b jid=3477608_3 state=PENDING
[2026-09-06T08:14:51+08:00] WAIT qwen3_1.7b jid=3477608_4 state=PENDING
[2026-09-06T08:14:51+08:00] WAIT qwen3_1.7b jid=3477608_5 state=PENDING
[2026-09-06T08:14:51+08:00] WAIT qwen3_1.7b jid=3477608_6 state=PENDING
[2026-09-06T08:14:51+08:00] WAIT olmo3_7b_think jid=3477609_0 state=PENDING
[2026-09-06T08:14:51+08:00] WAIT olmo3_7b_think jid=3477609_1 state=PENDING
[2026-09-06T08:14:51+08:00] WAIT olmo3_7b_think jid=3477609_2 state=PENDING
[2026-09-06T08:14:51+08:00] WAIT olmo3_7b_think jid=3477609_3 state=PENDING
[2026-09-06T08:14:51+08:00] WAIT olmo3_7b_think jid=3477609_4 state=PENDING
[2026-09-06T08:14:51+08:00] WAIT olmo3_7b_think jid=3477609_5 state=PENDING
[2026-09-06T08:14:51+08:00] WAIT olmo3_7b_think jid=3477609_6 state=PENDING
[2026-09-06T08:14:51+08:00] progress done=0/37 pending=37 failed=0
[2026-09-06T08:16:51+08:00] WAIT qwen3_1.7b jid=3477428 state=PENDING
[2026-09-06T08:16:51+08:00] WAIT qwen3_1.7b jid=3477429 state=PENDING
[2026-09-06T08:16:51+08:00] WAIT qwen3_1.7b jid=3477430 state=PENDING
[2026-09-06T08:16:51+08:00] WAIT olmo3_7b_think jid=3477431 state=PENDING
[2026-09-06T08:16:51+08:00] WAIT olmo3_7b_think jid=3477432 state=PENDING
[2026-09-06T08:16:51+08:00] WAIT olmo3_7b_think jid=3477433 state=PENDING
[2026-09-06T08:16:51+08:00] WAIT qwen3_4b_instruct jid=3477434 state=PENDING
[2026-09-06T08:16:51+08:00] WAIT qwen3_4b_instruct jid=3477435 state=PENDING
[2026-09-06T08:16:51+08:00] WAIT qwen3_4b_instruct jid=3477436 state=PENDING
[2026-09-06T08:16:51+08:00] WAIT qwen3_1.7b jid=3477606_0 state=PENDING
[2026-09-06T08:16:51+08:00] WAIT qwen3_1.7b jid=3477606_1 state=PENDING
[2026-09-06T08:16:51+08:00] WAIT qwen3_1.7b jid=3477606_2 state=PENDING
[2026-09-06T08:16:51+08:00] WAIT qwen3_1.7b jid=3477606_3 state=PENDING
[2026-09-06T08:16:52+08:00] WAIT qwen3_1.7b jid=3477606_4 state=PENDING
[2026-09-06T08:16:52+08:00] WAIT qwen3_1.7b jid=3477606_5 state=PENDING
[2026-09-06T08:16:52+08:00] WAIT qwen3_1.7b jid=3477606_6 state=PENDING
[2026-09-06T08:16:52+08:00] WAIT olmo3_7b_think jid=3477607_0 state=PENDING
[2026-09-06T08:16:52+08:00] WAIT olmo3_7b_think jid=3477607_1 state=PENDING
[2026-09-06T08:16:52+08:00] WAIT olmo3_7b_think jid=3477607_2 state=PENDING
[2026-09-06T08:16:52+08:00] WAIT olmo3_7b_think jid=3477607_3 state=PENDING
[2026-09-06T08:16:52+08:00] WAIT olmo3_7b_think jid=3477607_4 state=PENDING
[2026-09-06T08:16:52+08:00] WAIT olmo3_7b_think jid=3477607_5 state=PENDING
[2026-09-06T08:16:52+08:00] WAIT olmo3_7b_think jid=3477607_6 state=PENDING
[2026-09-06T08:16:52+08:00] WAIT qwen3_1.7b jid=3477608_0 state=PENDING
[2026-09-06T08:16:52+08:00] WAIT qwen3_1.7b jid=3477608_1 state=PENDING
[2026-09-06T08:16:52+08:00] WAIT qwen3_1.7b jid=3477608_2 state=PENDING
[2026-09-06T08:16:52+08:00] WAIT qwen3_1.7b jid=3477608_3 state=PENDING
[2026-09-06T08:16:52+08:00] WAIT qwen3_1.7b jid=3477608_4 state=PENDING
[2026-09-06T08:16:52+08:00] WAIT qwen3_1.7b jid=3477608_5 state=PENDING
[2026-09-06T08:16:52+08:00] WAIT qwen3_1.7b jid=3477608_6 state=PENDING
[2026-09-06T08:16:52+08:00] WAIT olmo3_7b_think jid=3477609_0 state=PENDING
[2026-09-06T08:16:52+08:00] WAIT olmo3_7b_think jid=3477609_1 state=PENDING
[2026-09-06T08:16:52+08:00] WAIT olmo3_7b_think jid=3477609_2 state=PENDING
[2026-09-06T08:16:52+08:00] WAIT olmo3_7b_think jid=3477609_3 state=PENDING
[2026-09-06T08:16:52+08:00] WAIT olmo3_7b_think jid=3477609_4 state=PENDING
[2026-09-06T08:16:52+08:00] WAIT olmo3_7b_think jid=3477609_5 state=PENDING
[2026-09-06T08:16:52+08:00] WAIT olmo3_7b_think jid=3477609_6 state=PENDING
[2026-09-06T08:16:52+08:00] progress done=0/37 pending=37 failed=0
[2026-09-06T08:18:52+08:00] WAIT qwen3_1.7b jid=3477428 state=PENDING
[2026-09-06T08:18:52+08:00] WAIT qwen3_1.7b jid=3477429 state=PENDING
[2026-09-06T08:18:52+08:00] WAIT qwen3_1.7b jid=3477430 state=PENDING
[2026-09-06T08:18:52+08:00] WAIT olmo3_7b_think jid=3477431 state=PENDING
[2026-09-06T08:18:52+08:00] WAIT olmo3_7b_think jid=3477432 state=PENDING
[2026-09-06T08:18:52+08:00] WAIT olmo3_7b_think jid=3477433 state=PENDING
[2026-09-06T08:18:52+08:00] WAIT qwen3_4b_instruct jid=3477434 state=PENDING
[2026-09-06T08:18:52+08:00] WAIT qwen3_4b_instruct jid=3477435 state=PENDING
[2026-09-06T08:18:52+08:00] WAIT qwen3_4b_instruct jid=3477436 state=PENDING
[2026-09-06T08:18:52+08:00] WAIT qwen3_1.7b jid=3477606_0 state=PENDING
[2026-09-06T08:18:52+08:00] WAIT qwen3_1.7b jid=3477606_1 state=PENDING
[2026-09-06T08:18:52+08:00] WAIT qwen3_1.7b jid=3477606_2 state=PENDING
[2026-09-06T08:18:52+08:00] WAIT qwen3_1.7b jid=3477606_3 state=PENDING
[2026-09-06T08:18:52+08:00] WAIT qwen3_1.7b jid=3477606_4 state=PENDING
[2026-09-06T08:18:52+08:00] WAIT qwen3_1.7b jid=3477606_5 state=PENDING
[2026-09-06T08:18:52+08:00] WAIT qwen3_1.7b jid=3477606_6 state=PENDING
[2026-09-06T08:18:52+08:00] WAIT olmo3_7b_think jid=3477607_0 state=PENDING
[2026-09-06T08:18:52+08:00] WAIT olmo3_7b_think jid=3477607_1 state=PENDING
[2026-09-06T08:18:52+08:00] WAIT olmo3_7b_think jid=3477607_2 state=PENDING
[2026-09-06T08:18:52+08:00] WAIT olmo3_7b_think jid=3477607_3 state=PENDING
[2026-09-06T08:18:52+08:00] WAIT olmo3_7b_think jid=3477607_4 state=PENDING
[2026-09-06T08:18:52+08:00] WAIT olmo3_7b_think jid=3477607_5 state=PENDING
[2026-09-06T08:18:52+08:00] WAIT olmo3_7b_think jid=3477607_6 state=PENDING
[2026-09-06T08:18:52+08:00] WAIT qwen3_1.7b jid=3477608_0 state=PENDING
[2026-09-06T08:18:52+08:00] WAIT qwen3_1.7b jid=3477608_1 state=PENDING
[2026-09-06T08:18:52+08:00] WAIT qwen3_1.7b jid=3477608_2 state=PENDING
[2026-09-06T08:18:52+08:00] WAIT qwen3_1.7b jid=3477608_3 state=PENDING
[2026-09-06T08:18:52+08:00] WAIT qwen3_1.7b jid=3477608_4 state=PENDING
[2026-09-06T08:18:52+08:00] WAIT qwen3_1.7b jid=3477608_5 state=PENDING
[2026-09-06T08:18:52+08:00] WAIT qwen3_1.7b jid=3477608_6 state=PENDING
[2026-09-06T08:18:52+08:00] WAIT olmo3_7b_think jid=3477609_0 state=PENDING
[2026-09-06T08:18:52+08:00] WAIT olmo3_7b_think jid=3477609_1 state=PENDING
[2026-09-06T08:18:52+08:00] WAIT olmo3_7b_think jid=3477609_2 state=PENDING
[2026-09-06T08:18:52+08:00] WAIT olmo3_7b_think jid=3477609_3 state=PENDING
[2026-09-06T08:18:52+08:00] WAIT olmo3_7b_think jid=3477609_4 state=PENDING
[2026-09-06T08:18:52+08:00] WAIT olmo3_7b_think jid=3477609_5 state=PENDING
[2026-09-06T08:18:52+08:00] WAIT olmo3_7b_think jid=3477609_6 state=PENDING
[2026-09-06T08:18:52+08:00] progress done=0/37 pending=37 failed=0
[2026-09-06T08:20:52+08:00] WAIT qwen3_1.7b jid=3477428 state=PENDING
[2026-09-06T08:20:52+08:00] WAIT qwen3_1.7b jid=3477429 state=PENDING
[2026-09-06T08:20:52+08:00] WAIT qwen3_1.7b jid=3477430 state=PENDING
[2026-09-06T08:20:52+08:00] WAIT olmo3_7b_think jid=3477431 state=PENDING
[2026-09-06T08:20:52+08:00] WAIT olmo3_7b_think jid=3477432 state=PENDING
[2026-09-06T08:20:52+08:00] WAIT olmo3_7b_think jid=3477433 state=PENDING
[2026-09-06T08:20:52+08:00] WAIT qwen3_4b_instruct jid=3477434 state=PENDING
[2026-09-06T08:20:52+08:00] WAIT qwen3_4b_instruct jid=3477435 state=PENDING
[2026-09-06T08:20:52+08:00] WAIT qwen3_4b_instruct jid=3477436 state=PENDING
[2026-09-06T08:20:52+08:00] WAIT qwen3_1.7b jid=3477606_0 state=PENDING
[2026-09-06T08:20:52+08:00] WAIT qwen3_1.7b jid=3477606_1 state=PENDING
[2026-09-06T08:20:52+08:00] WAIT qwen3_1.7b jid=3477606_2 state=PENDING
[2026-09-06T08:20:52+08:00] WAIT qwen3_1.7b jid=3477606_3 state=PENDING
[2026-09-06T08:20:52+08:00] WAIT qwen3_1.7b jid=3477606_4 state=PENDING
[2026-09-06T08:20:52+08:00] WAIT qwen3_1.7b jid=3477606_5 state=PENDING
[2026-09-06T08:20:52+08:00] WAIT qwen3_1.7b jid=3477606_6 state=PENDING
[2026-09-06T08:20:52+08:00] WAIT olmo3_7b_think jid=3477607_0 state=PENDING
[2026-09-06T08:20:52+08:00] WAIT olmo3_7b_think jid=3477607_1 state=PENDING
[2026-09-06T08:20:52+08:00] WAIT olmo3_7b_think jid=3477607_2 state=PENDING
[2026-09-06T08:20:52+08:00] WAIT olmo3_7b_think jid=3477607_3 state=PENDING
[2026-09-06T08:20:52+08:00] WAIT olmo3_7b_think jid=3477607_4 state=PENDING
[2026-09-06T08:20:52+08:00] WAIT olmo3_7b_think jid=3477607_5 state=PENDING
[2026-09-06T08:20:52+08:00] WAIT olmo3_7b_think jid=3477607_6 state=PENDING
[2026-09-06T08:20:52+08:00] WAIT qwen3_1.7b jid=3477608_0 state=PENDING
[2026-09-06T08:20:52+08:00] WAIT qwen3_1.7b jid=3477608_1 state=PENDING
[2026-09-06T08:20:52+08:00] WAIT qwen3_1.7b jid=3477608_2 state=PENDING
[2026-09-06T08:20:52+08:00] WAIT qwen3_1.7b jid=3477608_3 state=PENDING
[2026-09-06T08:20:52+08:00] WAIT qwen3_1.7b jid=3477608_4 state=PENDING
[2026-09-06T08:20:52+08:00] WAIT qwen3_1.7b jid=3477608_5 state=PENDING
[2026-09-06T08:20:52+08:00] WAIT qwen3_1.7b jid=3477608_6 state=PENDING
[2026-09-06T08:20:52+08:00] WAIT olmo3_7b_think jid=3477609_0 state=PENDING
[2026-09-06T08:20:52+08:00] WAIT olmo3_7b_think jid=3477609_1 state=PENDING
[2026-09-06T08:20:52+08:00] WAIT olmo3_7b_think jid=3477609_2 state=PENDING
[2026-09-06T08:20:52+08:00] WAIT olmo3_7b_think jid=3477609_3 state=PENDING
[2026-09-06T08:20:52+08:00] WAIT olmo3_7b_think jid=3477609_4 state=PENDING
[2026-09-06T08:20:53+08:00] WAIT olmo3_7b_think jid=3477609_5 state=PENDING
[2026-09-06T08:20:53+08:00] WAIT olmo3_7b_think jid=3477609_6 state=PENDING
[2026-09-06T08:20:53+08:00] progress done=0/37 pending=37 failed=0
[2026-09-06T08:22:53+08:00] WAIT qwen3_1.7b jid=3477428 state=PENDING
[2026-09-06T08:22:53+08:00] WAIT qwen3_1.7b jid=3477429 state=PENDING
[2026-09-06T08:22:53+08:00] WAIT qwen3_1.7b jid=3477430 state=PENDING
[2026-09-06T08:22:53+08:00] WAIT olmo3_7b_think jid=3477431 state=PENDING
[2026-09-06T08:22:53+08:00] WAIT olmo3_7b_think jid=3477432 state=PENDING
[2026-09-06T08:22:53+08:00] WAIT olmo3_7b_think jid=3477433 state=PENDING
[2026-09-06T08:22:53+08:00] WAIT qwen3_4b_instruct jid=3477434 state=PENDING
[2026-09-06T08:22:53+08:00] WAIT qwen3_4b_instruct jid=3477435 state=PENDING
[2026-09-06T08:22:53+08:00] WAIT qwen3_4b_instruct jid=3477436 state=PENDING
[2026-09-06T08:22:53+08:00] WAIT qwen3_1.7b jid=3477606_0 state=PENDING
[2026-09-06T08:22:53+08:00] WAIT qwen3_1.7b jid=3477606_1 state=PENDING
[2026-09-06T08:22:53+08:00] WAIT qwen3_1.7b jid=3477606_2 state=PENDING
[2026-09-06T08:22:53+08:00] WAIT qwen3_1.7b jid=3477606_3 state=PENDING
[2026-09-06T08:22:53+08:00] WAIT qwen3_1.7b jid=3477606_4 state=PENDING
[2026-09-06T08:22:53+08:00] WAIT qwen3_1.7b jid=3477606_5 state=PENDING
[2026-09-06T08:22:53+08:00] WAIT qwen3_1.7b jid=3477606_6 state=PENDING
[2026-09-06T08:22:53+08:00] WAIT olmo3_7b_think jid=3477607_0 state=PENDING
[2026-09-06T08:22:53+08:00] WAIT olmo3_7b_think jid=3477607_1 state=PENDING
[2026-09-06T08:22:53+08:00] WAIT olmo3_7b_think jid=3477607_2 state=PENDING
[2026-09-06T08:22:53+08:00] WAIT olmo3_7b_think jid=3477607_3 state=PENDING
[2026-09-06T08:22:53+08:00] WAIT olmo3_7b_think jid=3477607_4 state=PENDING
[2026-09-06T08:22:53+08:00] WAIT olmo3_7b_think jid=3477607_5 state=PENDING
[2026-09-06T08:22:53+08:00] WAIT olmo3_7b_think jid=3477607_6 state=PENDING
[2026-09-06T08:22:53+08:00] WAIT qwen3_1.7b jid=3477608_0 state=PENDING
[2026-09-06T08:22:53+08:00] WAIT qwen3_1.7b jid=3477608_1 state=PENDING
[2026-09-06T08:22:53+08:00] WAIT qwen3_1.7b jid=3477608_2 state=PENDING
[2026-09-06T08:22:53+08:00] WAIT qwen3_1.7b jid=3477608_3 state=PENDING
[2026-09-06T08:22:53+08:00] WAIT qwen3_1.7b jid=3477608_4 state=PENDING
[2026-09-06T08:22:53+08:00] WAIT qwen3_1.7b jid=3477608_5 state=PENDING
[2026-09-06T08:22:53+08:00] WAIT qwen3_1.7b jid=3477608_6 state=PENDING
[2026-09-06T08:22:53+08:00] WAIT olmo3_7b_think jid=3477609_0 state=PENDING
[2026-09-06T08:22:53+08:00] WAIT olmo3_7b_think jid=3477609_1 state=PENDING
[2026-09-06T08:22:53+08:00] WAIT olmo3_7b_think jid=3477609_2 state=PENDING
[2026-09-06T08:22:53+08:00] WAIT olmo3_7b_think jid=3477609_3 state=PENDING
[2026-09-06T08:22:53+08:00] WAIT olmo3_7b_think jid=3477609_4 state=PENDING
[2026-09-06T08:22:53+08:00] WAIT olmo3_7b_think jid=3477609_5 state=PENDING
[2026-09-06T08:22:53+08:00] WAIT olmo3_7b_think jid=3477609_6 state=PENDING
[2026-09-06T08:22:53+08:00] progress done=0/37 pending=37 failed=0
[2026-09-06T08:24:53+08:00] WAIT qwen3_1.7b jid=3477428 state=PENDING
[2026-09-06T08:24:53+08:00] WAIT qwen3_1.7b jid=3477429 state=PENDING
[2026-09-06T08:24:53+08:00] WAIT qwen3_1.7b jid=3477430 state=PENDING
[2026-09-06T08:24:53+08:00] WAIT olmo3_7b_think jid=3477431 state=PENDING
[2026-09-06T08:24:53+08:00] WAIT olmo3_7b_think jid=3477432 state=PENDING
[2026-09-06T08:24:53+08:00] WAIT olmo3_7b_think jid=3477433 state=PENDING
[2026-09-06T08:24:53+08:00] WAIT qwen3_4b_instruct jid=3477434 state=PENDING
[2026-09-06T08:24:53+08:00] WAIT qwen3_4b_instruct jid=3477435 state=PENDING
[2026-09-06T08:24:53+08:00] WAIT qwen3_4b_instruct jid=3477436 state=PENDING
[2026-09-06T08:24:53+08:00] WAIT qwen3_1.7b jid=3477606_0 state=PENDING
[2026-09-06T08:24:53+08:00] WAIT qwen3_1.7b jid=3477606_1 state=PENDING
[2026-09-06T08:24:53+08:00] WAIT qwen3_1.7b jid=3477606_2 state=PENDING
[2026-09-06T08:24:53+08:00] WAIT qwen3_1.7b jid=3477606_3 state=PENDING
[2026-09-06T08:24:53+08:00] WAIT qwen3_1.7b jid=3477606_4 state=PENDING
[2026-09-06T08:24:53+08:00] WAIT qwen3_1.7b jid=3477606_5 state=PENDING
[2026-09-06T08:24:53+08:00] WAIT qwen3_1.7b jid=3477606_6 state=PENDING
[2026-09-06T08:24:53+08:00] WAIT olmo3_7b_think jid=3477607_0 state=PENDING
[2026-09-06T08:24:53+08:00] WAIT olmo3_7b_think jid=3477607_1 state=PENDING
[2026-09-06T08:24:53+08:00] WAIT olmo3_7b_think jid=3477607_2 state=PENDING
[2026-09-06T08:24:53+08:00] WAIT olmo3_7b_think jid=3477607_3 state=PENDING
[2026-09-06T08:24:53+08:00] WAIT olmo3_7b_think jid=3477607_4 state=PENDING
[2026-09-06T08:24:53+08:00] WAIT olmo3_7b_think jid=3477607_5 state=PENDING
[2026-09-06T08:24:53+08:00] WAIT olmo3_7b_think jid=3477607_6 state=PENDING
[2026-09-06T08:24:53+08:00] WAIT qwen3_1.7b jid=3477608_0 state=PENDING
[2026-09-06T08:24:53+08:00] WAIT qwen3_1.7b jid=3477608_1 state=PENDING
[2026-09-06T08:24:53+08:00] WAIT qwen3_1.7b jid=3477608_2 state=PENDING
[2026-09-06T08:24:53+08:00] WAIT qwen3_1.7b jid=3477608_3 state=PENDING
[2026-09-06T08:24:53+08:00] WAIT qwen3_1.7b jid=3477608_4 state=PENDING
[2026-09-06T08:24:53+08:00] WAIT qwen3_1.7b jid=3477608_5 state=PENDING
[2026-09-06T08:24:53+08:00] WAIT qwen3_1.7b jid=3477608_6 state=PENDING
[2026-09-06T08:24:53+08:00] WAIT olmo3_7b_think jid=3477609_0 state=PENDING
[2026-09-06T08:24:53+08:00] WAIT olmo3_7b_think jid=3477609_1 state=PENDING
[2026-09-06T08:24:53+08:00] WAIT olmo3_7b_think jid=3477609_2 state=PENDING
[2026-09-06T08:24:53+08:00] WAIT olmo3_7b_think jid=3477609_3 state=PENDING
[2026-09-06T08:24:53+08:00] WAIT olmo3_7b_think jid=3477609_4 state=PENDING
[2026-09-06T08:24:53+08:00] WAIT olmo3_7b_think jid=3477609_5 state=PENDING
[2026-09-06T08:24:53+08:00] WAIT olmo3_7b_think jid=3477609_6 state=PENDING
[2026-09-06T08:24:53+08:00] progress done=0/37 pending=37 failed=0
[2026-09-06T08:26:53+08:00] WAIT qwen3_1.7b jid=3477428 state=PENDING
[2026-09-06T08:26:53+08:00] WAIT qwen3_1.7b jid=3477429 state=PENDING
[2026-09-06T08:26:53+08:00] WAIT qwen3_1.7b jid=3477430 state=PENDING
[2026-09-06T08:26:53+08:00] WAIT olmo3_7b_think jid=3477431 state=PENDING
[2026-09-06T08:26:53+08:00] WAIT olmo3_7b_think jid=3477432 state=PENDING
[2026-09-06T08:26:53+08:00] WAIT olmo3_7b_think jid=3477433 state=PENDING
[2026-09-06T08:26:53+08:00] WAIT qwen3_4b_instruct jid=3477434 state=PENDING
[2026-09-06T08:26:53+08:00] WAIT qwen3_4b_instruct jid=3477435 state=PENDING
[2026-09-06T08:26:53+08:00] WAIT qwen3_4b_instruct jid=3477436 state=PENDING
[2026-09-06T08:26:53+08:00] WAIT qwen3_1.7b jid=3477606_0 state=PENDING
[2026-09-06T08:26:53+08:00] WAIT qwen3_1.7b jid=3477606_1 state=PENDING
[2026-09-06T08:26:53+08:00] WAIT qwen3_1.7b jid=3477606_2 state=PENDING
[2026-09-06T08:26:53+08:00] WAIT qwen3_1.7b jid=3477606_3 state=PENDING
[2026-09-06T08:26:53+08:00] WAIT qwen3_1.7b jid=3477606_4 state=PENDING
[2026-09-06T08:26:54+08:00] WAIT qwen3_1.7b jid=3477606_5 state=PENDING
[2026-09-06T08:26:54+08:00] WAIT qwen3_1.7b jid=3477606_6 state=PENDING
[2026-09-06T08:26:54+08:00] WAIT olmo3_7b_think jid=3477607_0 state=PENDING
[2026-09-06T08:26:54+08:00] WAIT olmo3_7b_think jid=3477607_1 state=PENDING
[2026-09-06T08:26:54+08:00] WAIT olmo3_7b_think jid=3477607_2 state=PENDING
[2026-09-06T08:26:54+08:00] WAIT olmo3_7b_think jid=3477607_3 state=PENDING
[2026-09-06T08:26:54+08:00] WAIT olmo3_7b_think jid=3477607_4 state=PENDING
[2026-09-06T08:26:54+08:00] WAIT olmo3_7b_think jid=3477607_5 state=PENDING
[2026-09-06T08:26:54+08:00] WAIT olmo3_7b_think jid=3477607_6 state=PENDING
[2026-09-06T08:26:54+08:00] WAIT qwen3_1.7b jid=3477608_0 state=PENDING
[2026-09-06T08:26:54+08:00] WAIT qwen3_1.7b jid=3477608_1 state=PENDING
[2026-09-06T08:26:54+08:00] WAIT qwen3_1.7b jid=3477608_2 state=PENDING
[2026-09-06T08:26:54+08:00] WAIT qwen3_1.7b jid=3477608_3 state=PENDING
[2026-09-06T08:26:54+08:00] WAIT qwen3_1.7b jid=3477608_4 state=PENDING
[2026-09-06T08:26:54+08:00] WAIT qwen3_1.7b jid=3477608_5 state=PENDING
[2026-09-06T08:26:54+08:00] WAIT qwen3_1.7b jid=3477608_6 state=PENDING
[2026-09-06T08:26:54+08:00] WAIT olmo3_7b_think jid=3477609_0 state=PENDING
[2026-09-06T08:26:54+08:00] WAIT olmo3_7b_think jid=3477609_1 state=PENDING
[2026-09-06T08:26:54+08:00] WAIT olmo3_7b_think jid=3477609_2 state=PENDING
[2026-09-06T08:26:54+08:00] WAIT olmo3_7b_think jid=3477609_3 state=PENDING
[2026-09-06T08:26:54+08:00] WAIT olmo3_7b_think jid=3477609_4 state=PENDING
[2026-09-06T08:26:54+08:00] WAIT olmo3_7b_think jid=3477609_5 state=PENDING
[2026-09-06T08:26:54+08:00] WAIT olmo3_7b_think jid=3477609_6 state=PENDING
[2026-09-06T08:26:54+08:00] progress done=0/37 pending=37 failed=0
[2026-09-06T08:28:54+08:00] WAIT qwen3_1.7b jid=3477428 state=PENDING
[2026-09-06T08:28:54+08:00] WAIT qwen3_1.7b jid=3477429 state=PENDING
[2026-09-06T08:28:54+08:00] WAIT qwen3_1.7b jid=3477430 state=PENDING
[2026-09-06T08:28:54+08:00] WAIT olmo3_7b_think jid=3477431 state=PENDING
[2026-09-06T08:28:54+08:00] WAIT olmo3_7b_think jid=3477432 state=PENDING
[2026-09-06T08:28:54+08:00] WAIT olmo3_7b_think jid=3477433 state=PENDING
[2026-09-06T08:28:54+08:00] WAIT qwen3_4b_instruct jid=3477434 state=PENDING
[2026-09-06T08:28:54+08:00] WAIT qwen3_4b_instruct jid=3477435 state=PENDING
[2026-09-06T08:28:54+08:00] WAIT qwen3_4b_instruct jid=3477436 state=PENDING
[2026-09-06T08:28:54+08:00] WAIT qwen3_1.7b jid=3477606_0 state=PENDING
[2026-09-06T08:28:54+08:00] WAIT qwen3_1.7b jid=3477606_1 state=PENDING
[2026-09-06T08:28:54+08:00] WAIT qwen3_1.7b jid=3477606_2 state=PENDING
[2026-09-06T08:28:54+08:00] WAIT qwen3_1.7b jid=3477606_3 state=PENDING
[2026-09-06T08:28:54+08:00] WAIT qwen3_1.7b jid=3477606_4 state=PENDING
[2026-09-06T08:28:54+08:00] WAIT qwen3_1.7b jid=3477606_5 state=PENDING
[2026-09-06T08:28:54+08:00] WAIT qwen3_1.7b jid=3477606_6 state=PENDING
[2026-09-06T08:28:54+08:00] WAIT olmo3_7b_think jid=3477607_0 state=PENDING
[2026-09-06T08:28:54+08:00] WAIT olmo3_7b_think jid=3477607_1 state=PENDING
[2026-09-06T08:28:54+08:00] WAIT olmo3_7b_think jid=3477607_2 state=PENDING
[2026-09-06T08:28:54+08:00] WAIT olmo3_7b_think jid=3477607_3 state=PENDING
[2026-09-06T08:28:54+08:00] WAIT olmo3_7b_think jid=3477607_4 state=PENDING
[2026-09-06T08:28:54+08:00] WAIT olmo3_7b_think jid=3477607_5 state=PENDING
[2026-09-06T08:28:54+08:00] WAIT olmo3_7b_think jid=3477607_6 state=PENDING
[2026-09-06T08:28:54+08:00] WAIT qwen3_1.7b jid=3477608_0 state=PENDING
[2026-09-06T08:28:54+08:00] WAIT qwen3_1.7b jid=3477608_1 state=PENDING
[2026-09-06T08:28:54+08:00] WAIT qwen3_1.7b jid=3477608_2 state=PENDING
[2026-09-06T08:28:54+08:00] WAIT qwen3_1.7b jid=3477608_3 state=PENDING
[2026-09-06T08:28:54+08:00] WAIT qwen3_1.7b jid=3477608_4 state=PENDING
[2026-09-06T08:28:54+08:00] WAIT qwen3_1.7b jid=3477608_5 state=PENDING
[2026-09-06T08:28:54+08:00] WAIT qwen3_1.7b jid=3477608_6 state=PENDING
[2026-09-06T08:28:54+08:00] WAIT olmo3_7b_think jid=3477609_0 state=PENDING
[2026-09-06T08:28:54+08:00] WAIT olmo3_7b_think jid=3477609_1 state=PENDING
[2026-09-06T08:28:54+08:00] WAIT olmo3_7b_think jid=3477609_2 state=PENDING
[2026-09-06T08:28:54+08:00] WAIT olmo3_7b_think jid=3477609_3 state=PENDING
[2026-09-06T08:28:54+08:00] WAIT olmo3_7b_think jid=3477609_4 state=PENDING
[2026-09-06T08:28:54+08:00] WAIT olmo3_7b_think jid=3477609_5 state=PENDING
[2026-09-06T08:28:54+08:00] WAIT olmo3_7b_think jid=3477609_6 state=PENDING
[2026-09-06T08:28:54+08:00] progress done=0/37 pending=37 failed=0
[2026-09-06T08:30:54+08:00] WAIT qwen3_1.7b jid=3477428 state=PENDING
[2026-09-06T08:30:54+08:00] WAIT qwen3_1.7b jid=3477429 state=PENDING
[2026-09-06T08:30:54+08:00] WAIT qwen3_1.7b jid=3477430 state=PENDING
[2026-09-06T08:30:54+08:00] WAIT olmo3_7b_think jid=3477431 state=PENDING
[2026-09-06T08:30:54+08:00] WAIT olmo3_7b_think jid=3477432 state=PENDING
[2026-09-06T08:30:54+08:00] WAIT olmo3_7b_think jid=3477433 state=PENDING
[2026-09-06T08:30:54+08:00] WAIT qwen3_4b_instruct jid=3477434 state=PENDING
[2026-09-06T08:30:54+08:00] WAIT qwen3_4b_instruct jid=3477435 state=PENDING
[2026-09-06T08:30:54+08:00] WAIT qwen3_4b_instruct jid=3477436 state=PENDING
[2026-09-06T08:30:54+08:00] WAIT qwen3_1.7b jid=3477606_0 state=PENDING
[2026-09-06T08:30:54+08:00] WAIT qwen3_1.7b jid=3477606_1 state=PENDING
[2026-09-06T08:30:54+08:00] WAIT qwen3_1.7b jid=3477606_2 state=PENDING
[2026-09-06T08:30:54+08:00] WAIT qwen3_1.7b jid=3477606_3 state=PENDING
[2026-09-06T08:30:54+08:00] WAIT qwen3_1.7b jid=3477606_4 state=PENDING
[2026-09-06T08:30:54+08:00] WAIT qwen3_1.7b jid=3477606_5 state=PENDING
[2026-09-06T08:30:54+08:00] WAIT qwen3_1.7b jid=3477606_6 state=PENDING
[2026-09-06T08:30:54+08:00] WAIT olmo3_7b_think jid=3477607_0 state=PENDING
[2026-09-06T08:30:54+08:00] WAIT olmo3_7b_think jid=3477607_1 state=PENDING
[2026-09-06T08:30:54+08:00] WAIT olmo3_7b_think jid=3477607_2 state=PENDING
[2026-09-06T08:30:54+08:00] WAIT olmo3_7b_think jid=3477607_3 state=PENDING
[2026-09-06T08:30:54+08:00] WAIT olmo3_7b_think jid=3477607_4 state=PENDING
[2026-09-06T08:30:54+08:00] WAIT olmo3_7b_think jid=3477607_5 state=PENDING
[2026-09-06T08:30:54+08:00] WAIT olmo3_7b_think jid=3477607_6 state=PENDING
[2026-09-06T08:30:54+08:00] WAIT qwen3_1.7b jid=3477608_0 state=PENDING
[2026-09-06T08:30:54+08:00] WAIT qwen3_1.7b jid=3477608_1 state=PENDING
[2026-09-06T08:30:54+08:00] WAIT qwen3_1.7b jid=3477608_2 state=PENDING
[2026-09-06T08:30:54+08:00] WAIT qwen3_1.7b jid=3477608_3 state=PENDING
[2026-09-06T08:30:54+08:00] WAIT qwen3_1.7b jid=3477608_4 state=PENDING
[2026-09-06T08:30:54+08:00] WAIT qwen3_1.7b jid=3477608_5 state=PENDING
[2026-09-06T08:30:54+08:00] WAIT qwen3_1.7b jid=3477608_6 state=PENDING
[2026-09-06T08:30:54+08:00] WAIT olmo3_7b_think jid=3477609_0 state=PENDING
[2026-09-06T08:30:54+08:00] WAIT olmo3_7b_think jid=3477609_1 state=PENDING
[2026-09-06T08:30:54+08:00] WAIT olmo3_7b_think jid=3477609_2 state=PENDING
[2026-09-06T08:30:54+08:00] WAIT olmo3_7b_think jid=3477609_3 state=PENDING
[2026-09-06T08:30:54+08:00] WAIT olmo3_7b_think jid=3477609_4 state=PENDING
[2026-09-06T08:30:54+08:00] WAIT olmo3_7b_think jid=3477609_5 state=PENDING
[2026-09-06T08:30:54+08:00] WAIT olmo3_7b_think jid=3477609_6 state=PENDING
[2026-09-06T08:30:54+08:00] progress done=0/37 pending=37 failed=0
[2026-09-06T08:32:54+08:00] WAIT qwen3_1.7b jid=3477428 state=PENDING
[2026-09-06T08:32:55+08:00] WAIT qwen3_1.7b jid=3477429 state=PENDING
[2026-09-06T08:32:55+08:00] WAIT qwen3_1.7b jid=3477430 state=PENDING
[2026-09-06T08:32:55+08:00] WAIT olmo3_7b_think jid=3477431 state=PENDING
[2026-09-06T08:32:55+08:00] WAIT olmo3_7b_think jid=3477432 state=PENDING
[2026-09-06T08:32:55+08:00] WAIT olmo3_7b_think jid=3477433 state=PENDING
[2026-09-06T08:32:55+08:00] WAIT qwen3_4b_instruct jid=3477434 state=PENDING
[2026-09-06T08:32:55+08:00] WAIT qwen3_4b_instruct jid=3477435 state=PENDING
[2026-09-06T08:32:55+08:00] WAIT qwen3_4b_instruct jid=3477436 state=PENDING
[2026-09-06T08:32:55+08:00] WAIT qwen3_1.7b jid=3477606_0 state=PENDING
[2026-09-06T08:32:55+08:00] WAIT qwen3_1.7b jid=3477606_1 state=PENDING
[2026-09-06T08:32:55+08:00] WAIT qwen3_1.7b jid=3477606_2 state=PENDING
[2026-09-06T08:32:55+08:00] WAIT qwen3_1.7b jid=3477606_3 state=PENDING
[2026-09-06T08:32:55+08:00] WAIT qwen3_1.7b jid=3477606_4 state=PENDING
[2026-09-06T08:32:55+08:00] WAIT qwen3_1.7b jid=3477606_5 state=PENDING
[2026-09-06T08:32:55+08:00] WAIT qwen3_1.7b jid=3477606_6 state=PENDING
[2026-09-06T08:32:55+08:00] WAIT olmo3_7b_think jid=3477607_0 state=PENDING
[2026-09-06T08:32:55+08:00] WAIT olmo3_7b_think jid=3477607_1 state=PENDING
[2026-09-06T08:32:55+08:00] WAIT olmo3_7b_think jid=3477607_2 state=PENDING
[2026-09-06T08:32:55+08:00] WAIT olmo3_7b_think jid=3477607_3 state=PENDING
[2026-09-06T08:32:55+08:00] WAIT olmo3_7b_think jid=3477607_4 state=PENDING
[2026-09-06T08:32:55+08:00] WAIT olmo3_7b_think jid=3477607_5 state=PENDING
[2026-09-06T08:32:55+08:00] WAIT olmo3_7b_think jid=3477607_6 state=PENDING
[2026-09-06T08:32:55+08:00] WAIT qwen3_1.7b jid=3477608_0 state=PENDING
[2026-09-06T08:32:55+08:00] WAIT qwen3_1.7b jid=3477608_1 state=PENDING
[2026-09-06T08:32:55+08:00] WAIT qwen3_1.7b jid=3477608_2 state=PENDING
[2026-09-06T08:32:55+08:00] WAIT qwen3_1.7b jid=3477608_3 state=PENDING
[2026-09-06T08:32:55+08:00] WAIT qwen3_1.7b jid=3477608_4 state=PENDING
[2026-09-06T08:32:55+08:00] WAIT qwen3_1.7b jid=3477608_5 state=PENDING
[2026-09-06T08:32:55+08:00] WAIT qwen3_1.7b jid=3477608_6 state=PENDING
[2026-09-06T08:32:55+08:00] WAIT olmo3_7b_think jid=3477609_0 state=PENDING
[2026-09-06T08:32:55+08:00] WAIT olmo3_7b_think jid=3477609_1 state=PENDING
[2026-09-06T08:32:55+08:00] WAIT olmo3_7b_think jid=3477609_2 state=PENDING
[2026-09-06T08:32:55+08:00] WAIT olmo3_7b_think jid=3477609_3 state=PENDING
[2026-09-06T08:32:55+08:00] WAIT olmo3_7b_think jid=3477609_4 state=PENDING
[2026-09-06T08:32:55+08:00] WAIT olmo3_7b_think jid=3477609_5 state=PENDING
[2026-09-06T08:32:55+08:00] WAIT olmo3_7b_think jid=3477609_6 state=PENDING
[2026-09-06T08:32:55+08:00] progress done=0/37 pending=37 failed=0
[2026-09-06T08:34:55+08:00] WAIT qwen3_1.7b jid=3477428 state=PENDING
[2026-09-06T08:34:55+08:00] WAIT qwen3_1.7b jid=3477429 state=PENDING
[2026-09-06T08:34:55+08:00] WAIT qwen3_1.7b jid=3477430 state=PENDING
[2026-09-06T08:34:55+08:00] WAIT olmo3_7b_think jid=3477431 state=PENDING
[2026-09-06T08:34:55+08:00] WAIT olmo3_7b_think jid=3477432 state=PENDING
[2026-09-06T08:34:55+08:00] WAIT olmo3_7b_think jid=3477433 state=PENDING
[2026-09-06T08:34:55+08:00] WAIT qwen3_4b_instruct jid=3477434 state=PENDING
[2026-09-06T08:34:55+08:00] WAIT qwen3_4b_instruct jid=3477435 state=PENDING
[2026-09-06T08:34:55+08:00] WAIT qwen3_4b_instruct jid=3477436 state=PENDING
[2026-09-06T08:34:55+08:00] WAIT qwen3_1.7b jid=3477606_0 state=PENDING
[2026-09-06T08:34:55+08:00] WAIT qwen3_1.7b jid=3477606_1 state=PENDING
[2026-09-06T08:34:55+08:00] WAIT qwen3_1.7b jid=3477606_2 state=PENDING
[2026-09-06T08:34:55+08:00] WAIT qwen3_1.7b jid=3477606_3 state=PENDING
[2026-09-06T08:34:55+08:00] WAIT qwen3_1.7b jid=3477606_4 state=PENDING
[2026-09-06T08:34:55+08:00] WAIT qwen3_1.7b jid=3477606_5 state=PENDING
[2026-09-06T08:34:55+08:00] WAIT qwen3_1.7b jid=3477606_6 state=PENDING
[2026-09-06T08:34:55+08:00] WAIT olmo3_7b_think jid=3477607_0 state=PENDING
[2026-09-06T08:34:55+08:00] WAIT olmo3_7b_think jid=3477607_1 state=PENDING
[2026-09-06T08:34:55+08:00] WAIT olmo3_7b_think jid=3477607_2 state=PENDING
[2026-09-06T08:34:55+08:00] WAIT olmo3_7b_think jid=3477607_3 state=PENDING
[2026-09-06T08:34:55+08:00] WAIT olmo3_7b_think jid=3477607_4 state=PENDING
[2026-09-06T08:34:55+08:00] WAIT olmo3_7b_think jid=3477607_5 state=PENDING
[2026-09-06T08:34:55+08:00] WAIT olmo3_7b_think jid=3477607_6 state=PENDING
[2026-09-06T08:34:55+08:00] WAIT qwen3_1.7b jid=3477608_0 state=PENDING
[2026-09-06T08:34:55+08:00] WAIT qwen3_1.7b jid=3477608_1 state=PENDING
[2026-09-06T08:34:55+08:00] WAIT qwen3_1.7b jid=3477608_2 state=PENDING
[2026-09-06T08:34:55+08:00] WAIT qwen3_1.7b jid=3477608_3 state=PENDING
[2026-09-06T08:34:55+08:00] WAIT qwen3_1.7b jid=3477608_4 state=PENDING
[2026-09-06T08:34:55+08:00] WAIT qwen3_1.7b jid=3477608_5 state=PENDING
[2026-09-06T08:34:55+08:00] WAIT qwen3_1.7b jid=3477608_6 state=PENDING
[2026-09-06T08:34:55+08:00] WAIT olmo3_7b_think jid=3477609_0 state=PENDING
[2026-09-06T08:34:55+08:00] WAIT olmo3_7b_think jid=3477609_1 state=PENDING
[2026-09-06T08:34:55+08:00] WAIT olmo3_7b_think jid=3477609_2 state=PENDING
[2026-09-06T08:34:55+08:00] WAIT olmo3_7b_think jid=3477609_3 state=PENDING
[2026-09-06T08:34:55+08:00] WAIT olmo3_7b_think jid=3477609_4 state=PENDING
[2026-09-06T08:34:55+08:00] WAIT olmo3_7b_think jid=3477609_5 state=PENDING
[2026-09-06T08:34:55+08:00] WAIT olmo3_7b_think jid=3477609_6 state=PENDING
[2026-09-06T08:34:55+08:00] progress done=0/37 pending=37 failed=0
[2026-09-06T08:36:55+08:00] WAIT qwen3_1.7b jid=3477428 state=PENDING
[2026-09-06T08:36:55+08:00] WAIT qwen3_1.7b jid=3477429 state=PENDING
[2026-09-06T08:36:55+08:00] WAIT qwen3_1.7b jid=3477430 state=PENDING
[2026-09-06T08:36:55+08:00] WAIT olmo3_7b_think jid=3477431 state=PENDING
[2026-09-06T08:36:55+08:00] WAIT olmo3_7b_think jid=3477432 state=PENDING
[2026-09-06T08:36:55+08:00] WAIT olmo3_7b_think jid=3477433 state=PENDING
[2026-09-06T08:36:55+08:00] WAIT qwen3_4b_instruct jid=3477434 state=PENDING
[2026-09-06T08:36:55+08:00] WAIT qwen3_4b_instruct jid=3477435 state=PENDING
[2026-09-06T08:36:55+08:00] WAIT qwen3_4b_instruct jid=3477436 state=PENDING
[2026-09-06T08:36:55+08:00] WAIT qwen3_1.7b jid=3477606_0 state=PENDING
[2026-09-06T08:36:55+08:00] WAIT qwen3_1.7b jid=3477606_1 state=PENDING
[2026-09-06T08:36:55+08:00] WAIT qwen3_1.7b jid=3477606_2 state=PENDING
[2026-09-06T08:36:55+08:00] WAIT qwen3_1.7b jid=3477606_3 state=PENDING
[2026-09-06T08:36:55+08:00] WAIT qwen3_1.7b jid=3477606_4 state=PENDING
[2026-09-06T08:36:55+08:00] WAIT qwen3_1.7b jid=3477606_5 state=PENDING
[2026-09-06T08:36:55+08:00] WAIT qwen3_1.7b jid=3477606_6 state=PENDING
[2026-09-06T08:36:55+08:00] WAIT olmo3_7b_think jid=3477607_0 state=PENDING
[2026-09-06T08:36:55+08:00] WAIT olmo3_7b_think jid=3477607_1 state=PENDING
[2026-09-06T08:36:55+08:00] WAIT olmo3_7b_think jid=3477607_2 state=PENDING
[2026-09-06T08:36:55+08:00] WAIT olmo3_7b_think jid=3477607_3 state=PENDING
[2026-09-06T08:36:55+08:00] WAIT olmo3_7b_think jid=3477607_4 state=PENDING
[2026-09-06T08:36:55+08:00] WAIT olmo3_7b_think jid=3477607_5 state=PENDING
[2026-09-06T08:36:55+08:00] WAIT olmo3_7b_think jid=3477607_6 state=PENDING
[2026-09-06T08:36:55+08:00] WAIT qwen3_1.7b jid=3477608_0 state=PENDING
[2026-09-06T08:36:55+08:00] WAIT qwen3_1.7b jid=3477608_1 state=PENDING
[2026-09-06T08:36:56+08:00] WAIT qwen3_1.7b jid=3477608_2 state=PENDING
[2026-09-06T08:36:56+08:00] WAIT qwen3_1.7b jid=3477608_3 state=PENDING
[2026-09-06T08:36:56+08:00] WAIT qwen3_1.7b jid=3477608_4 state=PENDING
[2026-09-06T08:36:56+08:00] WAIT qwen3_1.7b jid=3477608_5 state=PENDING
[2026-09-06T08:36:56+08:00] WAIT qwen3_1.7b jid=3477608_6 state=PENDING
[2026-09-06T08:36:56+08:00] WAIT olmo3_7b_think jid=3477609_0 state=PENDING
[2026-09-06T08:36:56+08:00] WAIT olmo3_7b_think jid=3477609_1 state=PENDING
[2026-09-06T08:36:56+08:00] WAIT olmo3_7b_think jid=3477609_2 state=PENDING
[2026-09-06T08:36:56+08:00] WAIT olmo3_7b_think jid=3477609_3 state=PENDING
[2026-09-06T08:36:56+08:00] WAIT olmo3_7b_think jid=3477609_4 state=PENDING
[2026-09-06T08:36:56+08:00] WAIT olmo3_7b_think jid=3477609_5 state=PENDING
[2026-09-06T08:36:56+08:00] WAIT olmo3_7b_think jid=3477609_6 state=PENDING
[2026-09-06T08:36:56+08:00] progress done=0/37 pending=37 failed=0
[2026-09-06T08:38:56+08:00] WAIT qwen3_1.7b jid=3477428 state=PENDING
[2026-09-06T08:38:56+08:00] WAIT qwen3_1.7b jid=3477429 state=PENDING
[2026-09-06T08:38:56+08:00] WAIT qwen3_1.7b jid=3477430 state=PENDING
[2026-09-06T08:38:56+08:00] WAIT olmo3_7b_think jid=3477431 state=PENDING
[2026-09-06T08:38:56+08:00] WAIT olmo3_7b_think jid=3477432 state=PENDING
[2026-09-06T08:38:56+08:00] WAIT olmo3_7b_think jid=3477433 state=PENDING
[2026-09-06T08:38:56+08:00] WAIT qwen3_4b_instruct jid=3477434 state=PENDING
[2026-09-06T08:38:56+08:00] WAIT qwen3_4b_instruct jid=3477435 state=PENDING
[2026-09-06T08:38:56+08:00] WAIT qwen3_4b_instruct jid=3477436 state=PENDING
[2026-09-06T08:38:56+08:00] WAIT qwen3_1.7b jid=3477606_0 state=PENDING
[2026-09-06T08:38:56+08:00] WAIT qwen3_1.7b jid=3477606_1 state=PENDING
[2026-09-06T08:38:56+08:00] WAIT qwen3_1.7b jid=3477606_2 state=PENDING
[2026-09-06T08:38:56+08:00] WAIT qwen3_1.7b jid=3477606_3 state=PENDING
[2026-09-06T08:38:56+08:00] WAIT qwen3_1.7b jid=3477606_4 state=PENDING
[2026-09-06T08:38:56+08:00] WAIT qwen3_1.7b jid=3477606_5 state=PENDING
[2026-09-06T08:38:56+08:00] WAIT qwen3_1.7b jid=3477606_6 state=PENDING
[2026-09-06T08:38:56+08:00] WAIT olmo3_7b_think jid=3477607_0 state=PENDING
[2026-09-06T08:38:56+08:00] WAIT olmo3_7b_think jid=3477607_1 state=PENDING
[2026-09-06T08:38:56+08:00] WAIT olmo3_7b_think jid=3477607_2 state=PENDING
[2026-09-06T08:38:56+08:00] WAIT olmo3_7b_think jid=3477607_3 state=PENDING
[2026-09-06T08:38:56+08:00] WAIT olmo3_7b_think jid=3477607_4 state=PENDING
[2026-09-06T08:38:56+08:00] WAIT olmo3_7b_think jid=3477607_5 state=PENDING
[2026-09-06T08:38:56+08:00] WAIT olmo3_7b_think jid=3477607_6 state=PENDING
[2026-09-06T08:38:56+08:00] WAIT qwen3_1.7b jid=3477608_0 state=PENDING
[2026-09-06T08:38:56+08:00] WAIT qwen3_1.7b jid=3477608_1 state=PENDING
[2026-09-06T08:38:56+08:00] WAIT qwen3_1.7b jid=3477608_2 state=PENDING
[2026-09-06T08:38:56+08:00] WAIT qwen3_1.7b jid=3477608_3 state=PENDING
[2026-09-06T08:38:56+08:00] WAIT qwen3_1.7b jid=3477608_4 state=PENDING
[2026-09-06T08:38:56+08:00] WAIT qwen3_1.7b jid=3477608_5 state=PENDING
[2026-09-06T08:38:56+08:00] WAIT qwen3_1.7b jid=3477608_6 state=PENDING
[2026-09-06T08:38:56+08:00] WAIT olmo3_7b_think jid=3477609_0 state=PENDING
[2026-09-06T08:38:56+08:00] WAIT olmo3_7b_think jid=3477609_1 state=PENDING
[2026-09-06T08:38:56+08:00] WAIT olmo3_7b_think jid=3477609_2 state=PENDING
[2026-09-06T08:38:56+08:00] WAIT olmo3_7b_think jid=3477609_3 state=PENDING
[2026-09-06T08:38:56+08:00] WAIT olmo3_7b_think jid=3477609_4 state=PENDING
[2026-09-06T08:38:56+08:00] WAIT olmo3_7b_think jid=3477609_5 state=PENDING
[2026-09-06T08:38:56+08:00] WAIT olmo3_7b_think jid=3477609_6 state=PENDING
[2026-09-06T08:38:56+08:00] progress done=0/37 pending=37 failed=0
[2026-09-06T08:40:56+08:00] WAIT qwen3_1.7b jid=3477428 state=PENDING
[2026-09-06T08:40:56+08:00] WAIT qwen3_1.7b jid=3477429 state=PENDING
[2026-09-06T08:40:56+08:00] WAIT qwen3_1.7b jid=3477430 state=PENDING
[2026-09-06T08:40:56+08:00] WAIT olmo3_7b_think jid=3477431 state=PENDING
[2026-09-06T08:40:56+08:00] WAIT olmo3_7b_think jid=3477432 state=PENDING
[2026-09-06T08:40:56+08:00] WAIT olmo3_7b_think jid=3477433 state=PENDING
[2026-09-06T08:40:56+08:00] WAIT qwen3_4b_instruct jid=3477434 state=PENDING
[2026-09-06T08:40:56+08:00] WAIT qwen3_4b_instruct jid=3477435 state=PENDING
[2026-09-06T08:40:56+08:00] WAIT qwen3_4b_instruct jid=3477436 state=PENDING
[2026-09-06T08:40:56+08:00] WAIT qwen3_1.7b jid=3477606_0 state=PENDING
[2026-09-06T08:40:56+08:00] WAIT qwen3_1.7b jid=3477606_1 state=PENDING
[2026-09-06T08:40:56+08:00] WAIT qwen3_1.7b jid=3477606_2 state=PENDING
[2026-09-06T08:40:56+08:00] WAIT qwen3_1.7b jid=3477606_3 state=PENDING
[2026-09-06T08:40:56+08:00] WAIT qwen3_1.7b jid=3477606_4 state=PENDING
[2026-09-06T08:40:56+08:00] WAIT qwen3_1.7b jid=3477606_5 state=PENDING
[2026-09-06T08:40:56+08:00] WAIT qwen3_1.7b jid=3477606_6 state=PENDING
[2026-09-06T08:40:56+08:00] WAIT olmo3_7b_think jid=3477607_0 state=PENDING
[2026-09-06T08:40:56+08:00] WAIT olmo3_7b_think jid=3477607_1 state=PENDING
[2026-09-06T08:40:56+08:00] WAIT olmo3_7b_think jid=3477607_2 state=PENDING
[2026-09-06T08:40:56+08:00] WAIT olmo3_7b_think jid=3477607_3 state=PENDING
[2026-09-06T08:40:56+08:00] WAIT olmo3_7b_think jid=3477607_4 state=PENDING
[2026-09-06T08:40:56+08:00] WAIT olmo3_7b_think jid=3477607_5 state=PENDING
[2026-09-06T08:40:56+08:00] WAIT olmo3_7b_think jid=3477607_6 state=PENDING
[2026-09-06T08:40:56+08:00] WAIT qwen3_1.7b jid=3477608_0 state=PENDING
[2026-09-06T08:40:56+08:00] WAIT qwen3_1.7b jid=3477608_1 state=PENDING
[2026-09-06T08:40:56+08:00] WAIT qwen3_1.7b jid=3477608_2 state=PENDING
[2026-09-06T08:40:56+08:00] WAIT qwen3_1.7b jid=3477608_3 state=PENDING
[2026-09-06T08:40:56+08:00] WAIT qwen3_1.7b jid=3477608_4 state=PENDING
[2026-09-06T08:40:56+08:00] WAIT qwen3_1.7b jid=3477608_5 state=PENDING
[2026-09-06T08:40:56+08:00] WAIT qwen3_1.7b jid=3477608_6 state=PENDING
[2026-09-06T08:40:56+08:00] WAIT olmo3_7b_think jid=3477609_0 state=PENDING
[2026-09-06T08:40:56+08:00] WAIT olmo3_7b_think jid=3477609_1 state=PENDING
[2026-09-06T08:40:56+08:00] WAIT olmo3_7b_think jid=3477609_2 state=PENDING
[2026-09-06T08:40:56+08:00] WAIT olmo3_7b_think jid=3477609_3 state=PENDING
[2026-09-06T08:40:56+08:00] WAIT olmo3_7b_think jid=3477609_4 state=PENDING
[2026-09-06T08:40:56+08:00] WAIT olmo3_7b_think jid=3477609_5 state=PENDING
[2026-09-06T08:40:56+08:00] WAIT olmo3_7b_think jid=3477609_6 state=PENDING
[2026-09-06T08:40:56+08:00] progress done=0/37 pending=37 failed=0
[2026-09-06T08:42:56+08:00] WAIT qwen3_1.7b jid=3477428 state=PENDING
[2026-09-06T08:42:56+08:00] WAIT qwen3_1.7b jid=3477429 state=PENDING
[2026-09-06T08:42:56+08:00] WAIT qwen3_1.7b jid=3477430 state=PENDING
[2026-09-06T08:42:56+08:00] WAIT olmo3_7b_think jid=3477431 state=PENDING
[2026-09-06T08:42:56+08:00] WAIT olmo3_7b_think jid=3477432 state=PENDING
[2026-09-06T08:42:56+08:00] WAIT olmo3_7b_think jid=3477433 state=PENDING
[2026-09-06T08:42:56+08:00] WAIT qwen3_4b_instruct jid=3477434 state=PENDING
[2026-09-06T08:42:56+08:00] WAIT qwen3_4b_instruct jid=3477435 state=PENDING
[2026-09-06T08:42:57+08:00] WAIT qwen3_4b_instruct jid=3477436 state=PENDING
[2026-09-06T08:42:57+08:00] WAIT qwen3_1.7b jid=3477606_0 state=PENDING
[2026-09-06T08:42:57+08:00] WAIT qwen3_1.7b jid=3477606_1 state=PENDING
[2026-09-06T08:42:57+08:00] WAIT qwen3_1.7b jid=3477606_2 state=PENDING
[2026-09-06T08:42:57+08:00] WAIT qwen3_1.7b jid=3477606_3 state=PENDING
[2026-09-06T08:42:57+08:00] WAIT qwen3_1.7b jid=3477606_4 state=PENDING
[2026-09-06T08:42:57+08:00] WAIT qwen3_1.7b jid=3477606_5 state=PENDING
[2026-09-06T08:42:57+08:00] WAIT qwen3_1.7b jid=3477606_6 state=PENDING
[2026-09-06T08:42:57+08:00] WAIT olmo3_7b_think jid=3477607_0 state=PENDING
[2026-09-06T08:42:57+08:00] WAIT olmo3_7b_think jid=3477607_1 state=PENDING
[2026-09-06T08:42:57+08:00] WAIT olmo3_7b_think jid=3477607_2 state=PENDING
[2026-09-06T08:42:57+08:00] WAIT olmo3_7b_think jid=3477607_3 state=PENDING
[2026-09-06T08:42:57+08:00] WAIT olmo3_7b_think jid=3477607_4 state=PENDING
[2026-09-06T08:42:57+08:00] WAIT olmo3_7b_think jid=3477607_5 state=PENDING
[2026-09-06T08:42:57+08:00] WAIT olmo3_7b_think jid=3477607_6 state=PENDING
[2026-09-06T08:42:57+08:00] WAIT qwen3_1.7b jid=3477608_0 state=PENDING
[2026-09-06T08:42:57+08:00] WAIT qwen3_1.7b jid=3477608_1 state=PENDING
[2026-09-06T08:42:57+08:00] WAIT qwen3_1.7b jid=3477608_2 state=PENDING
[2026-09-06T08:42:57+08:00] WAIT qwen3_1.7b jid=3477608_3 state=PENDING
[2026-09-06T08:42:57+08:00] WAIT qwen3_1.7b jid=3477608_4 state=PENDING
[2026-09-06T08:42:57+08:00] WAIT qwen3_1.7b jid=3477608_5 state=PENDING
[2026-09-06T08:42:57+08:00] WAIT qwen3_1.7b jid=3477608_6 state=PENDING
[2026-09-06T08:42:57+08:00] WAIT olmo3_7b_think jid=3477609_0 state=PENDING
[2026-09-06T08:42:57+08:00] WAIT olmo3_7b_think jid=3477609_1 state=PENDING
[2026-09-06T08:42:57+08:00] WAIT olmo3_7b_think jid=3477609_2 state=PENDING
[2026-09-06T08:42:57+08:00] WAIT olmo3_7b_think jid=3477609_3 state=PENDING
[2026-09-06T08:42:57+08:00] WAIT olmo3_7b_think jid=3477609_4 state=PENDING
[2026-09-06T08:42:57+08:00] WAIT olmo3_7b_think jid=3477609_5 state=PENDING
[2026-09-06T08:42:57+08:00] WAIT olmo3_7b_think jid=3477609_6 state=PENDING
[2026-09-06T08:42:57+08:00] progress done=0/37 pending=37 failed=0
[2026-09-06T08:44:57+08:00] WAIT qwen3_1.7b jid=3477428 state=PENDING
[2026-09-06T08:44:57+08:00] WAIT qwen3_1.7b jid=3477429 state=PENDING
[2026-09-06T08:44:57+08:00] WAIT qwen3_1.7b jid=3477430 state=PENDING
[2026-09-06T08:44:57+08:00] WAIT olmo3_7b_think jid=3477431 state=PENDING
[2026-09-06T08:44:57+08:00] WAIT olmo3_7b_think jid=3477432 state=PENDING
[2026-09-06T08:44:57+08:00] WAIT olmo3_7b_think jid=3477433 state=PENDING
[2026-09-06T08:44:57+08:00] WAIT qwen3_4b_instruct jid=3477434 state=PENDING
[2026-09-06T08:44:57+08:00] WAIT qwen3_4b_instruct jid=3477435 state=PENDING
[2026-09-06T08:44:57+08:00] WAIT qwen3_4b_instruct jid=3477436 state=PENDING
[2026-09-06T08:44:57+08:00] WAIT qwen3_1.7b jid=3477606_0 state=PENDING
[2026-09-06T08:44:57+08:00] WAIT qwen3_1.7b jid=3477606_1 state=PENDING
[2026-09-06T08:44:57+08:00] WAIT qwen3_1.7b jid=3477606_2 state=PENDING
[2026-09-06T08:44:57+08:00] WAIT qwen3_1.7b jid=3477606_3 state=PENDING
[2026-09-06T08:44:57+08:00] WAIT qwen3_1.7b jid=3477606_4 state=PENDING
[2026-09-06T08:44:57+08:00] WAIT qwen3_1.7b jid=3477606_5 state=PENDING
[2026-09-06T08:44:57+08:00] WAIT qwen3_1.7b jid=3477606_6 state=PENDING
[2026-09-06T08:44:57+08:00] WAIT olmo3_7b_think jid=3477607_0 state=PENDING
[2026-09-06T08:44:57+08:00] WAIT olmo3_7b_think jid=3477607_1 state=PENDING
[2026-09-06T08:44:57+08:00] WAIT olmo3_7b_think jid=3477607_2 state=PENDING
[2026-09-06T08:44:57+08:00] WAIT olmo3_7b_think jid=3477607_3 state=PENDING
[2026-09-06T08:44:57+08:00] WAIT olmo3_7b_think jid=3477607_4 state=PENDING
[2026-09-06T08:44:57+08:00] WAIT olmo3_7b_think jid=3477607_5 state=PENDING
[2026-09-06T08:44:57+08:00] WAIT olmo3_7b_think jid=3477607_6 state=PENDING
[2026-09-06T08:44:57+08:00] WAIT qwen3_1.7b jid=3477608_0 state=PENDING
[2026-09-06T08:44:57+08:00] WAIT qwen3_1.7b jid=3477608_1 state=PENDING
[2026-09-06T08:44:57+08:00] WAIT qwen3_1.7b jid=3477608_2 state=PENDING
[2026-09-06T08:44:57+08:00] WAIT qwen3_1.7b jid=3477608_3 state=PENDING
[2026-09-06T08:44:57+08:00] WAIT qwen3_1.7b jid=3477608_4 state=PENDING
[2026-09-06T08:44:57+08:00] WAIT qwen3_1.7b jid=3477608_5 state=PENDING
[2026-09-06T08:44:57+08:00] WAIT qwen3_1.7b jid=3477608_6 state=PENDING
[2026-09-06T08:44:57+08:00] WAIT olmo3_7b_think jid=3477609_0 state=PENDING
[2026-09-06T08:44:57+08:00] WAIT olmo3_7b_think jid=3477609_1 state=PENDING
[2026-09-06T08:44:57+08:00] WAIT olmo3_7b_think jid=3477609_2 state=PENDING
[2026-09-06T08:44:57+08:00] WAIT olmo3_7b_think jid=3477609_3 state=PENDING
[2026-09-06T08:44:57+08:00] WAIT olmo3_7b_think jid=3477609_4 state=PENDING
[2026-09-06T08:44:57+08:00] WAIT olmo3_7b_think jid=3477609_5 state=PENDING
[2026-09-06T08:44:57+08:00] WAIT olmo3_7b_think jid=3477609_6 state=PENDING
[2026-09-06T08:44:57+08:00] progress done=0/37 pending=37 failed=0
[2026-09-06T08:46:57+08:00] WAIT qwen3_1.7b jid=3477428 state=PENDING
[2026-09-06T08:46:57+08:00] WAIT qwen3_1.7b jid=3477429 state=PENDING
[2026-09-06T08:46:57+08:00] WAIT qwen3_1.7b jid=3477430 state=PENDING
[2026-09-06T08:46:57+08:00] WAIT olmo3_7b_think jid=3477431 state=PENDING
[2026-09-06T08:46:57+08:00] WAIT olmo3_7b_think jid=3477432 state=PENDING
[2026-09-06T08:46:57+08:00] WAIT olmo3_7b_think jid=3477433 state=PENDING
[2026-09-06T08:46:57+08:00] WAIT qwen3_4b_instruct jid=3477434 state=PENDING
[2026-09-06T08:46:57+08:00] WAIT qwen3_4b_instruct jid=3477435 state=PENDING
[2026-09-06T08:46:57+08:00] WAIT qwen3_4b_instruct jid=3477436 state=PENDING
[2026-09-06T08:46:57+08:00] WAIT qwen3_1.7b jid=3477606_0 state=PENDING
[2026-09-06T08:46:57+08:00] WAIT qwen3_1.7b jid=3477606_1 state=PENDING
[2026-09-06T08:46:57+08:00] WAIT qwen3_1.7b jid=3477606_2 state=PENDING
[2026-09-06T08:46:57+08:00] WAIT qwen3_1.7b jid=3477606_3 state=PENDING
[2026-09-06T08:46:57+08:00] WAIT qwen3_1.7b jid=3477606_4 state=PENDING
[2026-09-06T08:46:57+08:00] WAIT qwen3_1.7b jid=3477606_5 state=PENDING
[2026-09-06T08:46:57+08:00] WAIT qwen3_1.7b jid=3477606_6 state=PENDING
[2026-09-06T08:46:57+08:00] WAIT olmo3_7b_think jid=3477607_0 state=PENDING
[2026-09-06T08:46:57+08:00] WAIT olmo3_7b_think jid=3477607_1 state=PENDING
[2026-09-06T08:46:57+08:00] WAIT olmo3_7b_think jid=3477607_2 state=PENDING
[2026-09-06T08:46:57+08:00] WAIT olmo3_7b_think jid=3477607_3 state=PENDING
[2026-09-06T08:46:57+08:00] WAIT olmo3_7b_think jid=3477607_4 state=PENDING
[2026-09-06T08:46:57+08:00] WAIT olmo3_7b_think jid=3477607_5 state=PENDING
[2026-09-06T08:46:57+08:00] WAIT olmo3_7b_think jid=3477607_6 state=PENDING
[2026-09-06T08:46:57+08:00] WAIT qwen3_1.7b jid=3477608_0 state=PENDING
[2026-09-06T08:46:57+08:00] WAIT qwen3_1.7b jid=3477608_1 state=PENDING
[2026-09-06T08:46:57+08:00] WAIT qwen3_1.7b jid=3477608_2 state=PENDING
[2026-09-06T08:46:58+08:00] WAIT qwen3_1.7b jid=3477608_3 state=PENDING
[2026-09-06T08:46:58+08:00] WAIT qwen3_1.7b jid=3477608_4 state=PENDING
[2026-09-06T08:46:58+08:00] WAIT qwen3_1.7b jid=3477608_5 state=PENDING
[2026-09-06T08:46:58+08:00] WAIT qwen3_1.7b jid=3477608_6 state=PENDING
[2026-09-06T08:46:58+08:00] WAIT olmo3_7b_think jid=3477609_0 state=PENDING
[2026-09-06T08:46:58+08:00] WAIT olmo3_7b_think jid=3477609_1 state=PENDING
[2026-09-06T08:46:58+08:00] WAIT olmo3_7b_think jid=3477609_2 state=PENDING
[2026-09-06T08:46:58+08:00] WAIT olmo3_7b_think jid=3477609_3 state=PENDING
[2026-09-06T08:46:58+08:00] WAIT olmo3_7b_think jid=3477609_4 state=PENDING
[2026-09-06T08:46:58+08:00] WAIT olmo3_7b_think jid=3477609_5 state=PENDING
[2026-09-06T08:46:58+08:00] WAIT olmo3_7b_think jid=3477609_6 state=PENDING
[2026-09-06T08:46:58+08:00] progress done=0/37 pending=37 failed=0
[2026-09-06T08:48:58+08:00] WAIT qwen3_1.7b jid=3477428 state=PENDING
[2026-09-06T08:48:58+08:00] WAIT qwen3_1.7b jid=3477429 state=PENDING
[2026-09-06T08:48:58+08:00] WAIT qwen3_1.7b jid=3477430 state=PENDING
[2026-09-06T08:48:58+08:00] WAIT olmo3_7b_think jid=3477431 state=PENDING
[2026-09-06T08:48:58+08:00] WAIT olmo3_7b_think jid=3477432 state=PENDING
[2026-09-06T08:48:58+08:00] WAIT olmo3_7b_think jid=3477433 state=PENDING
[2026-09-06T08:48:58+08:00] WAIT qwen3_4b_instruct jid=3477434 state=PENDING
[2026-09-06T08:48:58+08:00] WAIT qwen3_4b_instruct jid=3477435 state=PENDING
[2026-09-06T08:48:58+08:00] WAIT qwen3_4b_instruct jid=3477436 state=PENDING
[2026-09-06T08:48:58+08:00] WAIT qwen3_1.7b jid=3477606_0 state=PENDING
[2026-09-06T08:48:58+08:00] WAIT qwen3_1.7b jid=3477606_1 state=PENDING
[2026-09-06T08:48:58+08:00] WAIT qwen3_1.7b jid=3477606_2 state=PENDING
[2026-09-06T08:48:58+08:00] WAIT qwen3_1.7b jid=3477606_3 state=PENDING
[2026-09-06T08:48:58+08:00] WAIT qwen3_1.7b jid=3477606_4 state=PENDING
[2026-09-06T08:48:58+08:00] WAIT qwen3_1.7b jid=3477606_5 state=PENDING
[2026-09-06T08:48:58+08:00] WAIT qwen3_1.7b jid=3477606_6 state=PENDING
[2026-09-06T08:48:58+08:00] WAIT olmo3_7b_think jid=3477607_0 state=PENDING
[2026-09-06T08:48:58+08:00] WAIT olmo3_7b_think jid=3477607_1 state=PENDING
[2026-09-06T08:48:58+08:00] WAIT olmo3_7b_think jid=3477607_2 state=PENDING
[2026-09-06T08:48:58+08:00] WAIT olmo3_7b_think jid=3477607_3 state=PENDING
[2026-09-06T08:48:58+08:00] WAIT olmo3_7b_think jid=3477607_4 state=PENDING
[2026-09-06T08:48:58+08:00] WAIT olmo3_7b_think jid=3477607_5 state=PENDING
[2026-09-06T08:48:58+08:00] WAIT olmo3_7b_think jid=3477607_6 state=PENDING
[2026-09-06T08:48:58+08:00] WAIT qwen3_1.7b jid=3477608_0 state=PENDING
[2026-09-06T08:48:58+08:00] WAIT qwen3_1.7b jid=3477608_1 state=PENDING
[2026-09-06T08:48:58+08:00] WAIT qwen3_1.7b jid=3477608_2 state=PENDING
[2026-09-06T08:48:58+08:00] WAIT qwen3_1.7b jid=3477608_3 state=PENDING
[2026-09-06T08:48:58+08:00] WAIT qwen3_1.7b jid=3477608_4 state=PENDING
[2026-09-06T08:48:58+08:00] WAIT qwen3_1.7b jid=3477608_5 state=PENDING
[2026-09-06T08:48:58+08:00] WAIT qwen3_1.7b jid=3477608_6 state=PENDING
[2026-09-06T08:48:58+08:00] WAIT olmo3_7b_think jid=3477609_0 state=PENDING
[2026-09-06T08:48:58+08:00] WAIT olmo3_7b_think jid=3477609_1 state=PENDING
[2026-09-06T08:48:58+08:00] WAIT olmo3_7b_think jid=3477609_2 state=PENDING
[2026-09-06T08:48:58+08:00] WAIT olmo3_7b_think jid=3477609_3 state=PENDING
[2026-09-06T08:48:58+08:00] WAIT olmo3_7b_think jid=3477609_4 state=PENDING
[2026-09-06T08:48:58+08:00] WAIT olmo3_7b_think jid=3477609_5 state=PENDING
[2026-09-06T08:48:58+08:00] WAIT olmo3_7b_think jid=3477609_6 state=PENDING
[2026-09-06T08:48:58+08:00] progress done=0/37 pending=37 failed=0
[2026-09-06T08:50:58+08:00] WAIT qwen3_1.7b jid=3477428 state=PENDING
[2026-09-06T08:50:58+08:00] WAIT qwen3_1.7b jid=3477429 state=PENDING
[2026-09-06T08:50:58+08:00] WAIT qwen3_1.7b jid=3477430 state=PENDING
[2026-09-06T08:50:58+08:00] WAIT olmo3_7b_think jid=3477431 state=PENDING
[2026-09-06T08:50:58+08:00] WAIT olmo3_7b_think jid=3477432 state=PENDING
[2026-09-06T08:50:58+08:00] WAIT olmo3_7b_think jid=3477433 state=PENDING
[2026-09-06T08:50:58+08:00] WAIT qwen3_4b_instruct jid=3477434 state=PENDING
[2026-09-06T08:50:58+08:00] WAIT qwen3_4b_instruct jid=3477435 state=PENDING
[2026-09-06T08:50:58+08:00] WAIT qwen3_4b_instruct jid=3477436 state=PENDING
[2026-09-06T08:50:58+08:00] WAIT qwen3_1.7b jid=3477606_0 state=PENDING
[2026-09-06T08:50:58+08:00] WAIT qwen3_1.7b jid=3477606_1 state=PENDING
[2026-09-06T08:50:58+08:00] WAIT qwen3_1.7b jid=3477606_2 state=PENDING
[2026-09-06T08:50:58+08:00] WAIT qwen3_1.7b jid=3477606_3 state=PENDING
[2026-09-06T08:50:58+08:00] WAIT qwen3_1.7b jid=3477606_4 state=PENDING
[2026-09-06T08:50:58+08:00] WAIT qwen3_1.7b jid=3477606_5 state=PENDING
[2026-09-06T08:50:58+08:00] WAIT qwen3_1.7b jid=3477606_6 state=PENDING
[2026-09-06T08:50:58+08:00] WAIT olmo3_7b_think jid=3477607_0 state=PENDING
[2026-09-06T08:50:58+08:00] WAIT olmo3_7b_think jid=3477607_1 state=PENDING
[2026-09-06T08:50:58+08:00] WAIT olmo3_7b_think jid=3477607_2 state=PENDING
[2026-09-06T08:50:58+08:00] WAIT olmo3_7b_think jid=3477607_3 state=PENDING
[2026-09-06T08:50:58+08:00] WAIT olmo3_7b_think jid=3477607_4 state=PENDING
[2026-09-06T08:50:58+08:00] WAIT olmo3_7b_think jid=3477607_5 state=PENDING
[2026-09-06T08:50:58+08:00] WAIT olmo3_7b_think jid=3477607_6 state=PENDING
[2026-09-06T08:50:58+08:00] WAIT qwen3_1.7b jid=3477608_0 state=PENDING
[2026-09-06T08:50:58+08:00] WAIT qwen3_1.7b jid=3477608_1 state=PENDING
[2026-09-06T08:50:58+08:00] WAIT qwen3_1.7b jid=3477608_2 state=PENDING
[2026-09-06T08:50:58+08:00] WAIT qwen3_1.7b jid=3477608_3 state=PENDING
[2026-09-06T08:50:58+08:00] WAIT qwen3_1.7b jid=3477608_4 state=PENDING
[2026-09-06T08:50:58+08:00] WAIT qwen3_1.7b jid=3477608_5 state=PENDING
[2026-09-06T08:50:58+08:00] WAIT qwen3_1.7b jid=3477608_6 state=PENDING
[2026-09-06T08:50:58+08:00] WAIT olmo3_7b_think jid=3477609_0 state=PENDING
[2026-09-06T08:50:58+08:00] WAIT olmo3_7b_think jid=3477609_1 state=PENDING
[2026-09-06T08:50:58+08:00] WAIT olmo3_7b_think jid=3477609_2 state=PENDING
[2026-09-06T08:50:58+08:00] WAIT olmo3_7b_think jid=3477609_3 state=PENDING
[2026-09-06T08:50:58+08:00] WAIT olmo3_7b_think jid=3477609_4 state=PENDING
[2026-09-06T08:50:58+08:00] WAIT olmo3_7b_think jid=3477609_5 state=PENDING
[2026-09-06T08:50:58+08:00] WAIT olmo3_7b_think jid=3477609_6 state=PENDING
[2026-09-06T08:50:58+08:00] progress done=0/37 pending=37 failed=0
[2026-09-06T08:52:58+08:00] WAIT qwen3_1.7b jid=3477428 state=PENDING
[2026-09-06T08:52:58+08:00] WAIT qwen3_1.7b jid=3477429 state=PENDING
[2026-09-06T08:52:58+08:00] WAIT qwen3_1.7b jid=3477430 state=PENDING
[2026-09-06T08:52:58+08:00] WAIT olmo3_7b_think jid=3477431 state=PENDING
[2026-09-06T08:52:58+08:00] WAIT olmo3_7b_think jid=3477432 state=PENDING
[2026-09-06T08:52:58+08:00] WAIT olmo3_7b_think jid=3477433 state=PENDING
[2026-09-06T08:52:58+08:00] WAIT qwen3_4b_instruct jid=3477434 state=PENDING
[2026-09-06T08:52:58+08:00] WAIT qwen3_4b_instruct jid=3477435 state=PENDING
[2026-09-06T08:52:58+08:00] WAIT qwen3_4b_instruct jid=3477436 state=PENDING
[2026-09-06T08:52:58+08:00] WAIT qwen3_1.7b jid=3477606_0 state=PENDING
[2026-09-06T08:52:59+08:00] WAIT qwen3_1.7b jid=3477606_1 state=PENDING
[2026-09-06T08:52:59+08:00] WAIT qwen3_1.7b jid=3477606_2 state=PENDING
[2026-09-06T08:52:59+08:00] WAIT qwen3_1.7b jid=3477606_3 state=PENDING
[2026-09-06T08:52:59+08:00] WAIT qwen3_1.7b jid=3477606_4 state=PENDING
[2026-09-06T08:52:59+08:00] WAIT qwen3_1.7b jid=3477606_5 state=PENDING
[2026-09-06T08:52:59+08:00] WAIT qwen3_1.7b jid=3477606_6 state=PENDING
[2026-09-06T08:52:59+08:00] WAIT olmo3_7b_think jid=3477607_0 state=PENDING
[2026-09-06T08:52:59+08:00] WAIT olmo3_7b_think jid=3477607_1 state=PENDING
[2026-09-06T08:52:59+08:00] WAIT olmo3_7b_think jid=3477607_2 state=PENDING
[2026-09-06T08:52:59+08:00] WAIT olmo3_7b_think jid=3477607_3 state=PENDING
[2026-09-06T08:52:59+08:00] WAIT olmo3_7b_think jid=3477607_4 state=PENDING
[2026-09-06T08:52:59+08:00] WAIT olmo3_7b_think jid=3477607_5 state=PENDING
[2026-09-06T08:52:59+08:00] WAIT olmo3_7b_think jid=3477607_6 state=PENDING
[2026-09-06T08:52:59+08:00] WAIT qwen3_1.7b jid=3477608_0 state=PENDING
[2026-09-06T08:52:59+08:00] WAIT qwen3_1.7b jid=3477608_1 state=PENDING
[2026-09-06T08:52:59+08:00] WAIT qwen3_1.7b jid=3477608_2 state=PENDING
[2026-09-06T08:52:59+08:00] WAIT qwen3_1.7b jid=3477608_3 state=PENDING
[2026-09-06T08:52:59+08:00] WAIT qwen3_1.7b jid=3477608_4 state=PENDING
[2026-09-06T08:52:59+08:00] WAIT qwen3_1.7b jid=3477608_5 state=PENDING
[2026-09-06T08:52:59+08:00] WAIT qwen3_1.7b jid=3477608_6 state=PENDING
[2026-09-06T08:52:59+08:00] WAIT olmo3_7b_think jid=3477609_0 state=PENDING
[2026-09-06T08:52:59+08:00] WAIT olmo3_7b_think jid=3477609_1 state=PENDING
[2026-09-06T08:52:59+08:00] WAIT olmo3_7b_think jid=3477609_2 state=PENDING
[2026-09-06T08:52:59+08:00] WAIT olmo3_7b_think jid=3477609_3 state=PENDING
[2026-09-06T08:52:59+08:00] WAIT olmo3_7b_think jid=3477609_4 state=PENDING
[2026-09-06T08:52:59+08:00] WAIT olmo3_7b_think jid=3477609_5 state=PENDING
[2026-09-06T08:52:59+08:00] WAIT olmo3_7b_think jid=3477609_6 state=PENDING
[2026-09-06T08:52:59+08:00] progress done=0/37 pending=37 failed=0
[2026-09-06T08:54:59+08:00] WAIT qwen3_1.7b jid=3477428 state=PENDING
[2026-09-06T08:54:59+08:00] WAIT qwen3_1.7b jid=3477429 state=PENDING
[2026-09-06T08:54:59+08:00] WAIT qwen3_1.7b jid=3477430 state=PENDING
[2026-09-06T08:54:59+08:00] WAIT olmo3_7b_think jid=3477431 state=PENDING
[2026-09-06T08:54:59+08:00] WAIT olmo3_7b_think jid=3477432 state=PENDING
[2026-09-06T08:54:59+08:00] WAIT olmo3_7b_think jid=3477433 state=PENDING
[2026-09-06T08:54:59+08:00] WAIT qwen3_4b_instruct jid=3477434 state=PENDING
[2026-09-06T08:54:59+08:00] WAIT qwen3_4b_instruct jid=3477435 state=PENDING
[2026-09-06T08:54:59+08:00] WAIT qwen3_4b_instruct jid=3477436 state=PENDING
[2026-09-06T08:54:59+08:00] WAIT qwen3_1.7b jid=3477606_0 state=PENDING
[2026-09-06T08:54:59+08:00] WAIT qwen3_1.7b jid=3477606_1 state=PENDING
[2026-09-06T08:54:59+08:00] WAIT qwen3_1.7b jid=3477606_2 state=PENDING
[2026-09-06T08:54:59+08:00] WAIT qwen3_1.7b jid=3477606_3 state=PENDING
[2026-09-06T08:54:59+08:00] WAIT qwen3_1.7b jid=3477606_4 state=PENDING
[2026-09-06T08:54:59+08:00] WAIT qwen3_1.7b jid=3477606_5 state=PENDING
[2026-09-06T08:54:59+08:00] WAIT qwen3_1.7b jid=3477606_6 state=PENDING
[2026-09-06T08:54:59+08:00] WAIT olmo3_7b_think jid=3477607_0 state=PENDING
[2026-09-06T08:54:59+08:00] WAIT olmo3_7b_think jid=3477607_1 state=PENDING
[2026-09-06T08:54:59+08:00] WAIT olmo3_7b_think jid=3477607_2 state=PENDING
[2026-09-06T08:54:59+08:00] WAIT olmo3_7b_think jid=3477607_3 state=PENDING
[2026-09-06T08:54:59+08:00] WAIT olmo3_7b_think jid=3477607_4 state=PENDING
[2026-09-06T08:54:59+08:00] WAIT olmo3_7b_think jid=3477607_5 state=PENDING
[2026-09-06T08:54:59+08:00] WAIT olmo3_7b_think jid=3477607_6 state=PENDING
[2026-09-06T08:54:59+08:00] WAIT qwen3_1.7b jid=3477608_0 state=PENDING
[2026-09-06T08:54:59+08:00] WAIT qwen3_1.7b jid=3477608_1 state=PENDING
[2026-09-06T08:54:59+08:00] WAIT qwen3_1.7b jid=3477608_2 state=PENDING
[2026-09-06T08:54:59+08:00] WAIT qwen3_1.7b jid=3477608_3 state=PENDING
[2026-09-06T08:54:59+08:00] WAIT qwen3_1.7b jid=3477608_4 state=PENDING
[2026-09-06T08:54:59+08:00] WAIT qwen3_1.7b jid=3477608_5 state=PENDING
[2026-09-06T08:54:59+08:00] WAIT qwen3_1.7b jid=3477608_6 state=PENDING
[2026-09-06T08:54:59+08:00] WAIT olmo3_7b_think jid=3477609_0 state=PENDING
[2026-09-06T08:54:59+08:00] WAIT olmo3_7b_think jid=3477609_1 state=PENDING
[2026-09-06T08:54:59+08:00] WAIT olmo3_7b_think jid=3477609_2 state=PENDING
[2026-09-06T08:54:59+08:00] WAIT olmo3_7b_think jid=3477609_3 state=PENDING
[2026-09-06T08:54:59+08:00] WAIT olmo3_7b_think jid=3477609_4 state=PENDING
[2026-09-06T08:54:59+08:00] WAIT olmo3_7b_think jid=3477609_5 state=PENDING
[2026-09-06T08:54:59+08:00] WAIT olmo3_7b_think jid=3477609_6 state=PENDING
[2026-09-06T08:54:59+08:00] progress done=0/37 pending=37 failed=0
[2026-09-06T08:56:59+08:00] WAIT qwen3_1.7b jid=3477428 state=PENDING
[2026-09-06T08:56:59+08:00] WAIT qwen3_1.7b jid=3477429 state=PENDING
[2026-09-06T08:56:59+08:00] WAIT qwen3_1.7b jid=3477430 state=PENDING
[2026-09-06T08:56:59+08:00] WAIT olmo3_7b_think jid=3477431 state=PENDING
[2026-09-06T08:56:59+08:00] WAIT olmo3_7b_think jid=3477432 state=PENDING
[2026-09-06T08:56:59+08:00] WAIT olmo3_7b_think jid=3477433 state=PENDING
[2026-09-06T08:56:59+08:00] WAIT qwen3_4b_instruct jid=3477434 state=PENDING
[2026-09-06T08:56:59+08:00] WAIT qwen3_4b_instruct jid=3477435 state=PENDING
[2026-09-06T08:56:59+08:00] WAIT qwen3_4b_instruct jid=3477436 state=PENDING
[2026-09-06T08:56:59+08:00] WAIT qwen3_1.7b jid=3477606_0 state=PENDING
[2026-09-06T08:56:59+08:00] WAIT qwen3_1.7b jid=3477606_1 state=PENDING
[2026-09-06T08:56:59+08:00] WAIT qwen3_1.7b jid=3477606_2 state=PENDING
[2026-09-06T08:56:59+08:00] WAIT qwen3_1.7b jid=3477606_3 state=PENDING
[2026-09-06T08:56:59+08:00] WAIT qwen3_1.7b jid=3477606_4 state=PENDING
[2026-09-06T08:56:59+08:00] WAIT qwen3_1.7b jid=3477606_5 state=PENDING
[2026-09-06T08:56:59+08:00] WAIT qwen3_1.7b jid=3477606_6 state=PENDING
[2026-09-06T08:56:59+08:00] WAIT olmo3_7b_think jid=3477607_0 state=PENDING
[2026-09-06T08:56:59+08:00] WAIT olmo3_7b_think jid=3477607_1 state=PENDING
[2026-09-06T08:56:59+08:00] WAIT olmo3_7b_think jid=3477607_2 state=PENDING
[2026-09-06T08:56:59+08:00] WAIT olmo3_7b_think jid=3477607_3 state=PENDING
[2026-09-06T08:56:59+08:00] WAIT olmo3_7b_think jid=3477607_4 state=PENDING
[2026-09-06T08:56:59+08:00] WAIT olmo3_7b_think jid=3477607_5 state=PENDING
[2026-09-06T08:56:59+08:00] WAIT olmo3_7b_think jid=3477607_6 state=PENDING
[2026-09-06T08:56:59+08:00] WAIT qwen3_1.7b jid=3477608_0 state=PENDING
[2026-09-06T08:56:59+08:00] WAIT qwen3_1.7b jid=3477608_1 state=PENDING
[2026-09-06T08:56:59+08:00] WAIT qwen3_1.7b jid=3477608_2 state=PENDING
[2026-09-06T08:56:59+08:00] WAIT qwen3_1.7b jid=3477608_3 state=PENDING
[2026-09-06T08:56:59+08:00] WAIT qwen3_1.7b jid=3477608_4 state=PENDING
[2026-09-06T08:56:59+08:00] WAIT qwen3_1.7b jid=3477608_5 state=PENDING
[2026-09-06T08:56:59+08:00] WAIT qwen3_1.7b jid=3477608_6 state=PENDING
[2026-09-06T08:57:00+08:00] WAIT olmo3_7b_think jid=3477609_0 state=PENDING
[2026-09-06T08:57:00+08:00] WAIT olmo3_7b_think jid=3477609_1 state=PENDING
[2026-09-06T08:57:00+08:00] WAIT olmo3_7b_think jid=3477609_2 state=PENDING
[2026-09-06T08:57:00+08:00] WAIT olmo3_7b_think jid=3477609_3 state=PENDING
[2026-09-06T08:57:00+08:00] WAIT olmo3_7b_think jid=3477609_4 state=PENDING
[2026-09-06T08:57:00+08:00] WAIT olmo3_7b_think jid=3477609_5 state=PENDING
[2026-09-06T08:57:00+08:00] WAIT olmo3_7b_think jid=3477609_6 state=PENDING
[2026-09-06T08:57:00+08:00] progress done=0/37 pending=37 failed=0
[2026-09-06T08:59:00+08:00] WAIT qwen3_1.7b jid=3477428 state=PENDING
[2026-09-06T08:59:00+08:00] WAIT qwen3_1.7b jid=3477429 state=PENDING
[2026-09-06T08:59:00+08:00] WAIT qwen3_1.7b jid=3477430 state=PENDING
[2026-09-06T08:59:00+08:00] WAIT olmo3_7b_think jid=3477431 state=PENDING
[2026-09-06T08:59:00+08:00] WAIT olmo3_7b_think jid=3477432 state=PENDING
[2026-09-06T08:59:00+08:00] WAIT olmo3_7b_think jid=3477433 state=PENDING
[2026-09-06T08:59:00+08:00] WAIT qwen3_4b_instruct jid=3477434 state=PENDING
[2026-09-06T08:59:00+08:00] WAIT qwen3_4b_instruct jid=3477435 state=PENDING
[2026-09-06T08:59:00+08:00] WAIT qwen3_4b_instruct jid=3477436 state=PENDING
[2026-09-06T08:59:00+08:00] WAIT qwen3_1.7b jid=3477606_0 state=PENDING
[2026-09-06T08:59:00+08:00] WAIT qwen3_1.7b jid=3477606_1 state=PENDING
[2026-09-06T08:59:00+08:00] WAIT qwen3_1.7b jid=3477606_2 state=PENDING
[2026-09-06T08:59:00+08:00] WAIT qwen3_1.7b jid=3477606_3 state=PENDING
[2026-09-06T08:59:00+08:00] WAIT qwen3_1.7b jid=3477606_4 state=PENDING
[2026-09-06T08:59:00+08:00] WAIT qwen3_1.7b jid=3477606_5 state=PENDING
[2026-09-06T08:59:00+08:00] WAIT qwen3_1.7b jid=3477606_6 state=PENDING
[2026-09-06T08:59:00+08:00] WAIT olmo3_7b_think jid=3477607_0 state=PENDING
[2026-09-06T08:59:00+08:00] WAIT olmo3_7b_think jid=3477607_1 state=PENDING
[2026-09-06T08:59:00+08:00] WAIT olmo3_7b_think jid=3477607_2 state=PENDING
[2026-09-06T08:59:00+08:00] WAIT olmo3_7b_think jid=3477607_3 state=PENDING
[2026-09-06T08:59:00+08:00] WAIT olmo3_7b_think jid=3477607_4 state=PENDING
[2026-09-06T08:59:00+08:00] WAIT olmo3_7b_think jid=3477607_5 state=PENDING
[2026-09-06T08:59:00+08:00] WAIT olmo3_7b_think jid=3477607_6 state=PENDING
[2026-09-06T08:59:00+08:00] WAIT qwen3_1.7b jid=3477608_0 state=PENDING
[2026-09-06T08:59:00+08:00] WAIT qwen3_1.7b jid=3477608_1 state=PENDING
[2026-09-06T08:59:00+08:00] WAIT qwen3_1.7b jid=3477608_2 state=PENDING
[2026-09-06T08:59:00+08:00] WAIT qwen3_1.7b jid=3477608_3 state=PENDING
[2026-09-06T08:59:00+08:00] WAIT qwen3_1.7b jid=3477608_4 state=PENDING
[2026-09-06T08:59:00+08:00] WAIT qwen3_1.7b jid=3477608_5 state=PENDING
[2026-09-06T08:59:00+08:00] WAIT qwen3_1.7b jid=3477608_6 state=PENDING
[2026-09-06T08:59:00+08:00] WAIT olmo3_7b_think jid=3477609_0 state=PENDING
[2026-09-06T08:59:00+08:00] WAIT olmo3_7b_think jid=3477609_1 state=PENDING
[2026-09-06T08:59:00+08:00] WAIT olmo3_7b_think jid=3477609_2 state=PENDING
[2026-09-06T08:59:00+08:00] WAIT olmo3_7b_think jid=3477609_3 state=PENDING
[2026-09-06T08:59:00+08:00] WAIT olmo3_7b_think jid=3477609_4 state=PENDING
[2026-09-06T08:59:00+08:00] WAIT olmo3_7b_think jid=3477609_5 state=PENDING
[2026-09-06T08:59:00+08:00] WAIT olmo3_7b_think jid=3477609_6 state=PENDING
[2026-09-06T08:59:00+08:00] progress done=0/37 pending=37 failed=0
[2026-09-06T09:01:00+08:00] WAIT qwen3_1.7b jid=3477428 state=PENDING
[2026-09-06T09:01:00+08:00] WAIT qwen3_1.7b jid=3477429 state=PENDING
[2026-09-06T09:01:00+08:00] WAIT qwen3_1.7b jid=3477430 state=PENDING
[2026-09-06T09:01:00+08:00] WAIT olmo3_7b_think jid=3477431 state=PENDING
[2026-09-06T09:01:00+08:00] WAIT olmo3_7b_think jid=3477432 state=PENDING
[2026-09-06T09:01:00+08:00] WAIT olmo3_7b_think jid=3477433 state=PENDING
[2026-09-06T09:01:00+08:00] WAIT qwen3_4b_instruct jid=3477434 state=PENDING
[2026-09-06T09:01:00+08:00] WAIT qwen3_4b_instruct jid=3477435 state=PENDING
[2026-09-06T09:01:00+08:00] WAIT qwen3_4b_instruct jid=3477436 state=PENDING
[2026-09-06T09:01:00+08:00] WAIT qwen3_1.7b jid=3477606_0 state=PENDING
[2026-09-06T09:01:00+08:00] WAIT qwen3_1.7b jid=3477606_1 state=PENDING
[2026-09-06T09:01:00+08:00] WAIT qwen3_1.7b jid=3477606_2 state=PENDING
[2026-09-06T09:01:00+08:00] WAIT qwen3_1.7b jid=3477606_3 state=PENDING
[2026-09-06T09:01:00+08:00] WAIT qwen3_1.7b jid=3477606_4 state=PENDING
[2026-09-06T09:01:00+08:00] WAIT qwen3_1.7b jid=3477606_5 state=PENDING
[2026-09-06T09:01:00+08:00] WAIT qwen3_1.7b jid=3477606_6 state=PENDING
[2026-09-06T09:01:00+08:00] WAIT olmo3_7b_think jid=3477607_0 state=PENDING
[2026-09-06T09:01:00+08:00] WAIT olmo3_7b_think jid=3477607_1 state=PENDING
[2026-09-06T09:01:00+08:00] WAIT olmo3_7b_think jid=3477607_2 state=PENDING
[2026-09-06T09:01:00+08:00] WAIT olmo3_7b_think jid=3477607_3 state=PENDING
[2026-09-06T09:01:00+08:00] WAIT olmo3_7b_think jid=3477607_4 state=PENDING
[2026-09-06T09:01:00+08:00] WAIT olmo3_7b_think jid=3477607_5 state=PENDING
[2026-09-06T09:01:00+08:00] WAIT olmo3_7b_think jid=3477607_6 state=PENDING
[2026-09-06T09:01:00+08:00] WAIT qwen3_1.7b jid=3477608_0 state=PENDING
[2026-09-06T09:01:00+08:00] WAIT qwen3_1.7b jid=3477608_1 state=PENDING
[2026-09-06T09:01:00+08:00] WAIT qwen3_1.7b jid=3477608_2 state=PENDING
[2026-09-06T09:01:00+08:00] WAIT qwen3_1.7b jid=3477608_3 state=PENDING
[2026-09-06T09:01:00+08:00] WAIT qwen3_1.7b jid=3477608_4 state=PENDING
[2026-09-06T09:01:00+08:00] WAIT qwen3_1.7b jid=3477608_5 state=PENDING
[2026-09-06T09:01:00+08:00] WAIT qwen3_1.7b jid=3477608_6 state=PENDING
[2026-09-06T09:01:00+08:00] WAIT olmo3_7b_think jid=3477609_0 state=PENDING
[2026-09-06T09:01:00+08:00] WAIT olmo3_7b_think jid=3477609_1 state=PENDING
[2026-09-06T09:01:00+08:00] WAIT olmo3_7b_think jid=3477609_2 state=PENDING
[2026-09-06T09:01:00+08:00] WAIT olmo3_7b_think jid=3477609_3 state=PENDING
[2026-09-06T09:01:00+08:00] WAIT olmo3_7b_think jid=3477609_4 state=PENDING
[2026-09-06T09:01:00+08:00] WAIT olmo3_7b_think jid=3477609_5 state=PENDING
[2026-09-06T09:01:00+08:00] WAIT olmo3_7b_think jid=3477609_6 state=PENDING
[2026-09-06T09:01:00+08:00] progress done=0/37 pending=37 failed=0
[2026-09-06T09:03:00+08:00] WAIT qwen3_1.7b jid=3477428 state=PENDING
[2026-09-06T09:03:00+08:00] WAIT qwen3_1.7b jid=3477429 state=PENDING
[2026-09-06T09:03:00+08:00] WAIT qwen3_1.7b jid=3477430 state=PENDING
[2026-09-06T09:03:00+08:00] WAIT olmo3_7b_think jid=3477431 state=PENDING
[2026-09-06T09:03:00+08:00] WAIT olmo3_7b_think jid=3477432 state=PENDING
[2026-09-06T09:03:00+08:00] WAIT olmo3_7b_think jid=3477433 state=PENDING
[2026-09-06T09:03:01+08:00] WAIT qwen3_4b_instruct jid=3477434 state=PENDING
[2026-09-06T09:03:01+08:00] WAIT qwen3_4b_instruct jid=3477435 state=PENDING
[2026-09-06T09:03:01+08:00] WAIT qwen3_4b_instruct jid=3477436 state=PENDING
[2026-09-06T09:03:01+08:00] WAIT qwen3_1.7b jid=3477606_0 state=PENDING
[2026-09-06T09:03:01+08:00] WAIT qwen3_1.7b jid=3477606_1 state=PENDING
[2026-09-06T09:03:01+08:00] WAIT qwen3_1.7b jid=3477606_2 state=PENDING
[2026-09-06T09:03:01+08:00] WAIT qwen3_1.7b jid=3477606_3 state=PENDING
[2026-09-06T09:03:01+08:00] WAIT qwen3_1.7b jid=3477606_4 state=PENDING
[2026-09-06T09:03:01+08:00] WAIT qwen3_1.7b jid=3477606_5 state=PENDING
[2026-09-06T09:03:01+08:00] WAIT qwen3_1.7b jid=3477606_6 state=PENDING
[2026-09-06T09:03:01+08:00] WAIT olmo3_7b_think jid=3477607_0 state=PENDING
[2026-09-06T09:03:01+08:00] WAIT olmo3_7b_think jid=3477607_1 state=PENDING
[2026-09-06T09:03:01+08:00] WAIT olmo3_7b_think jid=3477607_2 state=PENDING
[2026-09-06T09:03:01+08:00] WAIT olmo3_7b_think jid=3477607_3 state=PENDING
[2026-09-06T09:03:01+08:00] WAIT olmo3_7b_think jid=3477607_4 state=PENDING
[2026-09-06T09:03:01+08:00] WAIT olmo3_7b_think jid=3477607_5 state=PENDING
[2026-09-06T09:03:01+08:00] WAIT olmo3_7b_think jid=3477607_6 state=PENDING
[2026-09-06T09:03:01+08:00] WAIT qwen3_1.7b jid=3477608_0 state=PENDING
[2026-09-06T09:03:01+08:00] WAIT qwen3_1.7b jid=3477608_1 state=PENDING
[2026-09-06T09:03:01+08:00] WAIT qwen3_1.7b jid=3477608_2 state=PENDING
[2026-09-06T09:03:01+08:00] WAIT qwen3_1.7b jid=3477608_3 state=PENDING
[2026-09-06T09:03:01+08:00] WAIT qwen3_1.7b jid=3477608_4 state=PENDING
[2026-09-06T09:03:01+08:00] WAIT qwen3_1.7b jid=3477608_5 state=PENDING
[2026-09-06T09:03:01+08:00] WAIT qwen3_1.7b jid=3477608_6 state=PENDING
[2026-09-06T09:03:01+08:00] WAIT olmo3_7b_think jid=3477609_0 state=PENDING
[2026-09-06T09:03:01+08:00] WAIT olmo3_7b_think jid=3477609_1 state=PENDING
[2026-09-06T09:03:01+08:00] WAIT olmo3_7b_think jid=3477609_2 state=PENDING
[2026-09-06T09:03:01+08:00] WAIT olmo3_7b_think jid=3477609_3 state=PENDING
[2026-09-06T09:03:01+08:00] WAIT olmo3_7b_think jid=3477609_4 state=PENDING
[2026-09-06T09:03:01+08:00] WAIT olmo3_7b_think jid=3477609_5 state=PENDING
[2026-09-06T09:03:01+08:00] WAIT olmo3_7b_think jid=3477609_6 state=PENDING
[2026-09-06T09:03:01+08:00] progress done=0/37 pending=37 failed=0
[2026-09-06T09:05:01+08:00] WAIT qwen3_1.7b jid=3477428 state=PENDING
[2026-09-06T09:05:01+08:00] WAIT qwen3_1.7b jid=3477429 state=PENDING
[2026-09-06T09:05:01+08:00] WAIT qwen3_1.7b jid=3477430 state=PENDING
[2026-09-06T09:05:01+08:00] WAIT olmo3_7b_think jid=3477431 state=PENDING
[2026-09-06T09:05:01+08:00] WAIT olmo3_7b_think jid=3477432 state=PENDING
[2026-09-06T09:05:01+08:00] WAIT olmo3_7b_think jid=3477433 state=PENDING
[2026-09-06T09:05:01+08:00] WAIT qwen3_4b_instruct jid=3477434 state=PENDING
[2026-09-06T09:05:01+08:00] WAIT qwen3_4b_instruct jid=3477435 state=PENDING
[2026-09-06T09:05:01+08:00] WAIT qwen3_4b_instruct jid=3477436 state=PENDING
[2026-09-06T09:05:01+08:00] WAIT qwen3_1.7b jid=3477606_0 state=PENDING
[2026-09-06T09:05:01+08:00] WAIT qwen3_1.7b jid=3477606_1 state=PENDING
[2026-09-06T09:05:01+08:00] WAIT qwen3_1.7b jid=3477606_2 state=PENDING
[2026-09-06T09:05:01+08:00] WAIT qwen3_1.7b jid=3477606_3 state=PENDING
[2026-09-06T09:05:01+08:00] WAIT qwen3_1.7b jid=3477606_4 state=PENDING
[2026-09-06T09:05:01+08:00] WAIT qwen3_1.7b jid=3477606_5 state=PENDING
[2026-09-06T09:05:01+08:00] WAIT qwen3_1.7b jid=3477606_6 state=PENDING
[2026-09-06T09:05:01+08:00] WAIT olmo3_7b_think jid=3477607_0 state=PENDING
[2026-09-06T09:05:01+08:00] WAIT olmo3_7b_think jid=3477607_1 state=PENDING
[2026-09-06T09:05:01+08:00] WAIT olmo3_7b_think jid=3477607_2 state=PENDING
[2026-09-06T09:05:01+08:00] WAIT olmo3_7b_think jid=3477607_3 state=PENDING
[2026-09-06T09:05:01+08:00] WAIT olmo3_7b_think jid=3477607_4 state=PENDING
[2026-09-06T09:05:01+08:00] WAIT olmo3_7b_think jid=3477607_5 state=PENDING
[2026-09-06T09:05:01+08:00] WAIT olmo3_7b_think jid=3477607_6 state=PENDING
[2026-09-06T09:05:01+08:00] WAIT qwen3_1.7b jid=3477608_0 state=PENDING
[2026-09-06T09:05:01+08:00] WAIT qwen3_1.7b jid=3477608_1 state=PENDING
[2026-09-06T09:05:01+08:00] WAIT qwen3_1.7b jid=3477608_2 state=PENDING
[2026-09-06T09:05:01+08:00] WAIT qwen3_1.7b jid=3477608_3 state=PENDING
[2026-09-06T09:05:01+08:00] WAIT qwen3_1.7b jid=3477608_4 state=PENDING
[2026-09-06T09:05:01+08:00] WAIT qwen3_1.7b jid=3477608_5 state=PENDING
[2026-09-06T09:05:01+08:00] WAIT qwen3_1.7b jid=3477608_6 state=PENDING
[2026-09-06T09:05:01+08:00] WAIT olmo3_7b_think jid=3477609_0 state=PENDING
[2026-09-06T09:05:01+08:00] WAIT olmo3_7b_think jid=3477609_1 state=PENDING
[2026-09-06T09:05:01+08:00] WAIT olmo3_7b_think jid=3477609_2 state=PENDING
[2026-09-06T09:05:01+08:00] WAIT olmo3_7b_think jid=3477609_3 state=PENDING
[2026-09-06T09:05:01+08:00] WAIT olmo3_7b_think jid=3477609_4 state=PENDING
[2026-09-06T09:05:01+08:00] WAIT olmo3_7b_think jid=3477609_5 state=PENDING
[2026-09-06T09:05:01+08:00] WAIT olmo3_7b_think jid=3477609_6 state=PENDING
[2026-09-06T09:05:01+08:00] progress done=0/37 pending=37 failed=0
[2026-09-06T09:07:01+08:00] WAIT qwen3_1.7b jid=3477428 state=PENDING
[2026-09-06T09:07:01+08:00] WAIT qwen3_1.7b jid=3477429 state=PENDING
[2026-09-06T09:07:01+08:00] WAIT qwen3_1.7b jid=3477430 state=PENDING
[2026-09-06T09:07:01+08:00] WAIT olmo3_7b_think jid=3477431 state=PENDING
[2026-09-06T09:07:01+08:00] WAIT olmo3_7b_think jid=3477432 state=PENDING
[2026-09-06T09:07:01+08:00] WAIT olmo3_7b_think jid=3477433 state=PENDING
[2026-09-06T09:07:01+08:00] WAIT qwen3_4b_instruct jid=3477434 state=PENDING
[2026-09-06T09:07:01+08:00] WAIT qwen3_4b_instruct jid=3477435 state=PENDING
[2026-09-06T09:07:01+08:00] WAIT qwen3_4b_instruct jid=3477436 state=PENDING
[2026-09-06T09:07:01+08:00] WAIT qwen3_1.7b jid=3477606_0 state=PENDING
[2026-09-06T09:07:01+08:00] WAIT qwen3_1.7b jid=3477606_1 state=PENDING
[2026-09-06T09:07:01+08:00] WAIT qwen3_1.7b jid=3477606_2 state=PENDING
[2026-09-06T09:07:01+08:00] WAIT qwen3_1.7b jid=3477606_3 state=PENDING
[2026-09-06T09:07:01+08:00] WAIT qwen3_1.7b jid=3477606_4 state=PENDING
[2026-09-06T09:07:01+08:00] WAIT qwen3_1.7b jid=3477606_5 state=PENDING
[2026-09-06T09:07:01+08:00] WAIT qwen3_1.7b jid=3477606_6 state=PENDING
[2026-09-06T09:07:01+08:00] WAIT olmo3_7b_think jid=3477607_0 state=PENDING
[2026-09-06T09:07:01+08:00] WAIT olmo3_7b_think jid=3477607_1 state=PENDING
[2026-09-06T09:07:01+08:00] WAIT olmo3_7b_think jid=3477607_2 state=PENDING
[2026-09-06T09:07:01+08:00] WAIT olmo3_7b_think jid=3477607_3 state=PENDING
[2026-09-06T09:07:01+08:00] WAIT olmo3_7b_think jid=3477607_4 state=PENDING
[2026-09-06T09:07:01+08:00] WAIT olmo3_7b_think jid=3477607_5 state=PENDING
[2026-09-06T09:07:01+08:00] WAIT olmo3_7b_think jid=3477607_6 state=PENDING
[2026-09-06T09:07:01+08:00] WAIT qwen3_1.7b jid=3477608_0 state=PENDING
[2026-09-06T09:07:01+08:00] WAIT qwen3_1.7b jid=3477608_1 state=PENDING
[2026-09-06T09:07:02+08:00] WAIT qwen3_1.7b jid=3477608_2 state=PENDING
[2026-09-06T09:07:02+08:00] WAIT qwen3_1.7b jid=3477608_3 state=PENDING
[2026-09-06T09:07:02+08:00] WAIT qwen3_1.7b jid=3477608_4 state=PENDING
[2026-09-06T09:07:02+08:00] WAIT qwen3_1.7b jid=3477608_5 state=PENDING
[2026-09-06T09:07:02+08:00] WAIT qwen3_1.7b jid=3477608_6 state=PENDING
[2026-09-06T09:07:02+08:00] WAIT olmo3_7b_think jid=3477609_0 state=PENDING
[2026-09-06T09:07:02+08:00] WAIT olmo3_7b_think jid=3477609_1 state=PENDING
[2026-09-06T09:07:02+08:00] WAIT olmo3_7b_think jid=3477609_2 state=PENDING
[2026-09-06T09:07:02+08:00] WAIT olmo3_7b_think jid=3477609_3 state=PENDING
[2026-09-06T09:07:02+08:00] WAIT olmo3_7b_think jid=3477609_4 state=PENDING
[2026-09-06T09:07:02+08:00] WAIT olmo3_7b_think jid=3477609_5 state=PENDING
[2026-09-06T09:07:02+08:00] WAIT olmo3_7b_think jid=3477609_6 state=PENDING
[2026-09-06T09:07:02+08:00] progress done=0/37 pending=37 failed=0
[2026-09-06T09:09:02+08:00] WAIT qwen3_1.7b jid=3477428 state=PENDING
[2026-09-06T09:09:02+08:00] WAIT qwen3_1.7b jid=3477429 state=PENDING
[2026-09-06T09:09:02+08:00] WAIT qwen3_1.7b jid=3477430 state=PENDING
[2026-09-06T09:09:02+08:00] WAIT olmo3_7b_think jid=3477431 state=PENDING
[2026-09-06T09:09:02+08:00] WAIT olmo3_7b_think jid=3477432 state=PENDING
[2026-09-06T09:09:02+08:00] WAIT olmo3_7b_think jid=3477433 state=PENDING
[2026-09-06T09:09:02+08:00] WAIT qwen3_4b_instruct jid=3477434 state=PENDING
[2026-09-06T09:09:02+08:00] WAIT qwen3_4b_instruct jid=3477435 state=PENDING
[2026-09-06T09:09:02+08:00] WAIT qwen3_4b_instruct jid=3477436 state=PENDING
[2026-09-06T09:09:02+08:00] WAIT qwen3_1.7b jid=3477606_0 state=PENDING
[2026-09-06T09:09:02+08:00] WAIT qwen3_1.7b jid=3477606_1 state=PENDING
[2026-09-06T09:09:02+08:00] WAIT qwen3_1.7b jid=3477606_2 state=PENDING
[2026-09-06T09:09:02+08:00] WAIT qwen3_1.7b jid=3477606_3 state=PENDING
[2026-09-06T09:09:02+08:00] WAIT qwen3_1.7b jid=3477606_4 state=PENDING
[2026-09-06T09:09:02+08:00] WAIT qwen3_1.7b jid=3477606_5 state=PENDING
[2026-09-06T09:09:02+08:00] WAIT qwen3_1.7b jid=3477606_6 state=PENDING
[2026-09-06T09:09:02+08:00] WAIT olmo3_7b_think jid=3477607_0 state=PENDING
[2026-09-06T09:09:02+08:00] WAIT olmo3_7b_think jid=3477607_1 state=PENDING
[2026-09-06T09:09:02+08:00] WAIT olmo3_7b_think jid=3477607_2 state=PENDING
[2026-09-06T09:09:02+08:00] WAIT olmo3_7b_think jid=3477607_3 state=PENDING
[2026-09-06T09:09:02+08:00] WAIT olmo3_7b_think jid=3477607_4 state=PENDING
[2026-09-06T09:09:02+08:00] WAIT olmo3_7b_think jid=3477607_5 state=PENDING
[2026-09-06T09:09:02+08:00] WAIT olmo3_7b_think jid=3477607_6 state=PENDING
[2026-09-06T09:09:02+08:00] WAIT qwen3_1.7b jid=3477608_0 state=PENDING
[2026-09-06T09:09:02+08:00] WAIT qwen3_1.7b jid=3477608_1 state=PENDING
[2026-09-06T09:09:02+08:00] WAIT qwen3_1.7b jid=3477608_2 state=PENDING
[2026-09-06T09:09:02+08:00] WAIT qwen3_1.7b jid=3477608_3 state=PENDING
[2026-09-06T09:09:02+08:00] WAIT qwen3_1.7b jid=3477608_4 state=PENDING
[2026-09-06T09:09:02+08:00] WAIT qwen3_1.7b jid=3477608_5 state=PENDING
[2026-09-06T09:09:02+08:00] WAIT qwen3_1.7b jid=3477608_6 state=PENDING
[2026-09-06T09:09:02+08:00] WAIT olmo3_7b_think jid=3477609_0 state=PENDING
[2026-09-06T09:09:02+08:00] WAIT olmo3_7b_think jid=3477609_1 state=PENDING
[2026-09-06T09:09:02+08:00] WAIT olmo3_7b_think jid=3477609_2 state=PENDING
[2026-09-06T09:09:02+08:00] WAIT olmo3_7b_think jid=3477609_3 state=PENDING
[2026-09-06T09:09:02+08:00] WAIT olmo3_7b_think jid=3477609_4 state=PENDING
[2026-09-06T09:09:02+08:00] WAIT olmo3_7b_think jid=3477609_5 state=PENDING
[2026-09-06T09:09:02+08:00] WAIT olmo3_7b_think jid=3477609_6 state=PENDING
[2026-09-06T09:09:02+08:00] progress done=0/37 pending=37 failed=0
[2026-09-06T09:11:02+08:00] WAIT qwen3_1.7b jid=3477428 state=PENDING
[2026-09-06T09:11:02+08:00] WAIT qwen3_1.7b jid=3477429 state=PENDING
[2026-09-06T09:11:02+08:00] WAIT qwen3_1.7b jid=3477430 state=PENDING
[2026-09-06T09:11:02+08:00] WAIT olmo3_7b_think jid=3477431 state=PENDING
[2026-09-06T09:11:02+08:00] WAIT olmo3_7b_think jid=3477432 state=PENDING
[2026-09-06T09:11:02+08:00] WAIT olmo3_7b_think jid=3477433 state=PENDING
[2026-09-06T09:11:02+08:00] WAIT qwen3_4b_instruct jid=3477434 state=PENDING
[2026-09-06T09:11:02+08:00] WAIT qwen3_4b_instruct jid=3477435 state=PENDING
[2026-09-06T09:11:02+08:00] WAIT qwen3_4b_instruct jid=3477436 state=PENDING
[2026-09-06T09:11:02+08:00] WAIT qwen3_1.7b jid=3477606_0 state=PENDING
[2026-09-06T09:11:02+08:00] WAIT qwen3_1.7b jid=3477606_1 state=PENDING
[2026-09-06T09:11:02+08:00] WAIT qwen3_1.7b jid=3477606_2 state=PENDING
[2026-09-06T09:11:02+08:00] WAIT qwen3_1.7b jid=3477606_3 state=PENDING
[2026-09-06T09:11:02+08:00] WAIT qwen3_1.7b jid=3477606_4 state=PENDING
[2026-09-06T09:11:02+08:00] WAIT qwen3_1.7b jid=3477606_5 state=PENDING
[2026-09-06T09:11:02+08:00] WAIT qwen3_1.7b jid=3477606_6 state=PENDING
[2026-09-06T09:11:02+08:00] WAIT olmo3_7b_think jid=3477607_0 state=PENDING
[2026-09-06T09:11:02+08:00] WAIT olmo3_7b_think jid=3477607_1 state=PENDING
[2026-09-06T09:11:02+08:00] WAIT olmo3_7b_think jid=3477607_2 state=PENDING
[2026-09-06T09:11:02+08:00] WAIT olmo3_7b_think jid=3477607_3 state=PENDING
[2026-09-06T09:11:02+08:00] WAIT olmo3_7b_think jid=3477607_4 state=PENDING
[2026-09-06T09:11:02+08:00] WAIT olmo3_7b_think jid=3477607_5 state=PENDING
[2026-09-06T09:11:02+08:00] WAIT olmo3_7b_think jid=3477607_6 state=PENDING
[2026-09-06T09:11:02+08:00] WAIT qwen3_1.7b jid=3477608_0 state=PENDING
[2026-09-06T09:11:02+08:00] WAIT qwen3_1.7b jid=3477608_1 state=PENDING
[2026-09-06T09:11:02+08:00] WAIT qwen3_1.7b jid=3477608_2 state=PENDING
[2026-09-06T09:11:02+08:00] WAIT qwen3_1.7b jid=3477608_3 state=PENDING
[2026-09-06T09:11:02+08:00] WAIT qwen3_1.7b jid=3477608_4 state=PENDING
[2026-09-06T09:11:02+08:00] WAIT qwen3_1.7b jid=3477608_5 state=PENDING
[2026-09-06T09:11:02+08:00] WAIT qwen3_1.7b jid=3477608_6 state=PENDING
[2026-09-06T09:11:02+08:00] WAIT olmo3_7b_think jid=3477609_0 state=PENDING
[2026-09-06T09:11:02+08:00] WAIT olmo3_7b_think jid=3477609_1 state=PENDING
[2026-09-06T09:11:02+08:00] WAIT olmo3_7b_think jid=3477609_2 state=PENDING
[2026-09-06T09:11:02+08:00] WAIT olmo3_7b_think jid=3477609_3 state=PENDING
[2026-09-06T09:11:02+08:00] WAIT olmo3_7b_think jid=3477609_4 state=PENDING
[2026-09-06T09:11:02+08:00] WAIT olmo3_7b_think jid=3477609_5 state=PENDING
[2026-09-06T09:11:02+08:00] WAIT olmo3_7b_think jid=3477609_6 state=PENDING
[2026-09-06T09:11:02+08:00] progress done=0/37 pending=37 failed=0
[2026-09-06T09:13:02+08:00] WAIT qwen3_1.7b jid=3477428 state=PENDING
[2026-09-06T09:13:02+08:00] WAIT qwen3_1.7b jid=3477429 state=PENDING
[2026-09-06T09:13:02+08:00] WAIT qwen3_1.7b jid=3477430 state=PENDING
[2026-09-06T09:13:02+08:00] WAIT olmo3_7b_think jid=3477431 state=PENDING
[2026-09-06T09:13:03+08:00] WAIT olmo3_7b_think jid=3477432 state=PENDING
[2026-09-06T09:13:03+08:00] WAIT olmo3_7b_think jid=3477433 state=PENDING
[2026-09-06T09:13:03+08:00] WAIT qwen3_4b_instruct jid=3477434 state=PENDING
[2026-09-06T09:13:03+08:00] WAIT qwen3_4b_instruct jid=3477435 state=PENDING
[2026-09-06T09:13:03+08:00] WAIT qwen3_4b_instruct jid=3477436 state=PENDING
[2026-09-06T09:13:03+08:00] WAIT qwen3_1.7b jid=3477606_0 state=PENDING
[2026-09-06T09:13:03+08:00] WAIT qwen3_1.7b jid=3477606_1 state=PENDING
[2026-09-06T09:13:03+08:00] WAIT qwen3_1.7b jid=3477606_2 state=PENDING
[2026-09-06T09:13:03+08:00] WAIT qwen3_1.7b jid=3477606_3 state=PENDING
[2026-09-06T09:13:03+08:00] WAIT qwen3_1.7b jid=3477606_4 state=PENDING
[2026-09-06T09:13:03+08:00] WAIT qwen3_1.7b jid=3477606_5 state=PENDING
[2026-09-06T09:13:03+08:00] WAIT qwen3_1.7b jid=3477606_6 state=PENDING
[2026-09-06T09:13:03+08:00] WAIT olmo3_7b_think jid=3477607_0 state=PENDING
[2026-09-06T09:13:03+08:00] WAIT olmo3_7b_think jid=3477607_1 state=PENDING
[2026-09-06T09:13:03+08:00] WAIT olmo3_7b_think jid=3477607_2 state=PENDING
[2026-09-06T09:13:03+08:00] WAIT olmo3_7b_think jid=3477607_3 state=PENDING
[2026-09-06T09:13:03+08:00] WAIT olmo3_7b_think jid=3477607_4 state=PENDING
[2026-09-06T09:13:03+08:00] WAIT olmo3_7b_think jid=3477607_5 state=PENDING
[2026-09-06T09:13:03+08:00] WAIT olmo3_7b_think jid=3477607_6 state=PENDING
[2026-09-06T09:13:03+08:00] WAIT qwen3_1.7b jid=3477608_0 state=PENDING
[2026-09-06T09:13:03+08:00] WAIT qwen3_1.7b jid=3477608_1 state=PENDING
[2026-09-06T09:13:03+08:00] WAIT qwen3_1.7b jid=3477608_2 state=PENDING
[2026-09-06T09:13:03+08:00] WAIT qwen3_1.7b jid=3477608_3 state=PENDING
[2026-09-06T09:13:03+08:00] WAIT qwen3_1.7b jid=3477608_4 state=PENDING
[2026-09-06T09:13:03+08:00] WAIT qwen3_1.7b jid=3477608_5 state=PENDING
[2026-09-06T09:13:03+08:00] WAIT qwen3_1.7b jid=3477608_6 state=PENDING
[2026-09-06T09:13:03+08:00] WAIT olmo3_7b_think jid=3477609_0 state=PENDING
[2026-09-06T09:13:03+08:00] WAIT olmo3_7b_think jid=3477609_1 state=PENDING
[2026-09-06T09:13:03+08:00] WAIT olmo3_7b_think jid=3477609_2 state=PENDING
[2026-09-06T09:13:03+08:00] WAIT olmo3_7b_think jid=3477609_3 state=PENDING
[2026-09-06T09:13:03+08:00] WAIT olmo3_7b_think jid=3477609_4 state=PENDING
[2026-09-06T09:13:03+08:00] WAIT olmo3_7b_think jid=3477609_5 state=PENDING
[2026-09-06T09:13:03+08:00] WAIT olmo3_7b_think jid=3477609_6 state=PENDING
[2026-09-06T09:13:03+08:00] progress done=0/37 pending=37 failed=0
[2026-09-06T09:15:03+08:00] WAIT qwen3_1.7b jid=3477428 state=PENDING
[2026-09-06T09:15:03+08:00] WAIT qwen3_1.7b jid=3477429 state=PENDING
[2026-09-06T09:15:03+08:00] WAIT qwen3_1.7b jid=3477430 state=PENDING
[2026-09-06T09:15:03+08:00] WAIT olmo3_7b_think jid=3477431 state=PENDING
[2026-09-06T09:15:03+08:00] WAIT olmo3_7b_think jid=3477432 state=PENDING
[2026-09-06T09:15:03+08:00] WAIT olmo3_7b_think jid=3477433 state=PENDING
[2026-09-06T09:15:03+08:00] WAIT qwen3_4b_instruct jid=3477434 state=PENDING
[2026-09-06T09:15:03+08:00] WAIT qwen3_4b_instruct jid=3477435 state=PENDING
[2026-09-06T09:15:03+08:00] WAIT qwen3_4b_instruct jid=3477436 state=PENDING
[2026-09-06T09:15:03+08:00] WAIT qwen3_1.7b jid=3477606_0 state=PENDING
[2026-09-06T09:15:03+08:00] WAIT qwen3_1.7b jid=3477606_1 state=PENDING
[2026-09-06T09:15:03+08:00] WAIT qwen3_1.7b jid=3477606_2 state=PENDING
[2026-09-06T09:15:03+08:00] WAIT qwen3_1.7b jid=3477606_3 state=PENDING
[2026-09-06T09:15:03+08:00] WAIT qwen3_1.7b jid=3477606_4 state=PENDING
[2026-09-06T09:15:03+08:00] WAIT qwen3_1.7b jid=3477606_5 state=PENDING
[2026-09-06T09:15:03+08:00] WAIT qwen3_1.7b jid=3477606_6 state=PENDING
[2026-09-06T09:15:03+08:00] WAIT olmo3_7b_think jid=3477607_0 state=PENDING
[2026-09-06T09:15:03+08:00] WAIT olmo3_7b_think jid=3477607_1 state=PENDING
[2026-09-06T09:15:03+08:00] WAIT olmo3_7b_think jid=3477607_2 state=PENDING
[2026-09-06T09:15:03+08:00] WAIT olmo3_7b_think jid=3477607_3 state=PENDING
[2026-09-06T09:15:03+08:00] WAIT olmo3_7b_think jid=3477607_4 state=PENDING
[2026-09-06T09:15:03+08:00] WAIT olmo3_7b_think jid=3477607_5 state=PENDING
[2026-09-06T09:15:03+08:00] WAIT olmo3_7b_think jid=3477607_6 state=PENDING
[2026-09-06T09:15:03+08:00] WAIT qwen3_1.7b jid=3477608_0 state=PENDING
[2026-09-06T09:15:03+08:00] WAIT qwen3_1.7b jid=3477608_1 state=PENDING
[2026-09-06T09:15:03+08:00] WAIT qwen3_1.7b jid=3477608_2 state=PENDING
[2026-09-06T09:15:03+08:00] WAIT qwen3_1.7b jid=3477608_3 state=PENDING
[2026-09-06T09:15:03+08:00] WAIT qwen3_1.7b jid=3477608_4 state=PENDING
[2026-09-06T09:15:03+08:00] WAIT qwen3_1.7b jid=3477608_5 state=PENDING
[2026-09-06T09:15:03+08:00] WAIT qwen3_1.7b jid=3477608_6 state=PENDING
[2026-09-06T09:15:03+08:00] WAIT olmo3_7b_think jid=3477609_0 state=PENDING
[2026-09-06T09:15:03+08:00] WAIT olmo3_7b_think jid=3477609_1 state=PENDING
[2026-09-06T09:15:03+08:00] WAIT olmo3_7b_think jid=3477609_2 state=PENDING
[2026-09-06T09:15:03+08:00] WAIT olmo3_7b_think jid=3477609_3 state=PENDING
[2026-09-06T09:15:03+08:00] WAIT olmo3_7b_think jid=3477609_4 state=PENDING
[2026-09-06T09:15:03+08:00] WAIT olmo3_7b_think jid=3477609_5 state=PENDING
[2026-09-06T09:15:03+08:00] WAIT olmo3_7b_think jid=3477609_6 state=PENDING
[2026-09-06T09:15:03+08:00] progress done=0/37 pending=37 failed=0
[2026-09-06T09:17:03+08:00] WAIT qwen3_1.7b jid=3477428 state=PENDING
[2026-09-06T09:17:03+08:00] WAIT qwen3_1.7b jid=3477429 state=PENDING
[2026-09-06T09:17:03+08:00] WAIT qwen3_1.7b jid=3477430 state=PENDING
[2026-09-06T09:17:03+08:00] WAIT olmo3_7b_think jid=3477431 state=PENDING
[2026-09-06T09:17:03+08:00] WAIT olmo3_7b_think jid=3477432 state=PENDING
[2026-09-06T09:17:03+08:00] WAIT olmo3_7b_think jid=3477433 state=PENDING
[2026-09-06T09:17:03+08:00] WAIT qwen3_4b_instruct jid=3477434 state=PENDING
[2026-09-06T09:17:03+08:00] WAIT qwen3_4b_instruct jid=3477435 state=PENDING
[2026-09-06T09:17:03+08:00] WAIT qwen3_4b_instruct jid=3477436 state=PENDING
[2026-09-06T09:17:03+08:00] WAIT qwen3_1.7b jid=3477606_0 state=PENDING
[2026-09-06T09:17:03+08:00] WAIT qwen3_1.7b jid=3477606_1 state=PENDING
[2026-09-06T09:17:03+08:00] WAIT qwen3_1.7b jid=3477606_2 state=PENDING
[2026-09-06T09:17:03+08:00] WAIT qwen3_1.7b jid=3477606_3 state=PENDING
[2026-09-06T09:17:03+08:00] WAIT qwen3_1.7b jid=3477606_4 state=PENDING
[2026-09-06T09:17:03+08:00] WAIT qwen3_1.7b jid=3477606_5 state=PENDING
[2026-09-06T09:17:03+08:00] WAIT qwen3_1.7b jid=3477606_6 state=PENDING
[2026-09-06T09:17:03+08:00] WAIT olmo3_7b_think jid=3477607_0 state=PENDING
[2026-09-06T09:17:03+08:00] WAIT olmo3_7b_think jid=3477607_1 state=PENDING
[2026-09-06T09:17:03+08:00] WAIT olmo3_7b_think jid=3477607_2 state=PENDING
[2026-09-06T09:17:03+08:00] WAIT olmo3_7b_think jid=3477607_3 state=PENDING
[2026-09-06T09:17:03+08:00] WAIT olmo3_7b_think jid=3477607_4 state=PENDING
[2026-09-06T09:17:03+08:00] WAIT olmo3_7b_think jid=3477607_5 state=PENDING
[2026-09-06T09:17:04+08:00] WAIT olmo3_7b_think jid=3477607_6 state=PENDING
[2026-09-06T09:17:04+08:00] WAIT qwen3_1.7b jid=3477608_0 state=PENDING
[2026-09-06T09:17:04+08:00] WAIT qwen3_1.7b jid=3477608_1 state=PENDING
[2026-09-06T09:17:04+08:00] WAIT qwen3_1.7b jid=3477608_2 state=PENDING
[2026-09-06T09:17:04+08:00] WAIT qwen3_1.7b jid=3477608_3 state=PENDING
[2026-09-06T09:17:04+08:00] WAIT qwen3_1.7b jid=3477608_4 state=PENDING
[2026-09-06T09:17:04+08:00] WAIT qwen3_1.7b jid=3477608_5 state=PENDING
[2026-09-06T09:17:04+08:00] WAIT qwen3_1.7b jid=3477608_6 state=PENDING
[2026-09-06T09:17:04+08:00] WAIT olmo3_7b_think jid=3477609_0 state=PENDING
[2026-09-06T09:17:04+08:00] WAIT olmo3_7b_think jid=3477609_1 state=PENDING
[2026-09-06T09:17:04+08:00] WAIT olmo3_7b_think jid=3477609_2 state=PENDING
[2026-09-06T09:17:04+08:00] WAIT olmo3_7b_think jid=3477609_3 state=PENDING
[2026-09-06T09:17:04+08:00] WAIT olmo3_7b_think jid=3477609_4 state=PENDING
[2026-09-06T09:17:04+08:00] WAIT olmo3_7b_think jid=3477609_5 state=PENDING
[2026-09-06T09:17:04+08:00] WAIT olmo3_7b_think jid=3477609_6 state=PENDING
[2026-09-06T09:17:04+08:00] progress done=0/37 pending=37 failed=0
[2026-09-06T09:19:04+08:00] WAIT qwen3_1.7b jid=3477428 state=PENDING
[2026-09-06T09:19:04+08:00] WAIT qwen3_1.7b jid=3477429 state=PENDING
[2026-09-06T09:19:04+08:00] WAIT qwen3_1.7b jid=3477430 state=PENDING
[2026-09-06T09:19:04+08:00] WAIT olmo3_7b_think jid=3477431 state=PENDING
[2026-09-06T09:19:04+08:00] WAIT olmo3_7b_think jid=3477432 state=PENDING
[2026-09-06T09:19:04+08:00] WAIT olmo3_7b_think jid=3477433 state=PENDING
[2026-09-06T09:19:04+08:00] WAIT qwen3_4b_instruct jid=3477434 state=PENDING
[2026-09-06T09:19:04+08:00] WAIT qwen3_4b_instruct jid=3477435 state=PENDING
[2026-09-06T09:19:04+08:00] WAIT qwen3_4b_instruct jid=3477436 state=PENDING
[2026-09-06T09:19:04+08:00] WAIT qwen3_1.7b jid=3477606_0 state=PENDING
[2026-09-06T09:19:04+08:00] WAIT qwen3_1.7b jid=3477606_1 state=PENDING
[2026-09-06T09:19:04+08:00] WAIT qwen3_1.7b jid=3477606_2 state=PENDING
[2026-09-06T09:19:04+08:00] WAIT qwen3_1.7b jid=3477606_3 state=PENDING
[2026-09-06T09:19:04+08:00] WAIT qwen3_1.7b jid=3477606_4 state=PENDING
[2026-09-06T09:19:04+08:00] WAIT qwen3_1.7b jid=3477606_5 state=PENDING
[2026-09-06T09:19:04+08:00] WAIT qwen3_1.7b jid=3477606_6 state=PENDING
[2026-09-06T09:19:04+08:00] WAIT olmo3_7b_think jid=3477607_0 state=PENDING
[2026-09-06T09:19:04+08:00] WAIT olmo3_7b_think jid=3477607_1 state=PENDING
[2026-09-06T09:19:04+08:00] WAIT olmo3_7b_think jid=3477607_2 state=PENDING
[2026-09-06T09:19:04+08:00] WAIT olmo3_7b_think jid=3477607_3 state=PENDING
[2026-09-06T09:19:04+08:00] WAIT olmo3_7b_think jid=3477607_4 state=PENDING
[2026-09-06T09:19:04+08:00] WAIT olmo3_7b_think jid=3477607_5 state=PENDING
[2026-09-06T09:19:04+08:00] WAIT olmo3_7b_think jid=3477607_6 state=PENDING
[2026-09-06T09:19:04+08:00] WAIT qwen3_1.7b jid=3477608_0 state=PENDING
[2026-09-06T09:19:04+08:00] WAIT qwen3_1.7b jid=3477608_1 state=PENDING
[2026-09-06T09:19:04+08:00] WAIT qwen3_1.7b jid=3477608_2 state=PENDING
[2026-09-06T09:19:04+08:00] WAIT qwen3_1.7b jid=3477608_3 state=PENDING
[2026-09-06T09:19:04+08:00] WAIT qwen3_1.7b jid=3477608_4 state=PENDING
[2026-09-06T09:19:04+08:00] WAIT qwen3_1.7b jid=3477608_5 state=PENDING
[2026-09-06T09:19:04+08:00] WAIT qwen3_1.7b jid=3477608_6 state=PENDING
[2026-09-06T09:19:04+08:00] WAIT olmo3_7b_think jid=3477609_0 state=PENDING
[2026-09-06T09:19:04+08:00] WAIT olmo3_7b_think jid=3477609_1 state=PENDING
[2026-09-06T09:19:04+08:00] WAIT olmo3_7b_think jid=3477609_2 state=PENDING
[2026-09-06T09:19:04+08:00] WAIT olmo3_7b_think jid=3477609_3 state=PENDING
[2026-09-06T09:19:04+08:00] WAIT olmo3_7b_think jid=3477609_4 state=PENDING
[2026-09-06T09:19:04+08:00] WAIT olmo3_7b_think jid=3477609_5 state=PENDING
[2026-09-06T09:19:04+08:00] WAIT olmo3_7b_think jid=3477609_6 state=PENDING
[2026-09-06T09:19:04+08:00] progress done=0/37 pending=37 failed=0
[2026-09-06T09:21:04+08:00] WAIT qwen3_1.7b jid=3477428 state=PENDING
[2026-09-06T09:21:04+08:00] WAIT qwen3_1.7b jid=3477429 state=PENDING
[2026-09-06T09:21:04+08:00] WAIT qwen3_1.7b jid=3477430 state=PENDING
[2026-09-06T09:21:04+08:00] WAIT olmo3_7b_think jid=3477431 state=PENDING
[2026-09-06T09:21:04+08:00] WAIT olmo3_7b_think jid=3477432 state=PENDING
[2026-09-06T09:21:04+08:00] WAIT olmo3_7b_think jid=3477433 state=PENDING
[2026-09-06T09:21:04+08:00] WAIT qwen3_4b_instruct jid=3477434 state=PENDING
[2026-09-06T09:21:04+08:00] WAIT qwen3_4b_instruct jid=3477435 state=PENDING
[2026-09-06T09:21:04+08:00] WAIT qwen3_4b_instruct jid=3477436 state=PENDING
[2026-09-06T09:21:04+08:00] WAIT qwen3_1.7b jid=3477606_0 state=PENDING
[2026-09-06T09:21:04+08:00] WAIT qwen3_1.7b jid=3477606_1 state=PENDING
[2026-09-06T09:21:04+08:00] WAIT qwen3_1.7b jid=3477606_2 state=PENDING
[2026-09-06T09:21:04+08:00] WAIT qwen3_1.7b jid=3477606_3 state=PENDING
[2026-09-06T09:21:04+08:00] WAIT qwen3_1.7b jid=3477606_4 state=PENDING
[2026-09-06T09:21:04+08:00] WAIT qwen3_1.7b jid=3477606_5 state=PENDING
[2026-09-06T09:21:04+08:00] WAIT qwen3_1.7b jid=3477606_6 state=PENDING
[2026-09-06T09:21:04+08:00] WAIT olmo3_7b_think jid=3477607_0 state=PENDING
[2026-09-06T09:21:04+08:00] WAIT olmo3_7b_think jid=3477607_1 state=PENDING
[2026-09-06T09:21:04+08:00] WAIT olmo3_7b_think jid=3477607_2 state=PENDING
[2026-09-06T09:21:04+08:00] WAIT olmo3_7b_think jid=3477607_3 state=PENDING
[2026-09-06T09:21:04+08:00] WAIT olmo3_7b_think jid=3477607_4 state=PENDING
[2026-09-06T09:21:04+08:00] WAIT olmo3_7b_think jid=3477607_5 state=PENDING
[2026-09-06T09:21:04+08:00] WAIT olmo3_7b_think jid=3477607_6 state=PENDING
[2026-09-06T09:21:04+08:00] WAIT qwen3_1.7b jid=3477608_0 state=PENDING
[2026-09-06T09:21:04+08:00] WAIT qwen3_1.7b jid=3477608_1 state=PENDING
[2026-09-06T09:21:04+08:00] WAIT qwen3_1.7b jid=3477608_2 state=PENDING
[2026-09-06T09:21:04+08:00] WAIT qwen3_1.7b jid=3477608_3 state=PENDING
[2026-09-06T09:21:04+08:00] WAIT qwen3_1.7b jid=3477608_4 state=PENDING
[2026-09-06T09:21:04+08:00] WAIT qwen3_1.7b jid=3477608_5 state=PENDING
[2026-09-06T09:21:04+08:00] WAIT qwen3_1.7b jid=3477608_6 state=PENDING
[2026-09-06T09:21:04+08:00] WAIT olmo3_7b_think jid=3477609_0 state=PENDING
[2026-09-06T09:21:04+08:00] WAIT olmo3_7b_think jid=3477609_1 state=PENDING
[2026-09-06T09:21:04+08:00] WAIT olmo3_7b_think jid=3477609_2 state=PENDING
[2026-09-06T09:21:04+08:00] WAIT olmo3_7b_think jid=3477609_3 state=PENDING
[2026-09-06T09:21:04+08:00] WAIT olmo3_7b_think jid=3477609_4 state=PENDING
[2026-09-06T09:21:04+08:00] WAIT olmo3_7b_think jid=3477609_5 state=PENDING
[2026-09-06T09:21:04+08:00] WAIT olmo3_7b_think jid=3477609_6 state=PENDING
[2026-09-06T09:21:04+08:00] progress done=0/37 pending=37 failed=0
[2026-09-06T09:23:04+08:00] WAIT qwen3_1.7b jid=3477428 state=PENDING
[2026-09-06T09:23:05+08:00] WAIT qwen3_1.7b jid=3477429 state=PENDING
[2026-09-06T09:23:05+08:00] WAIT qwen3_1.7b jid=3477430 state=PENDING
[2026-09-06T09:23:05+08:00] WAIT olmo3_7b_think jid=3477431 state=PENDING
[2026-09-06T09:23:05+08:00] WAIT olmo3_7b_think jid=3477432 state=PENDING
[2026-09-06T09:23:05+08:00] WAIT olmo3_7b_think jid=3477433 state=PENDING
[2026-09-06T09:23:05+08:00] WAIT qwen3_4b_instruct jid=3477434 state=PENDING
[2026-09-06T09:23:05+08:00] WAIT qwen3_4b_instruct jid=3477435 state=PENDING
[2026-09-06T09:23:05+08:00] WAIT qwen3_4b_instruct jid=3477436 state=PENDING
[2026-09-06T09:23:05+08:00] WAIT qwen3_1.7b jid=3477606_0 state=PENDING
[2026-09-06T09:23:05+08:00] WAIT qwen3_1.7b jid=3477606_1 state=PENDING
[2026-09-06T09:23:05+08:00] WAIT qwen3_1.7b jid=3477606_2 state=PENDING
[2026-09-06T09:23:05+08:00] WAIT qwen3_1.7b jid=3477606_3 state=PENDING
[2026-09-06T09:23:05+08:00] WAIT qwen3_1.7b jid=3477606_4 state=PENDING
[2026-09-06T09:23:05+08:00] WAIT qwen3_1.7b jid=3477606_5 state=PENDING
[2026-09-06T09:23:05+08:00] WAIT qwen3_1.7b jid=3477606_6 state=PENDING
[2026-09-06T09:23:05+08:00] WAIT olmo3_7b_think jid=3477607_0 state=PENDING
[2026-09-06T09:23:05+08:00] WAIT olmo3_7b_think jid=3477607_1 state=PENDING
[2026-09-06T09:23:05+08:00] WAIT olmo3_7b_think jid=3477607_2 state=PENDING
[2026-09-06T09:23:05+08:00] WAIT olmo3_7b_think jid=3477607_3 state=PENDING
[2026-09-06T09:23:05+08:00] WAIT olmo3_7b_think jid=3477607_4 state=PENDING
[2026-09-06T09:23:05+08:00] WAIT olmo3_7b_think jid=3477607_5 state=PENDING
[2026-09-06T09:23:05+08:00] WAIT olmo3_7b_think jid=3477607_6 state=PENDING
[2026-09-06T09:23:05+08:00] WAIT qwen3_1.7b jid=3477608_0 state=PENDING
[2026-09-06T09:23:05+08:00] WAIT qwen3_1.7b jid=3477608_1 state=PENDING
[2026-09-06T09:23:05+08:00] WAIT qwen3_1.7b jid=3477608_2 state=PENDING
[2026-09-06T09:23:05+08:00] WAIT qwen3_1.7b jid=3477608_3 state=PENDING
[2026-09-06T09:23:05+08:00] WAIT qwen3_1.7b jid=3477608_4 state=PENDING
[2026-09-06T09:23:05+08:00] WAIT qwen3_1.7b jid=3477608_5 state=PENDING
[2026-09-06T09:23:05+08:00] WAIT qwen3_1.7b jid=3477608_6 state=PENDING
[2026-09-06T09:23:05+08:00] WAIT olmo3_7b_think jid=3477609_0 state=PENDING
[2026-09-06T09:23:05+08:00] WAIT olmo3_7b_think jid=3477609_1 state=PENDING
[2026-09-06T09:23:05+08:00] WAIT olmo3_7b_think jid=3477609_2 state=PENDING
[2026-09-06T09:23:05+08:00] WAIT olmo3_7b_think jid=3477609_3 state=PENDING
[2026-09-06T09:23:05+08:00] WAIT olmo3_7b_think jid=3477609_4 state=PENDING
[2026-09-06T09:23:05+08:00] WAIT olmo3_7b_think jid=3477609_5 state=PENDING
[2026-09-06T09:23:05+08:00] WAIT olmo3_7b_think jid=3477609_6 state=PENDING
[2026-09-06T09:23:05+08:00] progress done=0/37 pending=37 failed=0
[2026-09-06T09:25:05+08:00] WAIT qwen3_1.7b jid=3477428 state=PENDING
[2026-09-06T09:25:05+08:00] WAIT qwen3_1.7b jid=3477429 state=PENDING
[2026-09-06T09:25:05+08:00] WAIT qwen3_1.7b jid=3477430 state=PENDING
[2026-09-06T09:25:05+08:00] WAIT olmo3_7b_think jid=3477431 state=PENDING
[2026-09-06T09:25:05+08:00] WAIT olmo3_7b_think jid=3477432 state=PENDING
[2026-09-06T09:25:05+08:00] WAIT olmo3_7b_think jid=3477433 state=PENDING
[2026-09-06T09:25:05+08:00] WAIT qwen3_4b_instruct jid=3477434 state=PENDING
[2026-09-06T09:25:05+08:00] WAIT qwen3_4b_instruct jid=3477435 state=PENDING
[2026-09-06T09:25:05+08:00] WAIT qwen3_4b_instruct jid=3477436 state=PENDING
[2026-09-06T09:25:05+08:00] WAIT qwen3_1.7b jid=3477606_0 state=PENDING
[2026-09-06T09:25:05+08:00] WAIT qwen3_1.7b jid=3477606_1 state=PENDING
[2026-09-06T09:25:05+08:00] WAIT qwen3_1.7b jid=3477606_2 state=PENDING
[2026-09-06T09:25:05+08:00] WAIT qwen3_1.7b jid=3477606_3 state=PENDING
[2026-09-06T09:25:05+08:00] WAIT qwen3_1.7b jid=3477606_4 state=PENDING
[2026-09-06T09:25:05+08:00] WAIT qwen3_1.7b jid=3477606_5 state=PENDING
[2026-09-06T09:25:05+08:00] WAIT qwen3_1.7b jid=3477606_6 state=PENDING
[2026-09-06T09:25:05+08:00] WAIT olmo3_7b_think jid=3477607_0 state=PENDING
[2026-09-06T09:25:05+08:00] WAIT olmo3_7b_think jid=3477607_1 state=PENDING
[2026-09-06T09:25:05+08:00] WAIT olmo3_7b_think jid=3477607_2 state=PENDING
[2026-09-06T09:25:05+08:00] WAIT olmo3_7b_think jid=3477607_3 state=PENDING
[2026-09-06T09:25:05+08:00] WAIT olmo3_7b_think jid=3477607_4 state=PENDING
[2026-09-06T09:25:05+08:00] WAIT olmo3_7b_think jid=3477607_5 state=PENDING
[2026-09-06T09:25:05+08:00] WAIT olmo3_7b_think jid=3477607_6 state=PENDING
[2026-09-06T09:25:05+08:00] WAIT qwen3_1.7b jid=3477608_0 state=PENDING
[2026-09-06T09:25:05+08:00] WAIT qwen3_1.7b jid=3477608_1 state=PENDING
[2026-09-06T09:25:05+08:00] WAIT qwen3_1.7b jid=3477608_2 state=PENDING
[2026-09-06T09:25:05+08:00] WAIT qwen3_1.7b jid=3477608_3 state=PENDING
[2026-09-06T09:25:05+08:00] WAIT qwen3_1.7b jid=3477608_4 state=PENDING
[2026-09-06T09:25:05+08:00] WAIT qwen3_1.7b jid=3477608_5 state=PENDING
[2026-09-06T09:25:05+08:00] WAIT qwen3_1.7b jid=3477608_6 state=PENDING
[2026-09-06T09:25:05+08:00] WAIT olmo3_7b_think jid=3477609_0 state=PENDING
[2026-09-06T09:25:05+08:00] WAIT olmo3_7b_think jid=3477609_1 state=PENDING
[2026-09-06T09:25:05+08:00] WAIT olmo3_7b_think jid=3477609_2 state=PENDING
[2026-09-06T09:25:05+08:00] WAIT olmo3_7b_think jid=3477609_3 state=PENDING
[2026-09-06T09:25:05+08:00] WAIT olmo3_7b_think jid=3477609_4 state=PENDING
[2026-09-06T09:25:05+08:00] WAIT olmo3_7b_think jid=3477609_5 state=PENDING
[2026-09-06T09:25:05+08:00] WAIT olmo3_7b_think jid=3477609_6 state=PENDING
[2026-09-06T09:25:05+08:00] progress done=0/37 pending=37 failed=0
[2026-09-06T09:27:05+08:00] WAIT qwen3_1.7b jid=3477428 state=PENDING
[2026-09-06T09:27:05+08:00] WAIT qwen3_1.7b jid=3477429 state=PENDING
[2026-09-06T09:27:05+08:00] WAIT qwen3_1.7b jid=3477430 state=PENDING
[2026-09-06T09:27:05+08:00] WAIT olmo3_7b_think jid=3477431 state=PENDING
[2026-09-06T09:27:05+08:00] WAIT olmo3_7b_think jid=3477432 state=PENDING
[2026-09-06T09:27:05+08:00] WAIT olmo3_7b_think jid=3477433 state=PENDING
[2026-09-06T09:27:05+08:00] WAIT qwen3_4b_instruct jid=3477434 state=PENDING
[2026-09-06T09:27:05+08:00] WAIT qwen3_4b_instruct jid=3477435 state=PENDING
[2026-09-06T09:27:05+08:00] WAIT qwen3_4b_instruct jid=3477436 state=PENDING
[2026-09-06T09:27:05+08:00] WAIT qwen3_1.7b jid=3477606_0 state=PENDING
[2026-09-06T09:27:05+08:00] WAIT qwen3_1.7b jid=3477606_1 state=PENDING
[2026-09-06T09:27:05+08:00] WAIT qwen3_1.7b jid=3477606_2 state=PENDING
[2026-09-06T09:27:05+08:00] WAIT qwen3_1.7b jid=3477606_3 state=PENDING
[2026-09-06T09:27:05+08:00] WAIT qwen3_1.7b jid=3477606_4 state=PENDING
[2026-09-06T09:27:05+08:00] WAIT qwen3_1.7b jid=3477606_5 state=PENDING
[2026-09-06T09:27:05+08:00] WAIT qwen3_1.7b jid=3477606_6 state=PENDING
[2026-09-06T09:27:05+08:00] WAIT olmo3_7b_think jid=3477607_0 state=PENDING
[2026-09-06T09:27:05+08:00] WAIT olmo3_7b_think jid=3477607_1 state=PENDING
[2026-09-06T09:27:05+08:00] WAIT olmo3_7b_think jid=3477607_2 state=PENDING
[2026-09-06T09:27:05+08:00] WAIT olmo3_7b_think jid=3477607_3 state=PENDING
[2026-09-06T09:27:05+08:00] WAIT olmo3_7b_think jid=3477607_4 state=PENDING
[2026-09-06T09:27:05+08:00] WAIT olmo3_7b_think jid=3477607_5 state=PENDING
[2026-09-06T09:27:06+08:00] WAIT olmo3_7b_think jid=3477607_6 state=PENDING
[2026-09-06T09:27:06+08:00] WAIT qwen3_1.7b jid=3477608_0 state=PENDING
[2026-09-06T09:27:06+08:00] WAIT qwen3_1.7b jid=3477608_1 state=PENDING
[2026-09-06T09:27:06+08:00] WAIT qwen3_1.7b jid=3477608_2 state=PENDING
[2026-09-06T09:27:06+08:00] WAIT qwen3_1.7b jid=3477608_3 state=PENDING
[2026-09-06T09:27:06+08:00] WAIT qwen3_1.7b jid=3477608_4 state=PENDING
[2026-09-06T09:27:06+08:00] WAIT qwen3_1.7b jid=3477608_5 state=PENDING
[2026-09-06T09:27:06+08:00] WAIT qwen3_1.7b jid=3477608_6 state=PENDING
[2026-09-06T09:27:06+08:00] WAIT olmo3_7b_think jid=3477609_0 state=PENDING
[2026-09-06T09:27:06+08:00] WAIT olmo3_7b_think jid=3477609_1 state=PENDING
[2026-09-06T09:27:06+08:00] WAIT olmo3_7b_think jid=3477609_2 state=PENDING
[2026-09-06T09:27:06+08:00] WAIT olmo3_7b_think jid=3477609_3 state=PENDING
[2026-09-06T09:27:06+08:00] WAIT olmo3_7b_think jid=3477609_4 state=PENDING
[2026-09-06T09:27:06+08:00] WAIT olmo3_7b_think jid=3477609_5 state=PENDING
[2026-09-06T09:27:06+08:00] WAIT olmo3_7b_think jid=3477609_6 state=PENDING
[2026-09-06T09:27:06+08:00] progress done=0/37 pending=37 failed=0
[2026-09-06T09:29:06+08:00] WAIT qwen3_1.7b jid=3477428 state=PENDING
[2026-09-06T09:29:06+08:00] WAIT qwen3_1.7b jid=3477429 state=PENDING
[2026-09-06T09:29:06+08:00] WAIT qwen3_1.7b jid=3477430 state=PENDING
[2026-09-06T09:29:06+08:00] WAIT olmo3_7b_think jid=3477431 state=PENDING
[2026-09-06T09:29:06+08:00] WAIT olmo3_7b_think jid=3477432 state=PENDING
[2026-09-06T09:29:06+08:00] WAIT olmo3_7b_think jid=3477433 state=PENDING
[2026-09-06T09:29:06+08:00] WAIT qwen3_4b_instruct jid=3477434 state=PENDING
[2026-09-06T09:29:06+08:00] WAIT qwen3_4b_instruct jid=3477435 state=PENDING
[2026-09-06T09:29:06+08:00] WAIT qwen3_4b_instruct jid=3477436 state=PENDING
[2026-09-06T09:29:06+08:00] WAIT qwen3_1.7b jid=3477606_0 state=PENDING
[2026-09-06T09:29:06+08:00] WAIT qwen3_1.7b jid=3477606_1 state=PENDING
[2026-09-06T09:29:06+08:00] WAIT qwen3_1.7b jid=3477606_2 state=PENDING
[2026-09-06T09:29:06+08:00] WAIT qwen3_1.7b jid=3477606_3 state=PENDING
[2026-09-06T09:29:06+08:00] WAIT qwen3_1.7b jid=3477606_4 state=PENDING
[2026-09-06T09:29:06+08:00] WAIT qwen3_1.7b jid=3477606_5 state=PENDING
[2026-09-06T09:29:06+08:00] WAIT qwen3_1.7b jid=3477606_6 state=PENDING
[2026-09-06T09:29:06+08:00] WAIT olmo3_7b_think jid=3477607_0 state=PENDING
[2026-09-06T09:29:06+08:00] WAIT olmo3_7b_think jid=3477607_1 state=PENDING
[2026-09-06T09:29:06+08:00] WAIT olmo3_7b_think jid=3477607_2 state=PENDING
[2026-09-06T09:29:06+08:00] WAIT olmo3_7b_think jid=3477607_3 state=PENDING
[2026-09-06T09:29:06+08:00] WAIT olmo3_7b_think jid=3477607_4 state=PENDING
[2026-09-06T09:29:06+08:00] WAIT olmo3_7b_think jid=3477607_5 state=PENDING
[2026-09-06T09:29:06+08:00] WAIT olmo3_7b_think jid=3477607_6 state=PENDING
[2026-09-06T09:29:06+08:00] WAIT qwen3_1.7b jid=3477608_0 state=PENDING
[2026-09-06T09:29:06+08:00] WAIT qwen3_1.7b jid=3477608_1 state=PENDING
[2026-09-06T09:29:06+08:00] WAIT qwen3_1.7b jid=3477608_2 state=PENDING
[2026-09-06T09:29:06+08:00] WAIT qwen3_1.7b jid=3477608_3 state=PENDING
[2026-09-06T09:29:06+08:00] WAIT qwen3_1.7b jid=3477608_4 state=PENDING
[2026-09-06T09:29:06+08:00] WAIT qwen3_1.7b jid=3477608_5 state=PENDING
[2026-09-06T09:29:06+08:00] WAIT qwen3_1.7b jid=3477608_6 state=PENDING
[2026-09-06T09:29:06+08:00] WAIT olmo3_7b_think jid=3477609_0 state=PENDING
[2026-09-06T09:29:06+08:00] WAIT olmo3_7b_think jid=3477609_1 state=PENDING
[2026-09-06T09:29:06+08:00] WAIT olmo3_7b_think jid=3477609_2 state=PENDING
[2026-09-06T09:29:06+08:00] WAIT olmo3_7b_think jid=3477609_3 state=PENDING
[2026-09-06T09:29:06+08:00] WAIT olmo3_7b_think jid=3477609_4 state=PENDING
[2026-09-06T09:29:06+08:00] WAIT olmo3_7b_think jid=3477609_5 state=PENDING
[2026-09-06T09:29:06+08:00] WAIT olmo3_7b_think jid=3477609_6 state=PENDING
[2026-09-06T09:29:06+08:00] progress done=0/37 pending=37 failed=0
[2026-09-06T09:31:06+08:00] WAIT qwen3_1.7b jid=3477428 state=PENDING
[2026-09-06T09:31:06+08:00] WAIT qwen3_1.7b jid=3477429 state=PENDING
[2026-09-06T09:31:06+08:00] WAIT qwen3_1.7b jid=3477430 state=PENDING
[2026-09-06T09:31:06+08:00] WAIT olmo3_7b_think jid=3477431 state=PENDING
[2026-09-06T09:31:06+08:00] WAIT olmo3_7b_think jid=3477432 state=PENDING
[2026-09-06T09:31:06+08:00] WAIT olmo3_7b_think jid=3477433 state=PENDING
[2026-09-06T09:31:06+08:00] WAIT qwen3_4b_instruct jid=3477434 state=PENDING
[2026-09-06T09:31:06+08:00] WAIT qwen3_4b_instruct jid=3477435 state=PENDING
[2026-09-06T09:31:06+08:00] WAIT qwen3_4b_instruct jid=3477436 state=PENDING
[2026-09-06T09:31:06+08:00] WAIT qwen3_1.7b jid=3477606_0 state=PENDING
[2026-09-06T09:31:06+08:00] WAIT qwen3_1.7b jid=3477606_1 state=PENDING
[2026-09-06T09:31:06+08:00] WAIT qwen3_1.7b jid=3477606_2 state=PENDING
[2026-09-06T09:31:06+08:00] WAIT qwen3_1.7b jid=3477606_3 state=PENDING
[2026-09-06T09:31:06+08:00] WAIT qwen3_1.7b jid=3477606_4 state=PENDING
[2026-09-06T09:31:06+08:00] WAIT qwen3_1.7b jid=3477606_5 state=PENDING
[2026-09-06T09:31:06+08:00] WAIT qwen3_1.7b jid=3477606_6 state=PENDING
[2026-09-06T09:31:06+08:00] WAIT olmo3_7b_think jid=3477607_0 state=PENDING
[2026-09-06T09:31:06+08:00] WAIT olmo3_7b_think jid=3477607_1 state=PENDING
[2026-09-06T09:31:06+08:00] WAIT olmo3_7b_think jid=3477607_2 state=PENDING
[2026-09-06T09:31:06+08:00] WAIT olmo3_7b_think jid=3477607_3 state=PENDING
[2026-09-06T09:31:06+08:00] WAIT olmo3_7b_think jid=3477607_4 state=PENDING
[2026-09-06T09:31:06+08:00] WAIT olmo3_7b_think jid=3477607_5 state=PENDING
[2026-09-06T09:31:06+08:00] WAIT olmo3_7b_think jid=3477607_6 state=PENDING
[2026-09-06T09:31:06+08:00] WAIT qwen3_1.7b jid=3477608_0 state=PENDING
[2026-09-06T09:31:06+08:00] WAIT qwen3_1.7b jid=3477608_1 state=PENDING
[2026-09-06T09:31:06+08:00] WAIT qwen3_1.7b jid=3477608_2 state=PENDING
[2026-09-06T09:31:06+08:00] WAIT qwen3_1.7b jid=3477608_3 state=PENDING
[2026-09-06T09:31:06+08:00] WAIT qwen3_1.7b jid=3477608_4 state=PENDING
[2026-09-06T09:31:06+08:00] WAIT qwen3_1.7b jid=3477608_5 state=PENDING
[2026-09-06T09:31:06+08:00] WAIT qwen3_1.7b jid=3477608_6 state=PENDING
[2026-09-06T09:31:06+08:00] WAIT olmo3_7b_think jid=3477609_0 state=PENDING
[2026-09-06T09:31:06+08:00] WAIT olmo3_7b_think jid=3477609_1 state=PENDING
[2026-09-06T09:31:06+08:00] WAIT olmo3_7b_think jid=3477609_2 state=PENDING
[2026-09-06T09:31:06+08:00] WAIT olmo3_7b_think jid=3477609_3 state=PENDING
[2026-09-06T09:31:06+08:00] WAIT olmo3_7b_think jid=3477609_4 state=PENDING
[2026-09-06T09:31:06+08:00] WAIT olmo3_7b_think jid=3477609_5 state=PENDING
[2026-09-06T09:31:06+08:00] WAIT olmo3_7b_think jid=3477609_6 state=PENDING
[2026-09-06T09:31:06+08:00] progress done=0/37 pending=37 failed=0
[2026-09-06T09:33:06+08:00] WAIT qwen3_1.7b jid=3477428 state=PENDING
[2026-09-06T09:33:07+08:00] WAIT qwen3_1.7b jid=3477429 state=PENDING
[2026-09-06T09:33:07+08:00] WAIT qwen3_1.7b jid=3477430 state=PENDING
[2026-09-06T09:33:07+08:00] WAIT olmo3_7b_think jid=3477431 state=PENDING
[2026-09-06T09:33:07+08:00] WAIT olmo3_7b_think jid=3477432 state=PENDING
[2026-09-06T09:33:07+08:00] WAIT olmo3_7b_think jid=3477433 state=PENDING
[2026-09-06T09:33:07+08:00] WAIT qwen3_4b_instruct jid=3477434 state=PENDING
[2026-09-06T09:33:07+08:00] WAIT qwen3_4b_instruct jid=3477435 state=PENDING
[2026-09-06T09:33:07+08:00] WAIT qwen3_4b_instruct jid=3477436 state=PENDING
[2026-09-06T09:33:07+08:00] WAIT qwen3_1.7b jid=3477606_0 state=PENDING
[2026-09-06T09:33:07+08:00] WAIT qwen3_1.7b jid=3477606_1 state=PENDING
[2026-09-06T09:33:07+08:00] WAIT qwen3_1.7b jid=3477606_2 state=PENDING
[2026-09-06T09:33:07+08:00] WAIT qwen3_1.7b jid=3477606_3 state=PENDING
[2026-09-06T09:33:07+08:00] WAIT qwen3_1.7b jid=3477606_4 state=PENDING
[2026-09-06T09:33:07+08:00] WAIT qwen3_1.7b jid=3477606_5 state=PENDING
[2026-09-06T09:33:07+08:00] WAIT qwen3_1.7b jid=3477606_6 state=PENDING
[2026-09-06T09:33:07+08:00] WAIT olmo3_7b_think jid=3477607_0 state=PENDING
[2026-09-06T09:33:07+08:00] WAIT olmo3_7b_think jid=3477607_1 state=PENDING
[2026-09-06T09:33:07+08:00] WAIT olmo3_7b_think jid=3477607_2 state=PENDING
[2026-09-06T09:33:07+08:00] WAIT olmo3_7b_think jid=3477607_3 state=PENDING
[2026-09-06T09:33:07+08:00] WAIT olmo3_7b_think jid=3477607_4 state=PENDING
[2026-09-06T09:33:07+08:00] WAIT olmo3_7b_think jid=3477607_5 state=PENDING
[2026-09-06T09:33:07+08:00] WAIT olmo3_7b_think jid=3477607_6 state=PENDING
[2026-09-06T09:33:07+08:00] WAIT qwen3_1.7b jid=3477608_0 state=PENDING
[2026-09-06T09:33:07+08:00] WAIT qwen3_1.7b jid=3477608_1 state=PENDING
[2026-09-06T09:33:07+08:00] WAIT qwen3_1.7b jid=3477608_2 state=PENDING
[2026-09-06T09:33:07+08:00] WAIT qwen3_1.7b jid=3477608_3 state=PENDING
[2026-09-06T09:33:07+08:00] WAIT qwen3_1.7b jid=3477608_4 state=PENDING
[2026-09-06T09:33:07+08:00] WAIT qwen3_1.7b jid=3477608_5 state=PENDING
[2026-09-06T09:33:07+08:00] WAIT qwen3_1.7b jid=3477608_6 state=PENDING
[2026-09-06T09:33:07+08:00] WAIT olmo3_7b_think jid=3477609_0 state=PENDING
[2026-09-06T09:33:07+08:00] WAIT olmo3_7b_think jid=3477609_1 state=PENDING
[2026-09-06T09:33:07+08:00] WAIT olmo3_7b_think jid=3477609_2 state=PENDING
[2026-09-06T09:33:07+08:00] WAIT olmo3_7b_think jid=3477609_3 state=PENDING
[2026-09-06T09:33:07+08:00] WAIT olmo3_7b_think jid=3477609_4 state=PENDING
[2026-09-06T09:33:07+08:00] WAIT olmo3_7b_think jid=3477609_5 state=PENDING
[2026-09-06T09:33:07+08:00] WAIT olmo3_7b_think jid=3477609_6 state=PENDING
[2026-09-06T09:33:07+08:00] progress done=0/37 pending=37 failed=0
[2026-09-06T09:35:07+08:00] WAIT qwen3_1.7b jid=3477428 state=PENDING
[2026-09-06T09:35:07+08:00] WAIT qwen3_1.7b jid=3477429 state=PENDING
[2026-09-06T09:35:07+08:00] WAIT qwen3_1.7b jid=3477430 state=PENDING
[2026-09-06T09:35:07+08:00] WAIT olmo3_7b_think jid=3477431 state=PENDING
[2026-09-06T09:35:07+08:00] WAIT olmo3_7b_think jid=3477432 state=PENDING
[2026-09-06T09:35:07+08:00] WAIT olmo3_7b_think jid=3477433 state=PENDING
[2026-09-06T09:35:07+08:00] WAIT qwen3_4b_instruct jid=3477434 state=PENDING
[2026-09-06T09:35:07+08:00] WAIT qwen3_4b_instruct jid=3477435 state=PENDING
[2026-09-06T09:35:07+08:00] WAIT qwen3_4b_instruct jid=3477436 state=PENDING
[2026-09-06T09:35:07+08:00] WAIT qwen3_1.7b jid=3477606_0 state=PENDING
[2026-09-06T09:35:07+08:00] WAIT qwen3_1.7b jid=3477606_1 state=PENDING
[2026-09-06T09:35:07+08:00] WAIT qwen3_1.7b jid=3477606_2 state=PENDING
[2026-09-06T09:35:07+08:00] WAIT qwen3_1.7b jid=3477606_3 state=PENDING
[2026-09-06T09:35:07+08:00] WAIT qwen3_1.7b jid=3477606_4 state=PENDING
[2026-09-06T09:35:07+08:00] WAIT qwen3_1.7b jid=3477606_5 state=PENDING
[2026-09-06T09:35:07+08:00] WAIT qwen3_1.7b jid=3477606_6 state=PENDING
[2026-09-06T09:35:07+08:00] WAIT olmo3_7b_think jid=3477607_0 state=PENDING
[2026-09-06T09:35:07+08:00] WAIT olmo3_7b_think jid=3477607_1 state=PENDING
[2026-09-06T09:35:07+08:00] WAIT olmo3_7b_think jid=3477607_2 state=PENDING
[2026-09-06T09:35:07+08:00] WAIT olmo3_7b_think jid=3477607_3 state=PENDING
[2026-09-06T09:35:07+08:00] WAIT olmo3_7b_think jid=3477607_4 state=PENDING
[2026-09-06T09:35:07+08:00] WAIT olmo3_7b_think jid=3477607_5 state=PENDING
[2026-09-06T09:35:07+08:00] WAIT olmo3_7b_think jid=3477607_6 state=PENDING
[2026-09-06T09:35:07+08:00] WAIT qwen3_1.7b jid=3477608_0 state=PENDING
[2026-09-06T09:35:07+08:00] WAIT qwen3_1.7b jid=3477608_1 state=PENDING
[2026-09-06T09:35:07+08:00] WAIT qwen3_1.7b jid=3477608_2 state=PENDING
[2026-09-06T09:35:07+08:00] WAIT qwen3_1.7b jid=3477608_3 state=PENDING
[2026-09-06T09:35:07+08:00] WAIT qwen3_1.7b jid=3477608_4 state=PENDING
[2026-09-06T09:35:07+08:00] WAIT qwen3_1.7b jid=3477608_5 state=PENDING
[2026-09-06T09:35:07+08:00] WAIT qwen3_1.7b jid=3477608_6 state=PENDING
[2026-09-06T09:35:07+08:00] WAIT olmo3_7b_think jid=3477609_0 state=PENDING
[2026-09-06T09:35:07+08:00] WAIT olmo3_7b_think jid=3477609_1 state=PENDING
[2026-09-06T09:35:07+08:00] WAIT olmo3_7b_think jid=3477609_2 state=PENDING
[2026-09-06T09:35:07+08:00] WAIT olmo3_7b_think jid=3477609_3 state=PENDING
[2026-09-06T09:35:07+08:00] WAIT olmo3_7b_think jid=3477609_4 state=PENDING
[2026-09-06T09:35:07+08:00] WAIT olmo3_7b_think jid=3477609_5 state=PENDING
[2026-09-06T09:35:07+08:00] WAIT olmo3_7b_think jid=3477609_6 state=PENDING
[2026-09-06T09:35:07+08:00] progress done=0/37 pending=37 failed=0
[2026-09-06T09:37:07+08:00] WAIT qwen3_1.7b jid=3477428 state=PENDING
[2026-09-06T09:37:07+08:00] WAIT qwen3_1.7b jid=3477429 state=PENDING
[2026-09-06T09:37:07+08:00] WAIT qwen3_1.7b jid=3477430 state=PENDING
[2026-09-06T09:37:07+08:00] WAIT olmo3_7b_think jid=3477431 state=PENDING
[2026-09-06T09:37:07+08:00] WAIT olmo3_7b_think jid=3477432 state=PENDING
[2026-09-06T09:37:07+08:00] WAIT olmo3_7b_think jid=3477433 state=PENDING
[2026-09-06T09:37:07+08:00] WAIT qwen3_4b_instruct jid=3477434 state=PENDING
[2026-09-06T09:37:07+08:00] WAIT qwen3_4b_instruct jid=3477435 state=PENDING
[2026-09-06T09:37:07+08:00] WAIT qwen3_4b_instruct jid=3477436 state=PENDING
[2026-09-06T09:37:07+08:00] WAIT qwen3_1.7b jid=3477606_0 state=PENDING
[2026-09-06T09:37:07+08:00] WAIT qwen3_1.7b jid=3477606_1 state=PENDING
[2026-09-06T09:37:07+08:00] WAIT qwen3_1.7b jid=3477606_2 state=PENDING
[2026-09-06T09:37:07+08:00] WAIT qwen3_1.7b jid=3477606_3 state=PENDING
[2026-09-06T09:37:07+08:00] WAIT qwen3_1.7b jid=3477606_4 state=PENDING
[2026-09-06T09:37:07+08:00] WAIT qwen3_1.7b jid=3477606_5 state=PENDING
[2026-09-06T09:37:07+08:00] WAIT qwen3_1.7b jid=3477606_6 state=PENDING
[2026-09-06T09:37:07+08:00] WAIT olmo3_7b_think jid=3477607_0 state=PENDING
[2026-09-06T09:37:07+08:00] WAIT olmo3_7b_think jid=3477607_1 state=PENDING
[2026-09-06T09:37:07+08:00] WAIT olmo3_7b_think jid=3477607_2 state=PENDING
[2026-09-06T09:37:07+08:00] WAIT olmo3_7b_think jid=3477607_3 state=PENDING
[2026-09-06T09:37:08+08:00] WAIT olmo3_7b_think jid=3477607_4 state=PENDING
[2026-09-06T09:37:08+08:00] WAIT olmo3_7b_think jid=3477607_5 state=PENDING
[2026-09-06T09:37:08+08:00] WAIT olmo3_7b_think jid=3477607_6 state=PENDING
[2026-09-06T09:37:08+08:00] WAIT qwen3_1.7b jid=3477608_0 state=PENDING
[2026-09-06T09:37:08+08:00] WAIT qwen3_1.7b jid=3477608_1 state=PENDING
[2026-09-06T09:37:08+08:00] WAIT qwen3_1.7b jid=3477608_2 state=PENDING
[2026-09-06T09:37:08+08:00] WAIT qwen3_1.7b jid=3477608_3 state=PENDING
[2026-09-06T09:37:08+08:00] WAIT qwen3_1.7b jid=3477608_4 state=PENDING
[2026-09-06T09:37:08+08:00] WAIT qwen3_1.7b jid=3477608_5 state=PENDING
[2026-09-06T09:37:08+08:00] WAIT qwen3_1.7b jid=3477608_6 state=PENDING
[2026-09-06T09:37:08+08:00] WAIT olmo3_7b_think jid=3477609_0 state=PENDING
[2026-09-06T09:37:08+08:00] WAIT olmo3_7b_think jid=3477609_1 state=PENDING
[2026-09-06T09:37:08+08:00] WAIT olmo3_7b_think jid=3477609_2 state=PENDING
[2026-09-06T09:37:08+08:00] WAIT olmo3_7b_think jid=3477609_3 state=PENDING
[2026-09-06T09:37:08+08:00] WAIT olmo3_7b_think jid=3477609_4 state=PENDING
[2026-09-06T09:37:08+08:00] WAIT olmo3_7b_think jid=3477609_5 state=PENDING
[2026-09-06T09:37:08+08:00] WAIT olmo3_7b_think jid=3477609_6 state=PENDING
[2026-09-06T09:37:08+08:00] progress done=0/37 pending=37 failed=0
[2026-09-06T09:39:08+08:00] WAIT qwen3_1.7b jid=3477428 state=PENDING
[2026-09-06T09:39:08+08:00] WAIT qwen3_1.7b jid=3477429 state=PENDING
[2026-09-06T09:39:08+08:00] WAIT qwen3_1.7b jid=3477430 state=PENDING
[2026-09-06T09:39:08+08:00] WAIT olmo3_7b_think jid=3477431 state=PENDING
[2026-09-06T09:39:08+08:00] WAIT olmo3_7b_think jid=3477432 state=PENDING
[2026-09-06T09:39:08+08:00] WAIT olmo3_7b_think jid=3477433 state=PENDING
[2026-09-06T09:39:08+08:00] WAIT qwen3_4b_instruct jid=3477434 state=PENDING
[2026-09-06T09:39:08+08:00] WAIT qwen3_4b_instruct jid=3477435 state=PENDING
[2026-09-06T09:39:08+08:00] WAIT qwen3_4b_instruct jid=3477436 state=PENDING
[2026-09-06T09:39:08+08:00] WAIT qwen3_1.7b jid=3477606_0 state=PENDING
[2026-09-06T09:39:08+08:00] WAIT qwen3_1.7b jid=3477606_1 state=PENDING
[2026-09-06T09:39:08+08:00] WAIT qwen3_1.7b jid=3477606_2 state=PENDING
[2026-09-06T09:39:08+08:00] WAIT qwen3_1.7b jid=3477606_3 state=PENDING
[2026-09-06T09:39:08+08:00] WAIT qwen3_1.7b jid=3477606_4 state=PENDING
[2026-09-06T09:39:08+08:00] WAIT qwen3_1.7b jid=3477606_5 state=PENDING
[2026-09-06T09:39:08+08:00] WAIT qwen3_1.7b jid=3477606_6 state=PENDING
[2026-09-06T09:39:08+08:00] WAIT olmo3_7b_think jid=3477607_0 state=PENDING
[2026-09-06T09:39:08+08:00] WAIT olmo3_7b_think jid=3477607_1 state=PENDING
[2026-09-06T09:39:08+08:00] WAIT olmo3_7b_think jid=3477607_2 state=PENDING
[2026-09-06T09:39:08+08:00] WAIT olmo3_7b_think jid=3477607_3 state=PENDING
[2026-09-06T09:39:08+08:00] WAIT olmo3_7b_think jid=3477607_4 state=PENDING
[2026-09-06T09:39:08+08:00] WAIT olmo3_7b_think jid=3477607_5 state=PENDING
[2026-09-06T09:39:08+08:00] WAIT olmo3_7b_think jid=3477607_6 state=PENDING
[2026-09-06T09:39:08+08:00] WAIT qwen3_1.7b jid=3477608_0 state=PENDING
[2026-09-06T09:39:08+08:00] WAIT qwen3_1.7b jid=3477608_1 state=PENDING
[2026-09-06T09:39:08+08:00] WAIT qwen3_1.7b jid=3477608_2 state=PENDING
[2026-09-06T09:39:08+08:00] WAIT qwen3_1.7b jid=3477608_3 state=PENDING
[2026-09-06T09:39:08+08:00] WAIT qwen3_1.7b jid=3477608_4 state=PENDING
[2026-09-06T09:39:08+08:00] WAIT qwen3_1.7b jid=3477608_5 state=PENDING
[2026-09-06T09:39:08+08:00] WAIT qwen3_1.7b jid=3477608_6 state=PENDING
[2026-09-06T09:39:08+08:00] WAIT olmo3_7b_think jid=3477609_0 state=PENDING
[2026-09-06T09:39:08+08:00] WAIT olmo3_7b_think jid=3477609_1 state=PENDING
[2026-09-06T09:39:08+08:00] WAIT olmo3_7b_think jid=3477609_2 state=PENDING
[2026-09-06T09:39:08+08:00] WAIT olmo3_7b_think jid=3477609_3 state=PENDING
[2026-09-06T09:39:08+08:00] WAIT olmo3_7b_think jid=3477609_4 state=PENDING
[2026-09-06T09:39:08+08:00] WAIT olmo3_7b_think jid=3477609_5 state=PENDING
[2026-09-06T09:39:08+08:00] WAIT olmo3_7b_think jid=3477609_6 state=PENDING
[2026-09-06T09:39:08+08:00] progress done=0/37 pending=37 failed=0
[2026-09-06T09:41:08+08:00] WAIT qwen3_1.7b jid=3477428 state=PENDING
[2026-09-06T09:41:08+08:00] WAIT qwen3_1.7b jid=3477429 state=PENDING
[2026-09-06T09:41:08+08:00] WAIT qwen3_1.7b jid=3477430 state=PENDING
[2026-09-06T09:41:08+08:00] WAIT olmo3_7b_think jid=3477431 state=PENDING
[2026-09-06T09:41:08+08:00] WAIT olmo3_7b_think jid=3477432 state=PENDING
[2026-09-06T09:41:08+08:00] WAIT olmo3_7b_think jid=3477433 state=PENDING
[2026-09-06T09:41:08+08:00] WAIT qwen3_4b_instruct jid=3477434 state=PENDING
[2026-09-06T09:41:08+08:00] WAIT qwen3_4b_instruct jid=3477435 state=PENDING
[2026-09-06T09:41:08+08:00] WAIT qwen3_4b_instruct jid=3477436 state=PENDING
[2026-09-06T09:41:08+08:00] WAIT qwen3_1.7b jid=3477606_0 state=PENDING
[2026-09-06T09:41:08+08:00] WAIT qwen3_1.7b jid=3477606_1 state=PENDING
[2026-09-06T09:41:08+08:00] WAIT qwen3_1.7b jid=3477606_2 state=PENDING
[2026-09-06T09:41:08+08:00] WAIT qwen3_1.7b jid=3477606_3 state=PENDING
[2026-09-06T09:41:08+08:00] WAIT qwen3_1.7b jid=3477606_4 state=PENDING
[2026-09-06T09:41:08+08:00] WAIT qwen3_1.7b jid=3477606_5 state=PENDING
[2026-09-06T09:41:08+08:00] WAIT qwen3_1.7b jid=3477606_6 state=PENDING
[2026-09-06T09:41:08+08:00] WAIT olmo3_7b_think jid=3477607_0 state=PENDING
[2026-09-06T09:41:08+08:00] WAIT olmo3_7b_think jid=3477607_1 state=PENDING
[2026-09-06T09:41:08+08:00] WAIT olmo3_7b_think jid=3477607_2 state=PENDING
[2026-09-06T09:41:08+08:00] WAIT olmo3_7b_think jid=3477607_3 state=PENDING
[2026-09-06T09:41:08+08:00] WAIT olmo3_7b_think jid=3477607_4 state=PENDING
[2026-09-06T09:41:08+08:00] WAIT olmo3_7b_think jid=3477607_5 state=PENDING
[2026-09-06T09:41:08+08:00] WAIT olmo3_7b_think jid=3477607_6 state=PENDING
[2026-09-06T09:41:08+08:00] WAIT qwen3_1.7b jid=3477608_0 state=PENDING
[2026-09-06T09:41:08+08:00] WAIT qwen3_1.7b jid=3477608_1 state=PENDING
[2026-09-06T09:41:08+08:00] WAIT qwen3_1.7b jid=3477608_2 state=PENDING
[2026-09-06T09:41:08+08:00] WAIT qwen3_1.7b jid=3477608_3 state=PENDING
[2026-09-06T09:41:08+08:00] WAIT qwen3_1.7b jid=3477608_4 state=PENDING
[2026-09-06T09:41:08+08:00] WAIT qwen3_1.7b jid=3477608_5 state=PENDING
[2026-09-06T09:41:08+08:00] WAIT qwen3_1.7b jid=3477608_6 state=PENDING
[2026-09-06T09:41:08+08:00] WAIT olmo3_7b_think jid=3477609_0 state=PENDING
[2026-09-06T09:41:08+08:00] WAIT olmo3_7b_think jid=3477609_1 state=PENDING
[2026-09-06T09:41:08+08:00] WAIT olmo3_7b_think jid=3477609_2 state=PENDING
[2026-09-06T09:41:08+08:00] WAIT olmo3_7b_think jid=3477609_3 state=PENDING
[2026-09-06T09:41:08+08:00] WAIT olmo3_7b_think jid=3477609_4 state=PENDING
[2026-09-06T09:41:08+08:00] WAIT olmo3_7b_think jid=3477609_5 state=PENDING
[2026-09-06T09:41:08+08:00] WAIT olmo3_7b_think jid=3477609_6 state=PENDING
[2026-09-06T09:41:08+08:00] progress done=0/37 pending=37 failed=0
[2026-09-06T09:43:08+08:00] WAIT qwen3_1.7b jid=3477428 state=PENDING
[2026-09-06T09:43:08+08:00] WAIT qwen3_1.7b jid=3477429 state=PENDING
[2026-09-06T09:43:08+08:00] WAIT qwen3_1.7b jid=3477430 state=PENDING
[2026-09-06T09:43:08+08:00] WAIT olmo3_7b_think jid=3477431 state=PENDING
[2026-09-06T09:43:09+08:00] WAIT olmo3_7b_think jid=3477432 state=PENDING
[2026-09-06T09:43:09+08:00] WAIT olmo3_7b_think jid=3477433 state=PENDING
[2026-09-06T09:43:09+08:00] WAIT qwen3_4b_instruct jid=3477434 state=PENDING
[2026-09-06T09:43:09+08:00] WAIT qwen3_4b_instruct jid=3477435 state=PENDING
[2026-09-06T09:43:09+08:00] WAIT qwen3_4b_instruct jid=3477436 state=PENDING
[2026-09-06T09:43:09+08:00] WAIT qwen3_1.7b jid=3477606_0 state=PENDING
[2026-09-06T09:43:09+08:00] WAIT qwen3_1.7b jid=3477606_1 state=PENDING
[2026-09-06T09:43:09+08:00] WAIT qwen3_1.7b jid=3477606_2 state=PENDING
[2026-09-06T09:43:09+08:00] WAIT qwen3_1.7b jid=3477606_3 state=PENDING
[2026-09-06T09:43:09+08:00] WAIT qwen3_1.7b jid=3477606_4 state=PENDING
[2026-09-06T09:43:09+08:00] WAIT qwen3_1.7b jid=3477606_5 state=PENDING
[2026-09-06T09:43:09+08:00] WAIT qwen3_1.7b jid=3477606_6 state=PENDING
[2026-09-06T09:43:09+08:00] WAIT olmo3_7b_think jid=3477607_0 state=PENDING
[2026-09-06T09:43:09+08:00] WAIT olmo3_7b_think jid=3477607_1 state=PENDING
[2026-09-06T09:43:09+08:00] WAIT olmo3_7b_think jid=3477607_2 state=PENDING
[2026-09-06T09:43:09+08:00] WAIT olmo3_7b_think jid=3477607_3 state=PENDING
[2026-09-06T09:43:09+08:00] WAIT olmo3_7b_think jid=3477607_4 state=PENDING
[2026-09-06T09:43:09+08:00] WAIT olmo3_7b_think jid=3477607_5 state=PENDING
[2026-09-06T09:43:09+08:00] WAIT olmo3_7b_think jid=3477607_6 state=PENDING
[2026-09-06T09:43:09+08:00] WAIT qwen3_1.7b jid=3477608_0 state=PENDING
[2026-09-06T09:43:09+08:00] WAIT qwen3_1.7b jid=3477608_1 state=PENDING
[2026-09-06T09:43:09+08:00] WAIT qwen3_1.7b jid=3477608_2 state=PENDING
[2026-09-06T09:43:09+08:00] WAIT qwen3_1.7b jid=3477608_3 state=PENDING
[2026-09-06T09:43:09+08:00] WAIT qwen3_1.7b jid=3477608_4 state=PENDING
[2026-09-06T09:43:09+08:00] WAIT qwen3_1.7b jid=3477608_5 state=PENDING
[2026-09-06T09:43:09+08:00] WAIT qwen3_1.7b jid=3477608_6 state=PENDING
[2026-09-06T09:43:09+08:00] WAIT olmo3_7b_think jid=3477609_0 state=PENDING
[2026-09-06T09:43:09+08:00] WAIT olmo3_7b_think jid=3477609_1 state=PENDING
[2026-09-06T09:43:09+08:00] WAIT olmo3_7b_think jid=3477609_2 state=PENDING
[2026-09-06T09:43:09+08:00] WAIT olmo3_7b_think jid=3477609_3 state=PENDING
[2026-09-06T09:43:09+08:00] WAIT olmo3_7b_think jid=3477609_4 state=PENDING
[2026-09-06T09:43:09+08:00] WAIT olmo3_7b_think jid=3477609_5 state=PENDING
[2026-09-06T09:43:09+08:00] WAIT olmo3_7b_think jid=3477609_6 state=PENDING
[2026-09-06T09:43:09+08:00] progress done=0/37 pending=37 failed=0
[2026-09-06T09:45:09+08:00] WAIT qwen3_1.7b jid=3477428 state=PENDING
[2026-09-06T09:45:09+08:00] WAIT qwen3_1.7b jid=3477429 state=PENDING
[2026-09-06T09:45:09+08:00] WAIT qwen3_1.7b jid=3477430 state=PENDING
[2026-09-06T09:45:09+08:00] WAIT olmo3_7b_think jid=3477431 state=PENDING
[2026-09-06T09:45:09+08:00] WAIT olmo3_7b_think jid=3477432 state=PENDING
[2026-09-06T09:45:09+08:00] WAIT olmo3_7b_think jid=3477433 state=PENDING
[2026-09-06T09:45:09+08:00] WAIT qwen3_4b_instruct jid=3477434 state=PENDING
[2026-09-06T09:45:09+08:00] WAIT qwen3_4b_instruct jid=3477435 state=PENDING
[2026-09-06T09:45:09+08:00] WAIT qwen3_4b_instruct jid=3477436 state=PENDING
[2026-09-06T09:45:09+08:00] WAIT qwen3_1.7b jid=3477606_0 state=PENDING
[2026-09-06T09:45:09+08:00] WAIT qwen3_1.7b jid=3477606_1 state=PENDING
[2026-09-06T09:45:09+08:00] WAIT qwen3_1.7b jid=3477606_2 state=PENDING
[2026-09-06T09:45:09+08:00] WAIT qwen3_1.7b jid=3477606_3 state=PENDING
[2026-09-06T09:45:09+08:00] WAIT qwen3_1.7b jid=3477606_4 state=PENDING
[2026-09-06T09:45:09+08:00] WAIT qwen3_1.7b jid=3477606_5 state=PENDING
[2026-09-06T09:45:09+08:00] WAIT qwen3_1.7b jid=3477606_6 state=PENDING
[2026-09-06T09:45:09+08:00] WAIT olmo3_7b_think jid=3477607_0 state=PENDING
[2026-09-06T09:45:09+08:00] WAIT olmo3_7b_think jid=3477607_1 state=PENDING
[2026-09-06T09:45:09+08:00] WAIT olmo3_7b_think jid=3477607_2 state=PENDING
[2026-09-06T09:45:09+08:00] WAIT olmo3_7b_think jid=3477607_3 state=PENDING
[2026-09-06T09:45:09+08:00] WAIT olmo3_7b_think jid=3477607_4 state=PENDING
[2026-09-06T09:45:09+08:00] WAIT olmo3_7b_think jid=3477607_5 state=PENDING
[2026-09-06T09:45:09+08:00] WAIT olmo3_7b_think jid=3477607_6 state=PENDING
[2026-09-06T09:45:09+08:00] WAIT qwen3_1.7b jid=3477608_0 state=PENDING
[2026-09-06T09:45:09+08:00] WAIT qwen3_1.7b jid=3477608_1 state=PENDING
[2026-09-06T09:45:09+08:00] WAIT qwen3_1.7b jid=3477608_2 state=PENDING
[2026-09-06T09:45:09+08:00] WAIT qwen3_1.7b jid=3477608_3 state=PENDING
[2026-09-06T09:45:09+08:00] WAIT qwen3_1.7b jid=3477608_4 state=PENDING
[2026-09-06T09:45:09+08:00] WAIT qwen3_1.7b jid=3477608_5 state=PENDING
[2026-09-06T09:45:09+08:00] WAIT qwen3_1.7b jid=3477608_6 state=PENDING
[2026-09-06T09:45:09+08:00] WAIT olmo3_7b_think jid=3477609_0 state=PENDING
[2026-09-06T09:45:09+08:00] WAIT olmo3_7b_think jid=3477609_1 state=PENDING
[2026-09-06T09:45:09+08:00] WAIT olmo3_7b_think jid=3477609_2 state=PENDING
[2026-09-06T09:45:09+08:00] WAIT olmo3_7b_think jid=3477609_3 state=PENDING
[2026-09-06T09:45:09+08:00] WAIT olmo3_7b_think jid=3477609_4 state=PENDING
[2026-09-06T09:45:09+08:00] WAIT olmo3_7b_think jid=3477609_5 state=PENDING
[2026-09-06T09:45:09+08:00] WAIT olmo3_7b_think jid=3477609_6 state=PENDING
[2026-09-06T09:45:09+08:00] progress done=0/37 pending=37 failed=0
[2026-09-06T09:47:09+08:00] WAIT qwen3_1.7b jid=3477428 state=PENDING
[2026-09-06T09:47:09+08:00] WAIT qwen3_1.7b jid=3477429 state=PENDING
[2026-09-06T09:47:09+08:00] WAIT qwen3_1.7b jid=3477430 state=PENDING
[2026-09-06T09:47:09+08:00] WAIT olmo3_7b_think jid=3477431 state=PENDING
[2026-09-06T09:47:09+08:00] WAIT olmo3_7b_think jid=3477432 state=PENDING
[2026-09-06T09:47:09+08:00] WAIT olmo3_7b_think jid=3477433 state=PENDING
[2026-09-06T09:47:09+08:00] WAIT qwen3_4b_instruct jid=3477434 state=PENDING
[2026-09-06T09:47:09+08:00] WAIT qwen3_4b_instruct jid=3477435 state=PENDING
[2026-09-06T09:47:09+08:00] WAIT qwen3_4b_instruct jid=3477436 state=PENDING
[2026-09-06T09:47:09+08:00] WAIT qwen3_1.7b jid=3477606_0 state=PENDING
[2026-09-06T09:47:09+08:00] WAIT qwen3_1.7b jid=3477606_1 state=PENDING
[2026-09-06T09:47:09+08:00] WAIT qwen3_1.7b jid=3477606_2 state=PENDING
[2026-09-06T09:47:09+08:00] WAIT qwen3_1.7b jid=3477606_3 state=PENDING
[2026-09-06T09:47:09+08:00] WAIT qwen3_1.7b jid=3477606_4 state=PENDING
[2026-09-06T09:47:09+08:00] WAIT qwen3_1.7b jid=3477606_5 state=PENDING
[2026-09-06T09:47:09+08:00] WAIT qwen3_1.7b jid=3477606_6 state=PENDING
[2026-09-06T09:47:09+08:00] WAIT olmo3_7b_think jid=3477607_0 state=PENDING
[2026-09-06T09:47:09+08:00] WAIT olmo3_7b_think jid=3477607_1 state=PENDING
[2026-09-06T09:47:09+08:00] WAIT olmo3_7b_think jid=3477607_2 state=PENDING
[2026-09-06T09:47:09+08:00] WAIT olmo3_7b_think jid=3477607_3 state=PENDING
[2026-09-06T09:47:09+08:00] WAIT olmo3_7b_think jid=3477607_4 state=PENDING
[2026-09-06T09:47:09+08:00] WAIT olmo3_7b_think jid=3477607_5 state=PENDING
[2026-09-06T09:47:10+08:00] WAIT olmo3_7b_think jid=3477607_6 state=PENDING
[2026-09-06T09:47:10+08:00] WAIT qwen3_1.7b jid=3477608_0 state=PENDING
[2026-09-06T09:47:10+08:00] WAIT qwen3_1.7b jid=3477608_1 state=PENDING
[2026-09-06T09:47:10+08:00] WAIT qwen3_1.7b jid=3477608_2 state=PENDING
[2026-09-06T09:47:10+08:00] WAIT qwen3_1.7b jid=3477608_3 state=PENDING
[2026-09-06T09:47:10+08:00] WAIT qwen3_1.7b jid=3477608_4 state=PENDING
[2026-09-06T09:47:10+08:00] WAIT qwen3_1.7b jid=3477608_5 state=PENDING
[2026-09-06T09:47:10+08:00] WAIT qwen3_1.7b jid=3477608_6 state=PENDING
[2026-09-06T09:47:10+08:00] WAIT olmo3_7b_think jid=3477609_0 state=PENDING
[2026-09-06T09:47:10+08:00] WAIT olmo3_7b_think jid=3477609_1 state=PENDING
[2026-09-06T09:47:10+08:00] WAIT olmo3_7b_think jid=3477609_2 state=PENDING
[2026-09-06T09:47:10+08:00] WAIT olmo3_7b_think jid=3477609_3 state=PENDING
[2026-09-06T09:47:10+08:00] WAIT olmo3_7b_think jid=3477609_4 state=PENDING
[2026-09-06T09:47:10+08:00] WAIT olmo3_7b_think jid=3477609_5 state=PENDING
[2026-09-06T09:47:10+08:00] WAIT olmo3_7b_think jid=3477609_6 state=PENDING
[2026-09-06T09:47:10+08:00] progress done=0/37 pending=37 failed=0
[2026-09-06T09:49:10+08:00] WAIT qwen3_1.7b jid=3477428 state=PENDING
[2026-09-06T09:49:10+08:00] WAIT qwen3_1.7b jid=3477429 state=PENDING
[2026-09-06T09:49:10+08:00] WAIT qwen3_1.7b jid=3477430 state=PENDING
[2026-09-06T09:49:10+08:00] WAIT olmo3_7b_think jid=3477431 state=PENDING
[2026-09-06T09:49:10+08:00] WAIT olmo3_7b_think jid=3477432 state=PENDING
[2026-09-06T09:49:10+08:00] WAIT olmo3_7b_think jid=3477433 state=PENDING
[2026-09-06T09:49:10+08:00] WAIT qwen3_4b_instruct jid=3477434 state=PENDING
[2026-09-06T09:49:10+08:00] WAIT qwen3_4b_instruct jid=3477435 state=PENDING
[2026-09-06T09:49:10+08:00] WAIT qwen3_4b_instruct jid=3477436 state=PENDING
[2026-09-06T09:49:10+08:00] WAIT qwen3_1.7b jid=3477606_0 state=PENDING
[2026-09-06T09:49:10+08:00] WAIT qwen3_1.7b jid=3477606_1 state=PENDING
[2026-09-06T09:49:10+08:00] WAIT qwen3_1.7b jid=3477606_2 state=PENDING
[2026-09-06T09:49:10+08:00] WAIT qwen3_1.7b jid=3477606_3 state=PENDING
[2026-09-06T09:49:10+08:00] WAIT qwen3_1.7b jid=3477606_4 state=PENDING
[2026-09-06T09:49:10+08:00] WAIT qwen3_1.7b jid=3477606_5 state=PENDING
[2026-09-06T09:49:10+08:00] WAIT qwen3_1.7b jid=3477606_6 state=PENDING
[2026-09-06T09:49:10+08:00] WAIT olmo3_7b_think jid=3477607_0 state=PENDING
[2026-09-06T09:49:10+08:00] WAIT olmo3_7b_think jid=3477607_1 state=PENDING
[2026-09-06T09:49:10+08:00] WAIT olmo3_7b_think jid=3477607_2 state=PENDING
[2026-09-06T09:49:10+08:00] WAIT olmo3_7b_think jid=3477607_3 state=PENDING
[2026-09-06T09:49:10+08:00] WAIT olmo3_7b_think jid=3477607_4 state=PENDING
[2026-09-06T09:49:10+08:00] WAIT olmo3_7b_think jid=3477607_5 state=PENDING
[2026-09-06T09:49:10+08:00] WAIT olmo3_7b_think jid=3477607_6 state=PENDING
[2026-09-06T09:49:10+08:00] WAIT qwen3_1.7b jid=3477608_0 state=PENDING
[2026-09-06T09:49:10+08:00] WAIT qwen3_1.7b jid=3477608_1 state=PENDING
[2026-09-06T09:49:10+08:00] WAIT qwen3_1.7b jid=3477608_2 state=PENDING
[2026-09-06T09:49:10+08:00] WAIT qwen3_1.7b jid=3477608_3 state=PENDING
[2026-09-06T09:49:10+08:00] WAIT qwen3_1.7b jid=3477608_4 state=PENDING
[2026-09-06T09:49:10+08:00] WAIT qwen3_1.7b jid=3477608_5 state=PENDING
[2026-09-06T09:49:10+08:00] WAIT qwen3_1.7b jid=3477608_6 state=PENDING
[2026-09-06T09:49:10+08:00] WAIT olmo3_7b_think jid=3477609_0 state=PENDING
[2026-09-06T09:49:10+08:00] WAIT olmo3_7b_think jid=3477609_1 state=PENDING
[2026-09-06T09:49:10+08:00] WAIT olmo3_7b_think jid=3477609_2 state=PENDING
[2026-09-06T09:49:10+08:00] WAIT olmo3_7b_think jid=3477609_3 state=PENDING
[2026-09-06T09:49:10+08:00] WAIT olmo3_7b_think jid=3477609_4 state=PENDING
[2026-09-06T09:49:10+08:00] WAIT olmo3_7b_think jid=3477609_5 state=PENDING
[2026-09-06T09:49:10+08:00] WAIT olmo3_7b_think jid=3477609_6 state=PENDING
[2026-09-06T09:49:10+08:00] progress done=0/37 pending=37 failed=0
[2026-09-06T09:51:10+08:00] WAIT qwen3_1.7b jid=3477428 state=PENDING
[2026-09-06T09:51:10+08:00] WAIT qwen3_1.7b jid=3477429 state=PENDING
[2026-09-06T09:51:10+08:00] WAIT qwen3_1.7b jid=3477430 state=PENDING
[2026-09-06T09:51:10+08:00] WAIT olmo3_7b_think jid=3477431 state=PENDING
[2026-09-06T09:51:10+08:00] WAIT olmo3_7b_think jid=3477432 state=PENDING
[2026-09-06T09:51:10+08:00] WAIT olmo3_7b_think jid=3477433 state=PENDING
[2026-09-06T09:51:10+08:00] WAIT qwen3_4b_instruct jid=3477434 state=PENDING
[2026-09-06T09:51:10+08:00] WAIT qwen3_4b_instruct jid=3477435 state=PENDING
[2026-09-06T09:51:10+08:00] WAIT qwen3_4b_instruct jid=3477436 state=PENDING
[2026-09-06T09:51:10+08:00] WAIT qwen3_1.7b jid=3477606_0 state=PENDING
[2026-09-06T09:51:10+08:00] WAIT qwen3_1.7b jid=3477606_1 state=PENDING
[2026-09-06T09:51:10+08:00] WAIT qwen3_1.7b jid=3477606_2 state=PENDING
[2026-09-06T09:51:10+08:00] WAIT qwen3_1.7b jid=3477606_3 state=PENDING
[2026-09-06T09:51:10+08:00] WAIT qwen3_1.7b jid=3477606_4 state=PENDING
[2026-09-06T09:51:10+08:00] WAIT qwen3_1.7b jid=3477606_5 state=PENDING
[2026-09-06T09:51:10+08:00] WAIT qwen3_1.7b jid=3477606_6 state=PENDING
[2026-09-06T09:51:10+08:00] WAIT olmo3_7b_think jid=3477607_0 state=PENDING
[2026-09-06T09:51:10+08:00] WAIT olmo3_7b_think jid=3477607_1 state=PENDING
[2026-09-06T09:51:10+08:00] WAIT olmo3_7b_think jid=3477607_2 state=PENDING
[2026-09-06T09:51:10+08:00] WAIT olmo3_7b_think jid=3477607_3 state=PENDING
[2026-09-06T09:51:10+08:00] WAIT olmo3_7b_think jid=3477607_4 state=PENDING
[2026-09-06T09:51:10+08:00] WAIT olmo3_7b_think jid=3477607_5 state=PENDING
[2026-09-06T09:51:10+08:00] WAIT olmo3_7b_think jid=3477607_6 state=PENDING
[2026-09-06T09:51:10+08:00] WAIT qwen3_1.7b jid=3477608_0 state=PENDING
[2026-09-06T09:51:10+08:00] WAIT qwen3_1.7b jid=3477608_1 state=PENDING
[2026-09-06T09:51:10+08:00] WAIT qwen3_1.7b jid=3477608_2 state=PENDING
[2026-09-06T09:51:10+08:00] WAIT qwen3_1.7b jid=3477608_3 state=PENDING
[2026-09-06T09:51:10+08:00] WAIT qwen3_1.7b jid=3477608_4 state=PENDING
[2026-09-06T09:51:10+08:00] WAIT qwen3_1.7b jid=3477608_5 state=PENDING
[2026-09-06T09:51:10+08:00] WAIT qwen3_1.7b jid=3477608_6 state=PENDING
[2026-09-06T09:51:10+08:00] WAIT olmo3_7b_think jid=3477609_0 state=PENDING
[2026-09-06T09:51:10+08:00] WAIT olmo3_7b_think jid=3477609_1 state=PENDING
[2026-09-06T09:51:10+08:00] WAIT olmo3_7b_think jid=3477609_2 state=PENDING
[2026-09-06T09:51:10+08:00] WAIT olmo3_7b_think jid=3477609_3 state=PENDING
[2026-09-06T09:51:10+08:00] WAIT olmo3_7b_think jid=3477609_4 state=PENDING
[2026-09-06T09:51:10+08:00] WAIT olmo3_7b_think jid=3477609_5 state=PENDING
[2026-09-06T09:51:10+08:00] WAIT olmo3_7b_think jid=3477609_6 state=PENDING
[2026-09-06T09:51:10+08:00] progress done=0/37 pending=37 failed=0
[2026-09-06T09:53:10+08:00] WAIT qwen3_1.7b jid=3477428 state=PENDING
[2026-09-06T09:53:10+08:00] WAIT qwen3_1.7b jid=3477429 state=PENDING
[2026-09-06T09:53:10+08:00] WAIT qwen3_1.7b jid=3477430 state=PENDING
[2026-09-06T09:53:11+08:00] WAIT olmo3_7b_think jid=3477431 state=PENDING
[2026-09-06T09:53:11+08:00] WAIT olmo3_7b_think jid=3477432 state=PENDING
[2026-09-06T09:53:11+08:00] WAIT olmo3_7b_think jid=3477433 state=PENDING
[2026-09-06T09:53:11+08:00] WAIT qwen3_4b_instruct jid=3477434 state=PENDING
[2026-09-06T09:53:11+08:00] WAIT qwen3_4b_instruct jid=3477435 state=PENDING
[2026-09-06T09:53:11+08:00] WAIT qwen3_4b_instruct jid=3477436 state=PENDING
[2026-09-06T09:53:11+08:00] WAIT qwen3_1.7b jid=3477606_0 state=PENDING
[2026-09-06T09:53:11+08:00] WAIT qwen3_1.7b jid=3477606_1 state=PENDING
[2026-09-06T09:53:11+08:00] WAIT qwen3_1.7b jid=3477606_2 state=PENDING
[2026-09-06T09:53:11+08:00] WAIT qwen3_1.7b jid=3477606_3 state=PENDING
[2026-09-06T09:53:11+08:00] WAIT qwen3_1.7b jid=3477606_4 state=PENDING
[2026-09-06T09:53:11+08:00] WAIT qwen3_1.7b jid=3477606_5 state=PENDING
[2026-09-06T09:53:11+08:00] WAIT qwen3_1.7b jid=3477606_6 state=PENDING
[2026-09-06T09:53:11+08:00] WAIT olmo3_7b_think jid=3477607_0 state=PENDING
[2026-09-06T09:53:11+08:00] WAIT olmo3_7b_think jid=3477607_1 state=PENDING
[2026-09-06T09:53:11+08:00] WAIT olmo3_7b_think jid=3477607_2 state=PENDING
[2026-09-06T09:53:11+08:00] WAIT olmo3_7b_think jid=3477607_3 state=PENDING
[2026-09-06T09:53:11+08:00] WAIT olmo3_7b_think jid=3477607_4 state=PENDING
[2026-09-06T09:53:11+08:00] WAIT olmo3_7b_think jid=3477607_5 state=PENDING
[2026-09-06T09:53:11+08:00] WAIT olmo3_7b_think jid=3477607_6 state=PENDING
[2026-09-06T09:53:11+08:00] WAIT qwen3_1.7b jid=3477608_0 state=PENDING
[2026-09-06T09:53:11+08:00] WAIT qwen3_1.7b jid=3477608_1 state=PENDING
[2026-09-06T09:53:11+08:00] WAIT qwen3_1.7b jid=3477608_2 state=PENDING
[2026-09-06T09:53:11+08:00] WAIT qwen3_1.7b jid=3477608_3 state=PENDING
[2026-09-06T09:53:11+08:00] WAIT qwen3_1.7b jid=3477608_4 state=PENDING
[2026-09-06T09:53:11+08:00] WAIT qwen3_1.7b jid=3477608_5 state=PENDING
[2026-09-06T09:53:11+08:00] WAIT qwen3_1.7b jid=3477608_6 state=PENDING
[2026-09-06T09:53:11+08:00] WAIT olmo3_7b_think jid=3477609_0 state=PENDING
[2026-09-06T09:53:11+08:00] WAIT olmo3_7b_think jid=3477609_1 state=PENDING
[2026-09-06T09:53:11+08:00] WAIT olmo3_7b_think jid=3477609_2 state=PENDING
[2026-09-06T09:53:11+08:00] WAIT olmo3_7b_think jid=3477609_3 state=PENDING
[2026-09-06T09:53:11+08:00] WAIT olmo3_7b_think jid=3477609_4 state=PENDING
[2026-09-06T09:53:11+08:00] WAIT olmo3_7b_think jid=3477609_5 state=PENDING
[2026-09-06T09:53:11+08:00] WAIT olmo3_7b_think jid=3477609_6 state=PENDING
[2026-09-06T09:53:11+08:00] progress done=0/37 pending=37 failed=0
[2026-09-06T09:55:11+08:00] WAIT qwen3_1.7b jid=3477428 state=PENDING
[2026-09-06T09:55:11+08:00] WAIT qwen3_1.7b jid=3477429 state=PENDING
[2026-09-06T09:55:11+08:00] WAIT qwen3_1.7b jid=3477430 state=PENDING
[2026-09-06T09:55:11+08:00] WAIT olmo3_7b_think jid=3477431 state=PENDING
[2026-09-06T09:55:11+08:00] WAIT olmo3_7b_think jid=3477432 state=PENDING
[2026-09-06T09:55:11+08:00] WAIT olmo3_7b_think jid=3477433 state=PENDING
[2026-09-06T09:55:11+08:00] WAIT qwen3_4b_instruct jid=3477434 state=PENDING
[2026-09-06T09:55:11+08:00] WAIT qwen3_4b_instruct jid=3477435 state=PENDING
[2026-09-06T09:55:11+08:00] WAIT qwen3_4b_instruct jid=3477436 state=PENDING
[2026-09-06T09:55:11+08:00] WAIT qwen3_1.7b jid=3477606_0 state=PENDING
[2026-09-06T09:55:11+08:00] WAIT qwen3_1.7b jid=3477606_1 state=PENDING
[2026-09-06T09:55:11+08:00] WAIT qwen3_1.7b jid=3477606_2 state=PENDING
[2026-09-06T09:55:11+08:00] WAIT qwen3_1.7b jid=3477606_3 state=PENDING
[2026-09-06T09:55:11+08:00] WAIT qwen3_1.7b jid=3477606_4 state=PENDING
[2026-09-06T09:55:11+08:00] WAIT qwen3_1.7b jid=3477606_5 state=PENDING
[2026-09-06T09:55:11+08:00] WAIT qwen3_1.7b jid=3477606_6 state=PENDING
[2026-09-06T09:55:11+08:00] WAIT olmo3_7b_think jid=3477607_0 state=PENDING
[2026-09-06T09:55:11+08:00] WAIT olmo3_7b_think jid=3477607_1 state=PENDING
[2026-09-06T09:55:11+08:00] WAIT olmo3_7b_think jid=3477607_2 state=PENDING
[2026-09-06T09:55:11+08:00] WAIT olmo3_7b_think jid=3477607_3 state=PENDING
[2026-09-06T09:55:11+08:00] WAIT olmo3_7b_think jid=3477607_4 state=PENDING
[2026-09-06T09:55:11+08:00] WAIT olmo3_7b_think jid=3477607_5 state=PENDING
[2026-09-06T09:55:11+08:00] WAIT olmo3_7b_think jid=3477607_6 state=PENDING
[2026-09-06T09:55:11+08:00] WAIT qwen3_1.7b jid=3477608_0 state=PENDING
[2026-09-06T09:55:11+08:00] WAIT qwen3_1.7b jid=3477608_1 state=PENDING
[2026-09-06T09:55:11+08:00] WAIT qwen3_1.7b jid=3477608_2 state=PENDING
[2026-09-06T09:55:11+08:00] WAIT qwen3_1.7b jid=3477608_3 state=PENDING
[2026-09-06T09:55:11+08:00] WAIT qwen3_1.7b jid=3477608_4 state=PENDING
[2026-09-06T09:55:11+08:00] WAIT qwen3_1.7b jid=3477608_5 state=PENDING
[2026-09-06T09:55:11+08:00] WAIT qwen3_1.7b jid=3477608_6 state=PENDING
[2026-09-06T09:55:11+08:00] WAIT olmo3_7b_think jid=3477609_0 state=PENDING
[2026-09-06T09:55:11+08:00] WAIT olmo3_7b_think jid=3477609_1 state=PENDING
[2026-09-06T09:55:11+08:00] WAIT olmo3_7b_think jid=3477609_2 state=PENDING
[2026-09-06T09:55:11+08:00] WAIT olmo3_7b_think jid=3477609_3 state=PENDING
[2026-09-06T09:55:11+08:00] WAIT olmo3_7b_think jid=3477609_4 state=PENDING
[2026-09-06T09:55:11+08:00] WAIT olmo3_7b_think jid=3477609_5 state=PENDING
[2026-09-06T09:55:11+08:00] WAIT olmo3_7b_think jid=3477609_6 state=PENDING
[2026-09-06T09:55:11+08:00] progress done=0/37 pending=37 failed=0
[2026-09-06T09:57:11+08:00] WAIT qwen3_1.7b jid=3477428 state=PENDING
[2026-09-06T09:57:11+08:00] WAIT qwen3_1.7b jid=3477429 state=PENDING
[2026-09-06T09:57:11+08:00] WAIT qwen3_1.7b jid=3477430 state=PENDING
[2026-09-06T09:57:11+08:00] WAIT olmo3_7b_think jid=3477431 state=PENDING
[2026-09-06T09:57:11+08:00] WAIT olmo3_7b_think jid=3477432 state=PENDING
[2026-09-06T09:57:11+08:00] WAIT olmo3_7b_think jid=3477433 state=PENDING
[2026-09-06T09:57:11+08:00] WAIT qwen3_4b_instruct jid=3477434 state=PENDING
[2026-09-06T09:57:11+08:00] WAIT qwen3_4b_instruct jid=3477435 state=PENDING
[2026-09-06T09:57:11+08:00] WAIT qwen3_4b_instruct jid=3477436 state=PENDING
[2026-09-06T09:57:11+08:00] WAIT qwen3_1.7b jid=3477606_0 state=PENDING
[2026-09-06T09:57:11+08:00] WAIT qwen3_1.7b jid=3477606_1 state=PENDING
[2026-09-06T09:57:11+08:00] WAIT qwen3_1.7b jid=3477606_2 state=PENDING
[2026-09-06T09:57:11+08:00] WAIT qwen3_1.7b jid=3477606_3 state=PENDING
[2026-09-06T09:57:11+08:00] WAIT qwen3_1.7b jid=3477606_4 state=PENDING
[2026-09-06T09:57:11+08:00] WAIT qwen3_1.7b jid=3477606_5 state=PENDING
[2026-09-06T09:57:11+08:00] WAIT qwen3_1.7b jid=3477606_6 state=PENDING
[2026-09-06T09:57:11+08:00] WAIT olmo3_7b_think jid=3477607_0 state=PENDING
[2026-09-06T09:57:11+08:00] WAIT olmo3_7b_think jid=3477607_1 state=PENDING
[2026-09-06T09:57:11+08:00] WAIT olmo3_7b_think jid=3477607_2 state=PENDING
[2026-09-06T09:57:11+08:00] WAIT olmo3_7b_think jid=3477607_3 state=PENDING
[2026-09-06T09:57:12+08:00] WAIT olmo3_7b_think jid=3477607_4 state=PENDING
[2026-09-06T09:57:12+08:00] WAIT olmo3_7b_think jid=3477607_5 state=PENDING
[2026-09-06T09:57:12+08:00] WAIT olmo3_7b_think jid=3477607_6 state=PENDING
[2026-09-06T09:57:12+08:00] WAIT qwen3_1.7b jid=3477608_0 state=PENDING
[2026-09-06T09:57:12+08:00] WAIT qwen3_1.7b jid=3477608_1 state=PENDING
[2026-09-06T09:57:12+08:00] WAIT qwen3_1.7b jid=3477608_2 state=PENDING
[2026-09-06T09:57:12+08:00] WAIT qwen3_1.7b jid=3477608_3 state=PENDING
[2026-09-06T09:57:12+08:00] WAIT qwen3_1.7b jid=3477608_4 state=PENDING
[2026-09-06T09:57:12+08:00] WAIT qwen3_1.7b jid=3477608_5 state=PENDING
[2026-09-06T09:57:12+08:00] WAIT qwen3_1.7b jid=3477608_6 state=PENDING
[2026-09-06T09:57:12+08:00] WAIT olmo3_7b_think jid=3477609_0 state=PENDING
[2026-09-06T09:57:12+08:00] WAIT olmo3_7b_think jid=3477609_1 state=PENDING
[2026-09-06T09:57:12+08:00] WAIT olmo3_7b_think jid=3477609_2 state=PENDING
[2026-09-06T09:57:12+08:00] WAIT olmo3_7b_think jid=3477609_3 state=PENDING
[2026-09-06T09:57:12+08:00] WAIT olmo3_7b_think jid=3477609_4 state=PENDING
[2026-09-06T09:57:12+08:00] WAIT olmo3_7b_think jid=3477609_5 state=PENDING
[2026-09-06T09:57:12+08:00] WAIT olmo3_7b_think jid=3477609_6 state=PENDING
[2026-09-06T09:57:12+08:00] progress done=0/37 pending=37 failed=0
[2026-09-06T09:59:12+08:00] WAIT qwen3_1.7b jid=3477428 state=PENDING
[2026-09-06T09:59:12+08:00] WAIT qwen3_1.7b jid=3477429 state=PENDING
[2026-09-06T09:59:12+08:00] WAIT qwen3_1.7b jid=3477430 state=PENDING
[2026-09-06T09:59:12+08:00] WAIT olmo3_7b_think jid=3477431 state=PENDING
[2026-09-06T09:59:12+08:00] WAIT olmo3_7b_think jid=3477432 state=PENDING
[2026-09-06T09:59:12+08:00] WAIT olmo3_7b_think jid=3477433 state=PENDING
[2026-09-06T09:59:12+08:00] WAIT qwen3_4b_instruct jid=3477434 state=PENDING
[2026-09-06T09:59:12+08:00] WAIT qwen3_4b_instruct jid=3477435 state=PENDING
[2026-09-06T09:59:12+08:00] WAIT qwen3_4b_instruct jid=3477436 state=PENDING
[2026-09-06T09:59:12+08:00] WAIT qwen3_1.7b jid=3477606_0 state=PENDING
[2026-09-06T09:59:12+08:00] WAIT qwen3_1.7b jid=3477606_1 state=PENDING
[2026-09-06T09:59:12+08:00] WAIT qwen3_1.7b jid=3477606_2 state=PENDING
[2026-09-06T09:59:12+08:00] WAIT qwen3_1.7b jid=3477606_3 state=PENDING
[2026-09-06T09:59:12+08:00] WAIT qwen3_1.7b jid=3477606_4 state=PENDING
[2026-09-06T09:59:12+08:00] WAIT qwen3_1.7b jid=3477606_5 state=PENDING
[2026-09-06T09:59:12+08:00] WAIT qwen3_1.7b jid=3477606_6 state=PENDING
[2026-09-06T09:59:12+08:00] WAIT olmo3_7b_think jid=3477607_0 state=PENDING
[2026-09-06T09:59:12+08:00] WAIT olmo3_7b_think jid=3477607_1 state=PENDING
[2026-09-06T09:59:12+08:00] WAIT olmo3_7b_think jid=3477607_2 state=PENDING
[2026-09-06T09:59:12+08:00] WAIT olmo3_7b_think jid=3477607_3 state=PENDING
[2026-09-06T09:59:12+08:00] WAIT olmo3_7b_think jid=3477607_4 state=PENDING
[2026-09-06T09:59:12+08:00] WAIT olmo3_7b_think jid=3477607_5 state=PENDING
[2026-09-06T09:59:12+08:00] WAIT olmo3_7b_think jid=3477607_6 state=PENDING
[2026-09-06T09:59:12+08:00] WAIT qwen3_1.7b jid=3477608_0 state=PENDING
[2026-09-06T09:59:12+08:00] WAIT qwen3_1.7b jid=3477608_1 state=PENDING
[2026-09-06T09:59:12+08:00] WAIT qwen3_1.7b jid=3477608_2 state=PENDING
[2026-09-06T09:59:12+08:00] WAIT qwen3_1.7b jid=3477608_3 state=PENDING
[2026-09-06T09:59:12+08:00] WAIT qwen3_1.7b jid=3477608_4 state=PENDING
[2026-09-06T09:59:12+08:00] WAIT qwen3_1.7b jid=3477608_5 state=PENDING
[2026-09-06T09:59:12+08:00] WAIT qwen3_1.7b jid=3477608_6 state=PENDING
[2026-09-06T09:59:12+08:00] WAIT olmo3_7b_think jid=3477609_0 state=PENDING
[2026-09-06T09:59:12+08:00] WAIT olmo3_7b_think jid=3477609_1 state=PENDING
[2026-09-06T09:59:12+08:00] WAIT olmo3_7b_think jid=3477609_2 state=PENDING
[2026-09-06T09:59:12+08:00] WAIT olmo3_7b_think jid=3477609_3 state=PENDING
[2026-09-06T09:59:12+08:00] WAIT olmo3_7b_think jid=3477609_4 state=PENDING
[2026-09-06T09:59:12+08:00] WAIT olmo3_7b_think jid=3477609_5 state=PENDING
[2026-09-06T09:59:12+08:00] WAIT olmo3_7b_think jid=3477609_6 state=PENDING
[2026-09-06T09:59:12+08:00] progress done=0/37 pending=37 failed=0
[2026-09-06T10:01:12+08:00] WAIT qwen3_1.7b jid=3477428 state=PENDING
[2026-09-06T10:01:12+08:00] WAIT qwen3_1.7b jid=3477429 state=PENDING
[2026-09-06T10:01:12+08:00] WAIT qwen3_1.7b jid=3477430 state=PENDING
[2026-09-06T10:01:12+08:00] WAIT olmo3_7b_think jid=3477431 state=PENDING
[2026-09-06T10:01:12+08:00] WAIT olmo3_7b_think jid=3477432 state=PENDING
[2026-09-06T10:01:12+08:00] WAIT olmo3_7b_think jid=3477433 state=PENDING
[2026-09-06T10:01:12+08:00] WAIT qwen3_4b_instruct jid=3477434 state=PENDING
[2026-09-06T10:01:12+08:00] WAIT qwen3_4b_instruct jid=3477435 state=PENDING
[2026-09-06T10:01:12+08:00] WAIT qwen3_4b_instruct jid=3477436 state=PENDING
[2026-09-06T10:01:12+08:00] WAIT qwen3_1.7b jid=3477606_0 state=PENDING
[2026-09-06T10:01:12+08:00] WAIT qwen3_1.7b jid=3477606_1 state=PENDING
[2026-09-06T10:01:12+08:00] WAIT qwen3_1.7b jid=3477606_2 state=PENDING
[2026-09-06T10:01:12+08:00] WAIT qwen3_1.7b jid=3477606_3 state=PENDING
[2026-09-06T10:01:12+08:00] WAIT qwen3_1.7b jid=3477606_4 state=PENDING
[2026-09-06T10:01:12+08:00] WAIT qwen3_1.7b jid=3477606_5 state=PENDING
[2026-09-06T10:01:12+08:00] WAIT qwen3_1.7b jid=3477606_6 state=PENDING
[2026-09-06T10:01:12+08:00] WAIT olmo3_7b_think jid=3477607_0 state=PENDING
[2026-09-06T10:01:12+08:00] WAIT olmo3_7b_think jid=3477607_1 state=PENDING
[2026-09-06T10:01:12+08:00] WAIT olmo3_7b_think jid=3477607_2 state=PENDING
[2026-09-06T10:01:12+08:00] WAIT olmo3_7b_think jid=3477607_3 state=PENDING
[2026-09-06T10:01:12+08:00] WAIT olmo3_7b_think jid=3477607_4 state=PENDING
[2026-09-06T10:01:12+08:00] WAIT olmo3_7b_think jid=3477607_5 state=PENDING
[2026-09-06T10:01:12+08:00] WAIT olmo3_7b_think jid=3477607_6 state=PENDING
[2026-09-06T10:01:12+08:00] WAIT qwen3_1.7b jid=3477608_0 state=PENDING
[2026-09-06T10:01:12+08:00] WAIT qwen3_1.7b jid=3477608_1 state=PENDING
[2026-09-06T10:01:12+08:00] WAIT qwen3_1.7b jid=3477608_2 state=PENDING
[2026-09-06T10:01:12+08:00] WAIT qwen3_1.7b jid=3477608_3 state=PENDING
[2026-09-06T10:01:12+08:00] WAIT qwen3_1.7b jid=3477608_4 state=PENDING
[2026-09-06T10:01:12+08:00] WAIT qwen3_1.7b jid=3477608_5 state=PENDING
[2026-09-06T10:01:12+08:00] WAIT qwen3_1.7b jid=3477608_6 state=PENDING
[2026-09-06T10:01:12+08:00] WAIT olmo3_7b_think jid=3477609_0 state=PENDING
[2026-09-06T10:01:12+08:00] WAIT olmo3_7b_think jid=3477609_1 state=PENDING
[2026-09-06T10:01:12+08:00] WAIT olmo3_7b_think jid=3477609_2 state=PENDING
[2026-09-06T10:01:12+08:00] WAIT olmo3_7b_think jid=3477609_3 state=PENDING
[2026-09-06T10:01:12+08:00] WAIT olmo3_7b_think jid=3477609_4 state=PENDING
[2026-09-06T10:01:12+08:00] WAIT olmo3_7b_think jid=3477609_5 state=PENDING
[2026-09-06T10:01:12+08:00] WAIT olmo3_7b_think jid=3477609_6 state=PENDING
[2026-09-06T10:01:12+08:00] progress done=0/37 pending=37 failed=0
[2026-09-06T10:03:13+08:00] WAIT qwen3_1.7b jid=3477428 state=PENDING
[2026-09-06T10:03:13+08:00] WAIT qwen3_1.7b jid=3477429 state=PENDING
[2026-09-06T10:03:13+08:00] WAIT qwen3_1.7b jid=3477430 state=PENDING
[2026-09-06T10:03:13+08:00] WAIT olmo3_7b_think jid=3477431 state=PENDING
[2026-09-06T10:03:13+08:00] WAIT olmo3_7b_think jid=3477432 state=PENDING
[2026-09-06T10:03:13+08:00] WAIT olmo3_7b_think jid=3477433 state=PENDING
[2026-09-06T10:03:13+08:00] WAIT qwen3_4b_instruct jid=3477434 state=PENDING
[2026-09-06T10:03:13+08:00] WAIT qwen3_4b_instruct jid=3477435 state=PENDING
[2026-09-06T10:03:13+08:00] WAIT qwen3_4b_instruct jid=3477436 state=PENDING
[2026-09-06T10:03:13+08:00] WAIT qwen3_1.7b jid=3477606_0 state=PENDING
[2026-09-06T10:03:13+08:00] WAIT qwen3_1.7b jid=3477606_1 state=PENDING
[2026-09-06T10:03:13+08:00] WAIT qwen3_1.7b jid=3477606_2 state=PENDING
[2026-09-06T10:03:13+08:00] WAIT qwen3_1.7b jid=3477606_3 state=PENDING
[2026-09-06T10:03:13+08:00] WAIT qwen3_1.7b jid=3477606_4 state=PENDING
[2026-09-06T10:03:13+08:00] WAIT qwen3_1.7b jid=3477606_5 state=PENDING
[2026-09-06T10:03:13+08:00] WAIT qwen3_1.7b jid=3477606_6 state=PENDING
[2026-09-06T10:03:13+08:00] WAIT olmo3_7b_think jid=3477607_0 state=PENDING
[2026-09-06T10:03:13+08:00] WAIT olmo3_7b_think jid=3477607_1 state=PENDING
[2026-09-06T10:03:13+08:00] WAIT olmo3_7b_think jid=3477607_2 state=PENDING
[2026-09-06T10:03:13+08:00] WAIT olmo3_7b_think jid=3477607_3 state=PENDING
[2026-09-06T10:03:13+08:00] WAIT olmo3_7b_think jid=3477607_4 state=PENDING
[2026-09-06T10:03:13+08:00] WAIT olmo3_7b_think jid=3477607_5 state=PENDING
[2026-09-06T10:03:13+08:00] WAIT olmo3_7b_think jid=3477607_6 state=PENDING
[2026-09-06T10:03:13+08:00] WAIT qwen3_1.7b jid=3477608_0 state=PENDING
[2026-09-06T10:03:13+08:00] WAIT qwen3_1.7b jid=3477608_1 state=PENDING
[2026-09-06T10:03:13+08:00] WAIT qwen3_1.7b jid=3477608_2 state=PENDING
[2026-09-06T10:03:13+08:00] WAIT qwen3_1.7b jid=3477608_3 state=PENDING
[2026-09-06T10:03:13+08:00] WAIT qwen3_1.7b jid=3477608_4 state=PENDING
[2026-09-06T10:03:13+08:00] WAIT qwen3_1.7b jid=3477608_5 state=PENDING
[2026-09-06T10:03:13+08:00] WAIT qwen3_1.7b jid=3477608_6 state=PENDING
[2026-09-06T10:03:13+08:00] WAIT olmo3_7b_think jid=3477609_0 state=PENDING
[2026-09-06T10:03:13+08:00] WAIT olmo3_7b_think jid=3477609_1 state=PENDING
[2026-09-06T10:03:13+08:00] WAIT olmo3_7b_think jid=3477609_2 state=PENDING
[2026-09-06T10:03:13+08:00] WAIT olmo3_7b_think jid=3477609_3 state=PENDING
[2026-09-06T10:03:13+08:00] WAIT olmo3_7b_think jid=3477609_4 state=PENDING
[2026-09-06T10:03:13+08:00] WAIT olmo3_7b_think jid=3477609_5 state=PENDING
[2026-09-06T10:03:13+08:00] WAIT olmo3_7b_think jid=3477609_6 state=PENDING
[2026-09-06T10:03:13+08:00] progress done=0/37 pending=37 failed=0
[2026-09-06T10:05:13+08:00] WAIT qwen3_1.7b jid=3477428 state=PENDING
[2026-09-06T10:05:13+08:00] WAIT qwen3_1.7b jid=3477429 state=PENDING
[2026-09-06T10:05:13+08:00] WAIT qwen3_1.7b jid=3477430 state=PENDING
[2026-09-06T10:05:13+08:00] WAIT olmo3_7b_think jid=3477431 state=PENDING
[2026-09-06T10:05:13+08:00] WAIT olmo3_7b_think jid=3477432 state=PENDING
[2026-09-06T10:05:13+08:00] WAIT olmo3_7b_think jid=3477433 state=PENDING
[2026-09-06T10:05:13+08:00] WAIT qwen3_4b_instruct jid=3477434 state=PENDING
[2026-09-06T10:05:13+08:00] WAIT qwen3_4b_instruct jid=3477435 state=PENDING
[2026-09-06T10:05:13+08:00] WAIT qwen3_4b_instruct jid=3477436 state=PENDING
[2026-09-06T10:05:13+08:00] WAIT qwen3_1.7b jid=3477606_0 state=PENDING
[2026-09-06T10:05:13+08:00] WAIT qwen3_1.7b jid=3477606_1 state=PENDING
[2026-09-06T10:05:13+08:00] WAIT qwen3_1.7b jid=3477606_2 state=PENDING
[2026-09-06T10:05:13+08:00] WAIT qwen3_1.7b jid=3477606_3 state=PENDING
[2026-09-06T10:05:13+08:00] WAIT qwen3_1.7b jid=3477606_4 state=PENDING
[2026-09-06T10:05:13+08:00] WAIT qwen3_1.7b jid=3477606_5 state=PENDING
[2026-09-06T10:05:13+08:00] WAIT qwen3_1.7b jid=3477606_6 state=PENDING
[2026-09-06T10:05:13+08:00] WAIT olmo3_7b_think jid=3477607_0 state=PENDING
[2026-09-06T10:05:13+08:00] WAIT olmo3_7b_think jid=3477607_1 state=PENDING
[2026-09-06T10:05:13+08:00] WAIT olmo3_7b_think jid=3477607_2 state=PENDING
[2026-09-06T10:05:13+08:00] WAIT olmo3_7b_think jid=3477607_3 state=PENDING
[2026-09-06T10:05:13+08:00] WAIT olmo3_7b_think jid=3477607_4 state=PENDING
[2026-09-06T10:05:13+08:00] WAIT olmo3_7b_think jid=3477607_5 state=PENDING
[2026-09-06T10:05:13+08:00] WAIT olmo3_7b_think jid=3477607_6 state=PENDING
[2026-09-06T10:05:13+08:00] WAIT qwen3_1.7b jid=3477608_0 state=PENDING
[2026-09-06T10:05:13+08:00] WAIT qwen3_1.7b jid=3477608_1 state=PENDING
[2026-09-06T10:05:13+08:00] WAIT qwen3_1.7b jid=3477608_2 state=PENDING
[2026-09-06T10:05:13+08:00] WAIT qwen3_1.7b jid=3477608_3 state=PENDING
[2026-09-06T10:05:13+08:00] WAIT qwen3_1.7b jid=3477608_4 state=PENDING
[2026-09-06T10:05:13+08:00] WAIT qwen3_1.7b jid=3477608_5 state=PENDING
[2026-09-06T10:05:13+08:00] WAIT qwen3_1.7b jid=3477608_6 state=PENDING
[2026-09-06T10:05:13+08:00] WAIT olmo3_7b_think jid=3477609_0 state=PENDING
[2026-09-06T10:05:13+08:00] WAIT olmo3_7b_think jid=3477609_1 state=PENDING
[2026-09-06T10:05:13+08:00] WAIT olmo3_7b_think jid=3477609_2 state=PENDING
[2026-09-06T10:05:13+08:00] WAIT olmo3_7b_think jid=3477609_3 state=PENDING
[2026-09-06T10:05:13+08:00] WAIT olmo3_7b_think jid=3477609_4 state=PENDING
[2026-09-06T10:05:13+08:00] WAIT olmo3_7b_think jid=3477609_5 state=PENDING
[2026-09-06T10:05:13+08:00] WAIT olmo3_7b_think jid=3477609_6 state=PENDING
[2026-09-06T10:05:13+08:00] progress done=0/37 pending=37 failed=0
[2026-09-06T10:07:13+08:00] WAIT qwen3_1.7b jid=3477428 state=PENDING
[2026-09-06T10:07:13+08:00] WAIT qwen3_1.7b jid=3477429 state=PENDING
[2026-09-06T10:07:13+08:00] WAIT qwen3_1.7b jid=3477430 state=PENDING
[2026-09-06T10:07:13+08:00] WAIT olmo3_7b_think jid=3477431 state=PENDING
[2026-09-06T10:07:13+08:00] WAIT olmo3_7b_think jid=3477432 state=PENDING
[2026-09-06T10:07:13+08:00] WAIT olmo3_7b_think jid=3477433 state=PENDING
[2026-09-06T10:07:13+08:00] WAIT qwen3_4b_instruct jid=3477434 state=PENDING
[2026-09-06T10:07:13+08:00] WAIT qwen3_4b_instruct jid=3477435 state=PENDING
[2026-09-06T10:07:13+08:00] WAIT qwen3_4b_instruct jid=3477436 state=PENDING
[2026-09-06T10:07:13+08:00] WAIT qwen3_1.7b jid=3477606_0 state=PENDING
[2026-09-06T10:07:13+08:00] WAIT qwen3_1.7b jid=3477606_1 state=PENDING
[2026-09-06T10:07:13+08:00] WAIT qwen3_1.7b jid=3477606_2 state=PENDING
[2026-09-06T10:07:13+08:00] WAIT qwen3_1.7b jid=3477606_3 state=PENDING
[2026-09-06T10:07:13+08:00] WAIT qwen3_1.7b jid=3477606_4 state=PENDING
[2026-09-06T10:07:13+08:00] WAIT qwen3_1.7b jid=3477606_5 state=PENDING
[2026-09-06T10:07:13+08:00] WAIT qwen3_1.7b jid=3477606_6 state=PENDING
[2026-09-06T10:07:13+08:00] WAIT olmo3_7b_think jid=3477607_0 state=PENDING
[2026-09-06T10:07:13+08:00] WAIT olmo3_7b_think jid=3477607_1 state=PENDING
[2026-09-06T10:07:14+08:00] WAIT olmo3_7b_think jid=3477607_2 state=PENDING
[2026-09-06T10:07:14+08:00] WAIT olmo3_7b_think jid=3477607_3 state=PENDING
[2026-09-06T10:07:14+08:00] WAIT olmo3_7b_think jid=3477607_4 state=PENDING
[2026-09-06T10:07:14+08:00] WAIT olmo3_7b_think jid=3477607_5 state=PENDING
[2026-09-06T10:07:14+08:00] WAIT olmo3_7b_think jid=3477607_6 state=PENDING
[2026-09-06T10:07:14+08:00] WAIT qwen3_1.7b jid=3477608_0 state=PENDING
[2026-09-06T10:07:14+08:00] WAIT qwen3_1.7b jid=3477608_1 state=PENDING
[2026-09-06T10:07:14+08:00] WAIT qwen3_1.7b jid=3477608_2 state=PENDING
[2026-09-06T10:07:14+08:00] WAIT qwen3_1.7b jid=3477608_3 state=PENDING
[2026-09-06T10:07:14+08:00] WAIT qwen3_1.7b jid=3477608_4 state=PENDING
[2026-09-06T10:07:14+08:00] WAIT qwen3_1.7b jid=3477608_5 state=PENDING
[2026-09-06T10:07:14+08:00] WAIT qwen3_1.7b jid=3477608_6 state=PENDING
[2026-09-06T10:07:14+08:00] WAIT olmo3_7b_think jid=3477609_0 state=PENDING
[2026-09-06T10:07:14+08:00] WAIT olmo3_7b_think jid=3477609_1 state=PENDING
[2026-09-06T10:07:14+08:00] WAIT olmo3_7b_think jid=3477609_2 state=PENDING
[2026-09-06T10:07:14+08:00] WAIT olmo3_7b_think jid=3477609_3 state=PENDING
[2026-09-06T10:07:14+08:00] WAIT olmo3_7b_think jid=3477609_4 state=PENDING
[2026-09-06T10:07:14+08:00] WAIT olmo3_7b_think jid=3477609_5 state=PENDING
[2026-09-06T10:07:14+08:00] WAIT olmo3_7b_think jid=3477609_6 state=PENDING
[2026-09-06T10:07:14+08:00] progress done=0/37 pending=37 failed=0
[2026-09-06T10:09:14+08:00] WAIT qwen3_1.7b jid=3477428 state=PENDING
[2026-09-06T10:09:14+08:00] WAIT qwen3_1.7b jid=3477429 state=PENDING
[2026-09-06T10:09:14+08:00] WAIT qwen3_1.7b jid=3477430 state=PENDING
[2026-09-06T10:09:14+08:00] WAIT olmo3_7b_think jid=3477431 state=PENDING
[2026-09-06T10:09:14+08:00] WAIT olmo3_7b_think jid=3477432 state=PENDING
[2026-09-06T10:09:14+08:00] WAIT olmo3_7b_think jid=3477433 state=PENDING
[2026-09-06T10:09:14+08:00] WAIT qwen3_4b_instruct jid=3477434 state=PENDING
[2026-09-06T10:09:14+08:00] WAIT qwen3_4b_instruct jid=3477435 state=PENDING
[2026-09-06T10:09:14+08:00] WAIT qwen3_4b_instruct jid=3477436 state=PENDING
[2026-09-06T10:09:14+08:00] WAIT qwen3_1.7b jid=3477606_0 state=PENDING
[2026-09-06T10:09:14+08:00] WAIT qwen3_1.7b jid=3477606_1 state=PENDING
[2026-09-06T10:09:14+08:00] WAIT qwen3_1.7b jid=3477606_2 state=PENDING
[2026-09-06T10:09:14+08:00] WAIT qwen3_1.7b jid=3477606_3 state=PENDING
[2026-09-06T10:09:14+08:00] WAIT qwen3_1.7b jid=3477606_4 state=PENDING
[2026-09-06T10:09:14+08:00] WAIT qwen3_1.7b jid=3477606_5 state=PENDING
[2026-09-06T10:09:14+08:00] WAIT qwen3_1.7b jid=3477606_6 state=PENDING
[2026-09-06T10:09:14+08:00] WAIT olmo3_7b_think jid=3477607_0 state=PENDING
[2026-09-06T10:09:14+08:00] WAIT olmo3_7b_think jid=3477607_1 state=PENDING
[2026-09-06T10:09:14+08:00] WAIT olmo3_7b_think jid=3477607_2 state=PENDING
[2026-09-06T10:09:14+08:00] WAIT olmo3_7b_think jid=3477607_3 state=PENDING
[2026-09-06T10:09:14+08:00] WAIT olmo3_7b_think jid=3477607_4 state=PENDING
[2026-09-06T10:09:14+08:00] WAIT olmo3_7b_think jid=3477607_5 state=PENDING
[2026-09-06T10:09:14+08:00] WAIT olmo3_7b_think jid=3477607_6 state=PENDING
[2026-09-06T10:09:14+08:00] WAIT qwen3_1.7b jid=3477608_0 state=PENDING
[2026-09-06T10:09:14+08:00] WAIT qwen3_1.7b jid=3477608_1 state=PENDING
[2026-09-06T10:09:14+08:00] WAIT qwen3_1.7b jid=3477608_2 state=PENDING
[2026-09-06T10:09:14+08:00] WAIT qwen3_1.7b jid=3477608_3 state=PENDING
[2026-09-06T10:09:14+08:00] WAIT qwen3_1.7b jid=3477608_4 state=PENDING
[2026-09-06T10:09:14+08:00] WAIT qwen3_1.7b jid=3477608_5 state=PENDING
[2026-09-06T10:09:14+08:00] WAIT qwen3_1.7b jid=3477608_6 state=PENDING
[2026-09-06T10:09:14+08:00] WAIT olmo3_7b_think jid=3477609_0 state=PENDING
[2026-09-06T10:09:14+08:00] WAIT olmo3_7b_think jid=3477609_1 state=PENDING
[2026-09-06T10:09:14+08:00] WAIT olmo3_7b_think jid=3477609_2 state=PENDING
[2026-09-06T10:09:14+08:00] WAIT olmo3_7b_think jid=3477609_3 state=PENDING
[2026-09-06T10:09:14+08:00] WAIT olmo3_7b_think jid=3477609_4 state=PENDING
[2026-09-06T10:09:14+08:00] WAIT olmo3_7b_think jid=3477609_5 state=PENDING
[2026-09-06T10:09:14+08:00] WAIT olmo3_7b_think jid=3477609_6 state=PENDING
[2026-09-06T10:09:14+08:00] progress done=0/37 pending=37 failed=0
[2026-09-06T10:11:14+08:00] WAIT qwen3_1.7b jid=3477428 state=PENDING
[2026-09-06T10:11:14+08:00] WAIT qwen3_1.7b jid=3477429 state=PENDING
[2026-09-06T10:11:14+08:00] WAIT qwen3_1.7b jid=3477430 state=PENDING
[2026-09-06T10:11:14+08:00] WAIT olmo3_7b_think jid=3477431 state=PENDING
[2026-09-06T10:11:14+08:00] WAIT olmo3_7b_think jid=3477432 state=PENDING
[2026-09-06T10:11:14+08:00] WAIT olmo3_7b_think jid=3477433 state=PENDING
[2026-09-06T10:11:14+08:00] WAIT qwen3_4b_instruct jid=3477434 state=PENDING
[2026-09-06T10:11:14+08:00] WAIT qwen3_4b_instruct jid=3477435 state=PENDING
[2026-09-06T10:11:14+08:00] WAIT qwen3_4b_instruct jid=3477436 state=PENDING
[2026-09-06T10:11:14+08:00] WAIT qwen3_1.7b jid=3477606_0 state=PENDING
[2026-09-06T10:11:14+08:00] WAIT qwen3_1.7b jid=3477606_1 state=PENDING
[2026-09-06T10:11:14+08:00] WAIT qwen3_1.7b jid=3477606_2 state=PENDING
[2026-09-06T10:11:14+08:00] WAIT qwen3_1.7b jid=3477606_3 state=PENDING
[2026-09-06T10:11:14+08:00] WAIT qwen3_1.7b jid=3477606_4 state=PENDING
[2026-09-06T10:11:14+08:00] WAIT qwen3_1.7b jid=3477606_5 state=PENDING
[2026-09-06T10:11:14+08:00] WAIT qwen3_1.7b jid=3477606_6 state=PENDING
[2026-09-06T10:11:14+08:00] WAIT olmo3_7b_think jid=3477607_0 state=PENDING
[2026-09-06T10:11:14+08:00] WAIT olmo3_7b_think jid=3477607_1 state=PENDING
[2026-09-06T10:11:14+08:00] WAIT olmo3_7b_think jid=3477607_2 state=PENDING
[2026-09-06T10:11:14+08:00] WAIT olmo3_7b_think jid=3477607_3 state=PENDING
[2026-09-06T10:11:14+08:00] WAIT olmo3_7b_think jid=3477607_4 state=PENDING
[2026-09-06T10:11:14+08:00] WAIT olmo3_7b_think jid=3477607_5 state=PENDING
[2026-09-06T10:11:14+08:00] WAIT olmo3_7b_think jid=3477607_6 state=PENDING
[2026-09-06T10:11:14+08:00] WAIT qwen3_1.7b jid=3477608_0 state=PENDING
[2026-09-06T10:11:14+08:00] WAIT qwen3_1.7b jid=3477608_1 state=PENDING
[2026-09-06T10:11:14+08:00] WAIT qwen3_1.7b jid=3477608_2 state=PENDING
[2026-09-06T10:11:14+08:00] WAIT qwen3_1.7b jid=3477608_3 state=PENDING
[2026-09-06T10:11:14+08:00] WAIT qwen3_1.7b jid=3477608_4 state=PENDING
[2026-09-06T10:11:14+08:00] WAIT qwen3_1.7b jid=3477608_5 state=PENDING
[2026-09-06T10:11:14+08:00] WAIT qwen3_1.7b jid=3477608_6 state=PENDING
[2026-09-06T10:11:14+08:00] WAIT olmo3_7b_think jid=3477609_0 state=PENDING
[2026-09-06T10:11:14+08:00] WAIT olmo3_7b_think jid=3477609_1 state=PENDING
[2026-09-06T10:11:14+08:00] WAIT olmo3_7b_think jid=3477609_2 state=PENDING
[2026-09-06T10:11:14+08:00] WAIT olmo3_7b_think jid=3477609_3 state=PENDING
[2026-09-06T10:11:14+08:00] WAIT olmo3_7b_think jid=3477609_4 state=PENDING
[2026-09-06T10:11:14+08:00] WAIT olmo3_7b_think jid=3477609_5 state=PENDING
[2026-09-06T10:11:14+08:00] WAIT olmo3_7b_think jid=3477609_6 state=PENDING
[2026-09-06T10:11:14+08:00] progress done=0/37 pending=37 failed=0
[2026-09-06T10:13:15+08:00] WAIT qwen3_1.7b jid=3477428 state=PENDING
[2026-09-06T10:13:15+08:00] WAIT qwen3_1.7b jid=3477429 state=PENDING
[2026-09-06T10:13:15+08:00] WAIT qwen3_1.7b jid=3477430 state=PENDING
[2026-09-06T10:13:15+08:00] WAIT olmo3_7b_think jid=3477431 state=PENDING
[2026-09-06T10:13:15+08:00] WAIT olmo3_7b_think jid=3477432 state=PENDING
[2026-09-06T10:13:15+08:00] WAIT olmo3_7b_think jid=3477433 state=PENDING
[2026-09-06T10:13:15+08:00] WAIT qwen3_4b_instruct jid=3477434 state=PENDING
[2026-09-06T10:13:15+08:00] WAIT qwen3_4b_instruct jid=3477435 state=PENDING
[2026-09-06T10:13:15+08:00] WAIT qwen3_4b_instruct jid=3477436 state=PENDING
[2026-09-06T10:13:15+08:00] WAIT qwen3_1.7b jid=3477606_0 state=PENDING
[2026-09-06T10:13:15+08:00] WAIT qwen3_1.7b jid=3477606_1 state=PENDING
[2026-09-06T10:13:15+08:00] WAIT qwen3_1.7b jid=3477606_2 state=PENDING
[2026-09-06T10:13:15+08:00] WAIT qwen3_1.7b jid=3477606_3 state=PENDING
[2026-09-06T10:13:15+08:00] WAIT qwen3_1.7b jid=3477606_4 state=PENDING
[2026-09-06T10:13:15+08:00] WAIT qwen3_1.7b jid=3477606_5 state=PENDING
[2026-09-06T10:13:15+08:00] WAIT qwen3_1.7b jid=3477606_6 state=PENDING
[2026-09-06T10:13:15+08:00] WAIT olmo3_7b_think jid=3477607_0 state=PENDING
[2026-09-06T10:13:15+08:00] WAIT olmo3_7b_think jid=3477607_1 state=PENDING
[2026-09-06T10:13:15+08:00] WAIT olmo3_7b_think jid=3477607_2 state=PENDING
[2026-09-06T10:13:15+08:00] WAIT olmo3_7b_think jid=3477607_3 state=PENDING
[2026-09-06T10:13:15+08:00] WAIT olmo3_7b_think jid=3477607_4 state=PENDING
[2026-09-06T10:13:15+08:00] WAIT olmo3_7b_think jid=3477607_5 state=PENDING
[2026-09-06T10:13:15+08:00] WAIT olmo3_7b_think jid=3477607_6 state=PENDING
[2026-09-06T10:13:15+08:00] WAIT qwen3_1.7b jid=3477608_0 state=PENDING
[2026-09-06T10:13:15+08:00] WAIT qwen3_1.7b jid=3477608_1 state=PENDING
[2026-09-06T10:13:15+08:00] WAIT qwen3_1.7b jid=3477608_2 state=PENDING
[2026-09-06T10:13:15+08:00] WAIT qwen3_1.7b jid=3477608_3 state=PENDING
[2026-09-06T10:13:15+08:00] WAIT qwen3_1.7b jid=3477608_4 state=PENDING
[2026-09-06T10:13:15+08:00] WAIT qwen3_1.7b jid=3477608_5 state=PENDING
[2026-09-06T10:13:15+08:00] WAIT qwen3_1.7b jid=3477608_6 state=PENDING
[2026-09-06T10:13:15+08:00] WAIT olmo3_7b_think jid=3477609_0 state=PENDING
[2026-09-06T10:13:15+08:00] WAIT olmo3_7b_think jid=3477609_1 state=PENDING
[2026-09-06T10:13:15+08:00] WAIT olmo3_7b_think jid=3477609_2 state=PENDING
[2026-09-06T10:13:15+08:00] WAIT olmo3_7b_think jid=3477609_3 state=PENDING
[2026-09-06T10:13:15+08:00] WAIT olmo3_7b_think jid=3477609_4 state=PENDING
[2026-09-06T10:13:15+08:00] WAIT olmo3_7b_think jid=3477609_5 state=PENDING
[2026-09-06T10:13:15+08:00] WAIT olmo3_7b_think jid=3477609_6 state=PENDING
[2026-09-06T10:13:15+08:00] progress done=0/37 pending=37 failed=0
[2026-09-06T10:15:15+08:00] WAIT qwen3_1.7b jid=3477428 state=PENDING
[2026-09-06T10:15:15+08:00] WAIT qwen3_1.7b jid=3477429 state=PENDING
[2026-09-06T10:15:15+08:00] WAIT qwen3_1.7b jid=3477430 state=PENDING
[2026-09-06T10:15:15+08:00] WAIT olmo3_7b_think jid=3477431 state=PENDING
[2026-09-06T10:15:15+08:00] WAIT olmo3_7b_think jid=3477432 state=PENDING
[2026-09-06T10:15:15+08:00] WAIT olmo3_7b_think jid=3477433 state=PENDING
[2026-09-06T10:15:15+08:00] WAIT qwen3_4b_instruct jid=3477434 state=PENDING
[2026-09-06T10:15:15+08:00] WAIT qwen3_4b_instruct jid=3477435 state=PENDING
[2026-09-06T10:15:15+08:00] WAIT qwen3_4b_instruct jid=3477436 state=PENDING
[2026-09-06T10:15:15+08:00] WAIT qwen3_1.7b jid=3477606_0 state=PENDING
[2026-09-06T10:15:15+08:00] WAIT qwen3_1.7b jid=3477606_1 state=PENDING
[2026-09-06T10:15:15+08:00] WAIT qwen3_1.7b jid=3477606_2 state=PENDING
[2026-09-06T10:15:15+08:00] WAIT qwen3_1.7b jid=3477606_3 state=PENDING
[2026-09-06T10:15:15+08:00] WAIT qwen3_1.7b jid=3477606_4 state=PENDING
[2026-09-06T10:15:15+08:00] WAIT qwen3_1.7b jid=3477606_5 state=PENDING
[2026-09-06T10:15:15+08:00] WAIT qwen3_1.7b jid=3477606_6 state=PENDING
[2026-09-06T10:15:15+08:00] WAIT olmo3_7b_think jid=3477607_0 state=PENDING
[2026-09-06T10:15:15+08:00] WAIT olmo3_7b_think jid=3477607_1 state=PENDING
[2026-09-06T10:15:15+08:00] WAIT olmo3_7b_think jid=3477607_2 state=PENDING
[2026-09-06T10:15:15+08:00] WAIT olmo3_7b_think jid=3477607_3 state=PENDING
[2026-09-06T10:15:15+08:00] WAIT olmo3_7b_think jid=3477607_4 state=PENDING
[2026-09-06T10:15:15+08:00] WAIT olmo3_7b_think jid=3477607_5 state=PENDING
[2026-09-06T10:15:15+08:00] WAIT olmo3_7b_think jid=3477607_6 state=PENDING
[2026-09-06T10:15:15+08:00] WAIT qwen3_1.7b jid=3477608_0 state=PENDING
[2026-09-06T10:15:15+08:00] WAIT qwen3_1.7b jid=3477608_1 state=PENDING
[2026-09-06T10:15:15+08:00] WAIT qwen3_1.7b jid=3477608_2 state=PENDING
[2026-09-06T10:15:15+08:00] WAIT qwen3_1.7b jid=3477608_3 state=PENDING
[2026-09-06T10:15:15+08:00] WAIT qwen3_1.7b jid=3477608_4 state=PENDING
[2026-09-06T10:15:15+08:00] WAIT qwen3_1.7b jid=3477608_5 state=PENDING
[2026-09-06T10:15:15+08:00] WAIT qwen3_1.7b jid=3477608_6 state=PENDING
[2026-09-06T10:15:15+08:00] WAIT olmo3_7b_think jid=3477609_0 state=PENDING
[2026-09-06T10:15:15+08:00] WAIT olmo3_7b_think jid=3477609_1 state=PENDING
[2026-09-06T10:15:15+08:00] WAIT olmo3_7b_think jid=3477609_2 state=PENDING
[2026-09-06T10:15:15+08:00] WAIT olmo3_7b_think jid=3477609_3 state=PENDING
[2026-09-06T10:15:15+08:00] WAIT olmo3_7b_think jid=3477609_4 state=PENDING
[2026-09-06T10:15:15+08:00] WAIT olmo3_7b_think jid=3477609_5 state=PENDING
[2026-09-06T10:15:15+08:00] WAIT olmo3_7b_think jid=3477609_6 state=PENDING
[2026-09-06T10:15:15+08:00] progress done=0/37 pending=37 failed=0
[2026-09-06T10:17:15+08:00] WAIT qwen3_1.7b jid=3477428 state=PENDING
[2026-09-06T10:17:15+08:00] WAIT qwen3_1.7b jid=3477429 state=PENDING
[2026-09-06T10:17:15+08:00] WAIT qwen3_1.7b jid=3477430 state=PENDING
[2026-09-06T10:17:15+08:00] WAIT olmo3_7b_think jid=3477431 state=PENDING
[2026-09-06T10:17:15+08:00] WAIT olmo3_7b_think jid=3477432 state=PENDING
[2026-09-06T10:17:15+08:00] WAIT olmo3_7b_think jid=3477433 state=PENDING
[2026-09-06T10:17:15+08:00] WAIT qwen3_4b_instruct jid=3477434 state=PENDING
[2026-09-06T10:17:15+08:00] WAIT qwen3_4b_instruct jid=3477435 state=PENDING
[2026-09-06T10:17:15+08:00] WAIT qwen3_4b_instruct jid=3477436 state=PENDING
[2026-09-06T10:17:15+08:00] WAIT qwen3_1.7b jid=3477606_0 state=PENDING
[2026-09-06T10:17:15+08:00] WAIT qwen3_1.7b jid=3477606_1 state=PENDING
[2026-09-06T10:17:15+08:00] WAIT qwen3_1.7b jid=3477606_2 state=PENDING
[2026-09-06T10:17:15+08:00] WAIT qwen3_1.7b jid=3477606_3 state=PENDING
[2026-09-06T10:17:15+08:00] WAIT qwen3_1.7b jid=3477606_4 state=PENDING
[2026-09-06T10:17:15+08:00] WAIT qwen3_1.7b jid=3477606_5 state=PENDING
[2026-09-06T10:17:15+08:00] WAIT qwen3_1.7b jid=3477606_6 state=PENDING
[2026-09-06T10:17:15+08:00] WAIT olmo3_7b_think jid=3477607_0 state=PENDING
[2026-09-06T10:17:15+08:00] WAIT olmo3_7b_think jid=3477607_1 state=PENDING
[2026-09-06T10:17:15+08:00] WAIT olmo3_7b_think jid=3477607_2 state=PENDING
[2026-09-06T10:17:15+08:00] WAIT olmo3_7b_think jid=3477607_3 state=PENDING
[2026-09-06T10:17:15+08:00] WAIT olmo3_7b_think jid=3477607_4 state=PENDING
[2026-09-06T10:17:15+08:00] WAIT olmo3_7b_think jid=3477607_5 state=PENDING
[2026-09-06T10:17:16+08:00] WAIT olmo3_7b_think jid=3477607_6 state=PENDING
[2026-09-06T10:17:16+08:00] WAIT qwen3_1.7b jid=3477608_0 state=PENDING
[2026-09-06T10:17:16+08:00] WAIT qwen3_1.7b jid=3477608_1 state=PENDING
[2026-09-06T10:17:16+08:00] WAIT qwen3_1.7b jid=3477608_2 state=PENDING
[2026-09-06T10:17:16+08:00] WAIT qwen3_1.7b jid=3477608_3 state=PENDING
[2026-09-06T10:17:16+08:00] WAIT qwen3_1.7b jid=3477608_4 state=PENDING
[2026-09-06T10:17:16+08:00] WAIT qwen3_1.7b jid=3477608_5 state=PENDING
[2026-09-06T10:17:16+08:00] WAIT qwen3_1.7b jid=3477608_6 state=PENDING
[2026-09-06T10:17:16+08:00] WAIT olmo3_7b_think jid=3477609_0 state=PENDING
[2026-09-06T10:17:16+08:00] WAIT olmo3_7b_think jid=3477609_1 state=PENDING
[2026-09-06T10:17:16+08:00] WAIT olmo3_7b_think jid=3477609_2 state=PENDING
[2026-09-06T10:17:16+08:00] WAIT olmo3_7b_think jid=3477609_3 state=PENDING
[2026-09-06T10:17:16+08:00] WAIT olmo3_7b_think jid=3477609_4 state=PENDING
[2026-09-06T10:17:16+08:00] WAIT olmo3_7b_think jid=3477609_5 state=PENDING
[2026-09-06T10:17:16+08:00] WAIT olmo3_7b_think jid=3477609_6 state=PENDING
[2026-09-06T10:17:16+08:00] progress done=0/37 pending=37 failed=0
[2026-09-06T10:19:16+08:00] WAIT qwen3_1.7b jid=3477428 state=PENDING
[2026-09-06T10:19:16+08:00] WAIT qwen3_1.7b jid=3477429 state=PENDING
[2026-09-06T10:19:16+08:00] WAIT qwen3_1.7b jid=3477430 state=PENDING
[2026-09-06T10:19:16+08:00] WAIT olmo3_7b_think jid=3477431 state=PENDING
[2026-09-06T10:19:16+08:00] WAIT olmo3_7b_think jid=3477432 state=PENDING
[2026-09-06T10:19:16+08:00] WAIT olmo3_7b_think jid=3477433 state=PENDING
[2026-09-06T10:19:16+08:00] WAIT qwen3_4b_instruct jid=3477434 state=PENDING
[2026-09-06T10:19:16+08:00] WAIT qwen3_4b_instruct jid=3477435 state=PENDING
[2026-09-06T10:19:16+08:00] WAIT qwen3_4b_instruct jid=3477436 state=PENDING
[2026-09-06T10:19:16+08:00] WAIT qwen3_1.7b jid=3477606_0 state=PENDING
[2026-09-06T10:19:16+08:00] WAIT qwen3_1.7b jid=3477606_1 state=PENDING
[2026-09-06T10:19:16+08:00] WAIT qwen3_1.7b jid=3477606_2 state=PENDING
[2026-09-06T10:19:16+08:00] WAIT qwen3_1.7b jid=3477606_3 state=PENDING
[2026-09-06T10:19:16+08:00] WAIT qwen3_1.7b jid=3477606_4 state=PENDING
[2026-09-06T10:19:16+08:00] WAIT qwen3_1.7b jid=3477606_5 state=PENDING
[2026-09-06T10:19:16+08:00] WAIT qwen3_1.7b jid=3477606_6 state=PENDING
[2026-09-06T10:19:16+08:00] WAIT olmo3_7b_think jid=3477607_0 state=PENDING
[2026-09-06T10:19:16+08:00] WAIT olmo3_7b_think jid=3477607_1 state=PENDING
[2026-09-06T10:19:16+08:00] WAIT olmo3_7b_think jid=3477607_2 state=PENDING
[2026-09-06T10:19:16+08:00] WAIT olmo3_7b_think jid=3477607_3 state=PENDING
[2026-09-06T10:19:16+08:00] WAIT olmo3_7b_think jid=3477607_4 state=PENDING
[2026-09-06T10:19:16+08:00] WAIT olmo3_7b_think jid=3477607_5 state=PENDING
[2026-09-06T10:19:16+08:00] WAIT olmo3_7b_think jid=3477607_6 state=PENDING
[2026-09-06T10:19:16+08:00] WAIT qwen3_1.7b jid=3477608_0 state=PENDING
[2026-09-06T10:19:16+08:00] WAIT qwen3_1.7b jid=3477608_1 state=PENDING
[2026-09-06T10:19:16+08:00] WAIT qwen3_1.7b jid=3477608_2 state=PENDING
[2026-09-06T10:19:16+08:00] WAIT qwen3_1.7b jid=3477608_3 state=PENDING
[2026-09-06T10:19:16+08:00] WAIT qwen3_1.7b jid=3477608_4 state=PENDING
[2026-09-06T10:19:16+08:00] WAIT qwen3_1.7b jid=3477608_5 state=PENDING
[2026-09-06T10:19:16+08:00] WAIT qwen3_1.7b jid=3477608_6 state=PENDING
[2026-09-06T10:19:16+08:00] WAIT olmo3_7b_think jid=3477609_0 state=PENDING
[2026-09-06T10:19:16+08:00] WAIT olmo3_7b_think jid=3477609_1 state=PENDING
[2026-09-06T10:19:16+08:00] WAIT olmo3_7b_think jid=3477609_2 state=PENDING
[2026-09-06T10:19:16+08:00] WAIT olmo3_7b_think jid=3477609_3 state=PENDING
[2026-09-06T10:19:16+08:00] WAIT olmo3_7b_think jid=3477609_4 state=PENDING
[2026-09-06T10:19:16+08:00] WAIT olmo3_7b_think jid=3477609_5 state=PENDING
[2026-09-06T10:19:16+08:00] WAIT olmo3_7b_think jid=3477609_6 state=PENDING
[2026-09-06T10:19:16+08:00] progress done=0/37 pending=37 failed=0
[2026-09-06T10:21:16+08:00] WAIT qwen3_1.7b jid=3477428 state=PENDING
[2026-09-06T10:21:16+08:00] WAIT qwen3_1.7b jid=3477429 state=PENDING
[2026-09-06T10:21:16+08:00] WAIT qwen3_1.7b jid=3477430 state=PENDING
[2026-09-06T10:21:16+08:00] WAIT olmo3_7b_think jid=3477431 state=PENDING
[2026-09-06T10:21:16+08:00] WAIT olmo3_7b_think jid=3477432 state=PENDING
[2026-09-06T10:21:16+08:00] WAIT olmo3_7b_think jid=3477433 state=PENDING
[2026-09-06T10:21:16+08:00] WAIT qwen3_4b_instruct jid=3477434 state=PENDING
[2026-09-06T10:21:16+08:00] WAIT qwen3_4b_instruct jid=3477435 state=PENDING
[2026-09-06T10:21:16+08:00] WAIT qwen3_4b_instruct jid=3477436 state=PENDING
[2026-09-06T10:21:16+08:00] WAIT qwen3_1.7b jid=3477606_0 state=PENDING
[2026-09-06T10:21:16+08:00] WAIT qwen3_1.7b jid=3477606_1 state=PENDING
[2026-09-06T10:21:16+08:00] WAIT qwen3_1.7b jid=3477606_2 state=PENDING
[2026-09-06T10:21:16+08:00] WAIT qwen3_1.7b jid=3477606_3 state=PENDING
[2026-09-06T10:21:16+08:00] WAIT qwen3_1.7b jid=3477606_4 state=PENDING
[2026-09-06T10:21:16+08:00] WAIT qwen3_1.7b jid=3477606_5 state=PENDING
[2026-09-06T10:21:16+08:00] WAIT qwen3_1.7b jid=3477606_6 state=PENDING
[2026-09-06T10:21:16+08:00] WAIT olmo3_7b_think jid=3477607_0 state=PENDING
[2026-09-06T10:21:16+08:00] WAIT olmo3_7b_think jid=3477607_1 state=PENDING
[2026-09-06T10:21:16+08:00] WAIT olmo3_7b_think jid=3477607_2 state=PENDING
[2026-09-06T10:21:16+08:00] WAIT olmo3_7b_think jid=3477607_3 state=PENDING
[2026-09-06T10:21:16+08:00] WAIT olmo3_7b_think jid=3477607_4 state=PENDING
[2026-09-06T10:21:16+08:00] WAIT olmo3_7b_think jid=3477607_5 state=PENDING
[2026-09-06T10:21:16+08:00] WAIT olmo3_7b_think jid=3477607_6 state=PENDING
[2026-09-06T10:21:16+08:00] WAIT qwen3_1.7b jid=3477608_0 state=PENDING
[2026-09-06T10:21:16+08:00] WAIT qwen3_1.7b jid=3477608_1 state=PENDING
[2026-09-06T10:21:16+08:00] WAIT qwen3_1.7b jid=3477608_2 state=PENDING
[2026-09-06T10:21:16+08:00] WAIT qwen3_1.7b jid=3477608_3 state=PENDING
[2026-09-06T10:21:16+08:00] WAIT qwen3_1.7b jid=3477608_4 state=PENDING
[2026-09-06T10:21:16+08:00] WAIT qwen3_1.7b jid=3477608_5 state=PENDING
[2026-09-06T10:21:16+08:00] WAIT qwen3_1.7b jid=3477608_6 state=PENDING
[2026-09-06T10:21:16+08:00] WAIT olmo3_7b_think jid=3477609_0 state=PENDING
[2026-09-06T10:21:16+08:00] WAIT olmo3_7b_think jid=3477609_1 state=PENDING
[2026-09-06T10:21:16+08:00] WAIT olmo3_7b_think jid=3477609_2 state=PENDING
[2026-09-06T10:21:16+08:00] WAIT olmo3_7b_think jid=3477609_3 state=PENDING
[2026-09-06T10:21:16+08:00] WAIT olmo3_7b_think jid=3477609_4 state=PENDING
[2026-09-06T10:21:16+08:00] WAIT olmo3_7b_think jid=3477609_5 state=PENDING
[2026-09-06T10:21:16+08:00] WAIT olmo3_7b_think jid=3477609_6 state=PENDING
[2026-09-06T10:21:16+08:00] progress done=0/37 pending=37 failed=0
[2026-09-06T10:23:16+08:00] WAIT qwen3_1.7b jid=3477428 state=PENDING
[2026-09-06T10:23:16+08:00] WAIT qwen3_1.7b jid=3477429 state=PENDING
[2026-09-06T10:23:16+08:00] WAIT qwen3_1.7b jid=3477430 state=PENDING
[2026-09-06T10:23:16+08:00] WAIT olmo3_7b_think jid=3477431 state=PENDING
[2026-09-06T10:23:16+08:00] WAIT olmo3_7b_think jid=3477432 state=PENDING
[2026-09-06T10:23:16+08:00] WAIT olmo3_7b_think jid=3477433 state=PENDING
[2026-09-06T10:23:17+08:00] WAIT qwen3_4b_instruct jid=3477434 state=PENDING
[2026-09-06T10:23:17+08:00] WAIT qwen3_4b_instruct jid=3477435 state=PENDING
[2026-09-06T10:23:17+08:00] WAIT qwen3_4b_instruct jid=3477436 state=PENDING
[2026-09-06T10:23:17+08:00] WAIT qwen3_1.7b jid=3477606_0 state=PENDING
[2026-09-06T10:23:17+08:00] WAIT qwen3_1.7b jid=3477606_1 state=PENDING
[2026-09-06T10:23:17+08:00] WAIT qwen3_1.7b jid=3477606_2 state=PENDING
[2026-09-06T10:23:17+08:00] WAIT qwen3_1.7b jid=3477606_3 state=PENDING
[2026-09-06T10:23:17+08:00] WAIT qwen3_1.7b jid=3477606_4 state=PENDING
[2026-09-06T10:23:17+08:00] WAIT qwen3_1.7b jid=3477606_5 state=PENDING
[2026-09-06T10:23:17+08:00] WAIT qwen3_1.7b jid=3477606_6 state=PENDING
[2026-09-06T10:23:17+08:00] WAIT olmo3_7b_think jid=3477607_0 state=PENDING
[2026-09-06T10:23:17+08:00] WAIT olmo3_7b_think jid=3477607_1 state=PENDING
[2026-09-06T10:23:17+08:00] WAIT olmo3_7b_think jid=3477607_2 state=PENDING
[2026-09-06T10:23:17+08:00] WAIT olmo3_7b_think jid=3477607_3 state=PENDING
[2026-09-06T10:23:17+08:00] WAIT olmo3_7b_think jid=3477607_4 state=PENDING
[2026-09-06T10:23:17+08:00] WAIT olmo3_7b_think jid=3477607_5 state=PENDING
[2026-09-06T10:23:17+08:00] WAIT olmo3_7b_think jid=3477607_6 state=PENDING
[2026-09-06T10:23:17+08:00] WAIT qwen3_1.7b jid=3477608_0 state=PENDING
[2026-09-06T10:23:17+08:00] WAIT qwen3_1.7b jid=3477608_1 state=PENDING
[2026-09-06T10:23:17+08:00] WAIT qwen3_1.7b jid=3477608_2 state=PENDING
[2026-09-06T10:23:17+08:00] WAIT qwen3_1.7b jid=3477608_3 state=PENDING
[2026-09-06T10:23:17+08:00] WAIT qwen3_1.7b jid=3477608_4 state=PENDING
[2026-09-06T10:23:17+08:00] WAIT qwen3_1.7b jid=3477608_5 state=PENDING
[2026-09-06T10:23:17+08:00] WAIT qwen3_1.7b jid=3477608_6 state=PENDING
[2026-09-06T10:23:17+08:00] WAIT olmo3_7b_think jid=3477609_0 state=PENDING
[2026-09-06T10:23:17+08:00] WAIT olmo3_7b_think jid=3477609_1 state=PENDING
[2026-09-06T10:23:17+08:00] WAIT olmo3_7b_think jid=3477609_2 state=PENDING
[2026-09-06T10:23:17+08:00] WAIT olmo3_7b_think jid=3477609_3 state=PENDING
[2026-09-06T10:23:17+08:00] WAIT olmo3_7b_think jid=3477609_4 state=PENDING
[2026-09-06T10:23:17+08:00] WAIT olmo3_7b_think jid=3477609_5 state=PENDING
[2026-09-06T10:23:17+08:00] WAIT olmo3_7b_think jid=3477609_6 state=PENDING
[2026-09-06T10:23:17+08:00] progress done=0/37 pending=37 failed=0
[2026-09-06T10:25:17+08:00] WAIT qwen3_1.7b jid=3477428 state=PENDING
[2026-09-06T10:25:17+08:00] WAIT qwen3_1.7b jid=3477429 state=PENDING
[2026-09-06T10:25:17+08:00] WAIT qwen3_1.7b jid=3477430 state=PENDING
[2026-09-06T10:25:17+08:00] WAIT olmo3_7b_think jid=3477431 state=PENDING
[2026-09-06T10:25:17+08:00] WAIT olmo3_7b_think jid=3477432 state=PENDING
[2026-09-06T10:25:17+08:00] WAIT olmo3_7b_think jid=3477433 state=PENDING
[2026-09-06T10:25:17+08:00] WAIT qwen3_4b_instruct jid=3477434 state=PENDING
[2026-09-06T10:25:17+08:00] WAIT qwen3_4b_instruct jid=3477435 state=PENDING
[2026-09-06T10:25:17+08:00] WAIT qwen3_4b_instruct jid=3477436 state=PENDING
[2026-09-06T10:25:17+08:00] WAIT qwen3_1.7b jid=3477606_0 state=PENDING
[2026-09-06T10:25:17+08:00] WAIT qwen3_1.7b jid=3477606_1 state=PENDING
[2026-09-06T10:25:17+08:00] WAIT qwen3_1.7b jid=3477606_2 state=PENDING
[2026-09-06T10:25:17+08:00] WAIT qwen3_1.7b jid=3477606_3 state=PENDING
[2026-09-06T10:25:17+08:00] WAIT qwen3_1.7b jid=3477606_4 state=PENDING
[2026-09-06T10:25:17+08:00] WAIT qwen3_1.7b jid=3477606_5 state=PENDING
[2026-09-06T10:25:17+08:00] WAIT qwen3_1.7b jid=3477606_6 state=PENDING
[2026-09-06T10:25:17+08:00] WAIT olmo3_7b_think jid=3477607_0 state=PENDING
[2026-09-06T10:25:17+08:00] WAIT olmo3_7b_think jid=3477607_1 state=PENDING
[2026-09-06T10:25:17+08:00] WAIT olmo3_7b_think jid=3477607_2 state=PENDING
[2026-09-06T10:25:17+08:00] WAIT olmo3_7b_think jid=3477607_3 state=PENDING
[2026-09-06T10:25:17+08:00] WAIT olmo3_7b_think jid=3477607_4 state=PENDING
[2026-09-06T10:25:17+08:00] WAIT olmo3_7b_think jid=3477607_5 state=PENDING
[2026-09-06T10:25:17+08:00] WAIT olmo3_7b_think jid=3477607_6 state=PENDING
[2026-09-06T10:25:17+08:00] WAIT qwen3_1.7b jid=3477608_0 state=PENDING
[2026-09-06T10:25:17+08:00] WAIT qwen3_1.7b jid=3477608_1 state=PENDING
[2026-09-06T10:25:17+08:00] WAIT qwen3_1.7b jid=3477608_2 state=PENDING
[2026-09-06T10:25:17+08:00] WAIT qwen3_1.7b jid=3477608_3 state=PENDING
[2026-09-06T10:25:17+08:00] WAIT qwen3_1.7b jid=3477608_4 state=PENDING
[2026-09-06T10:25:17+08:00] WAIT qwen3_1.7b jid=3477608_5 state=PENDING
[2026-09-06T10:25:17+08:00] WAIT qwen3_1.7b jid=3477608_6 state=PENDING
[2026-09-06T10:25:17+08:00] WAIT olmo3_7b_think jid=3477609_0 state=PENDING
[2026-09-06T10:25:17+08:00] WAIT olmo3_7b_think jid=3477609_1 state=PENDING
[2026-09-06T10:25:17+08:00] WAIT olmo3_7b_think jid=3477609_2 state=PENDING
[2026-09-06T10:25:17+08:00] WAIT olmo3_7b_think jid=3477609_3 state=PENDING
[2026-09-06T10:25:17+08:00] WAIT olmo3_7b_think jid=3477609_4 state=PENDING
[2026-09-06T10:25:17+08:00] WAIT olmo3_7b_think jid=3477609_5 state=PENDING
[2026-09-06T10:25:17+08:00] WAIT olmo3_7b_think jid=3477609_6 state=PENDING
[2026-09-06T10:25:17+08:00] progress done=0/37 pending=37 failed=0
[2026-09-06T10:27:17+08:00] WAIT qwen3_1.7b jid=3477428 state=PENDING
[2026-09-06T10:27:17+08:00] WAIT qwen3_1.7b jid=3477429 state=PENDING
[2026-09-06T10:27:17+08:00] WAIT qwen3_1.7b jid=3477430 state=PENDING
[2026-09-06T10:27:17+08:00] WAIT olmo3_7b_think jid=3477431 state=PENDING
[2026-09-06T10:27:17+08:00] WAIT olmo3_7b_think jid=3477432 state=PENDING
[2026-09-06T10:27:17+08:00] WAIT olmo3_7b_think jid=3477433 state=PENDING
[2026-09-06T10:27:17+08:00] WAIT qwen3_4b_instruct jid=3477434 state=PENDING
[2026-09-06T10:27:17+08:00] WAIT qwen3_4b_instruct jid=3477435 state=PENDING
[2026-09-06T10:27:17+08:00] WAIT qwen3_4b_instruct jid=3477436 state=PENDING
[2026-09-06T10:27:17+08:00] WAIT qwen3_1.7b jid=3477606_0 state=PENDING
[2026-09-06T10:27:17+08:00] WAIT qwen3_1.7b jid=3477606_1 state=PENDING
[2026-09-06T10:27:17+08:00] WAIT qwen3_1.7b jid=3477606_2 state=PENDING
[2026-09-06T10:27:17+08:00] WAIT qwen3_1.7b jid=3477606_3 state=PENDING
[2026-09-06T10:27:17+08:00] WAIT qwen3_1.7b jid=3477606_4 state=PENDING
[2026-09-06T10:27:17+08:00] WAIT qwen3_1.7b jid=3477606_5 state=PENDING
[2026-09-06T10:27:17+08:00] WAIT qwen3_1.7b jid=3477606_6 state=PENDING
[2026-09-06T10:27:17+08:00] WAIT olmo3_7b_think jid=3477607_0 state=PENDING
[2026-09-06T10:27:17+08:00] WAIT olmo3_7b_think jid=3477607_1 state=PENDING
[2026-09-06T10:27:17+08:00] WAIT olmo3_7b_think jid=3477607_2 state=PENDING
[2026-09-06T10:27:17+08:00] WAIT olmo3_7b_think jid=3477607_3 state=PENDING
[2026-09-06T10:27:17+08:00] WAIT olmo3_7b_think jid=3477607_4 state=PENDING
[2026-09-06T10:27:17+08:00] WAIT olmo3_7b_think jid=3477607_5 state=PENDING
[2026-09-06T10:27:17+08:00] WAIT olmo3_7b_think jid=3477607_6 state=PENDING
[2026-09-06T10:27:17+08:00] WAIT qwen3_1.7b jid=3477608_0 state=PENDING
[2026-09-06T10:27:17+08:00] WAIT qwen3_1.7b jid=3477608_1 state=PENDING
[2026-09-06T10:27:17+08:00] WAIT qwen3_1.7b jid=3477608_2 state=PENDING
[2026-09-06T10:27:17+08:00] WAIT qwen3_1.7b jid=3477608_3 state=PENDING
[2026-09-06T10:27:17+08:00] WAIT qwen3_1.7b jid=3477608_4 state=PENDING
[2026-09-06T10:27:18+08:00] WAIT qwen3_1.7b jid=3477608_5 state=PENDING
[2026-09-06T10:27:18+08:00] WAIT qwen3_1.7b jid=3477608_6 state=PENDING
[2026-09-06T10:27:18+08:00] WAIT olmo3_7b_think jid=3477609_0 state=PENDING
[2026-09-06T10:27:18+08:00] WAIT olmo3_7b_think jid=3477609_1 state=PENDING
[2026-09-06T10:27:18+08:00] WAIT olmo3_7b_think jid=3477609_2 state=PENDING
[2026-09-06T10:27:18+08:00] WAIT olmo3_7b_think jid=3477609_3 state=PENDING
[2026-09-06T10:27:18+08:00] WAIT olmo3_7b_think jid=3477609_4 state=PENDING
[2026-09-06T10:27:18+08:00] WAIT olmo3_7b_think jid=3477609_5 state=PENDING
[2026-09-06T10:27:18+08:00] WAIT olmo3_7b_think jid=3477609_6 state=PENDING
[2026-09-06T10:27:18+08:00] progress done=0/37 pending=37 failed=0
[2026-09-06T10:29:18+08:00] WAIT qwen3_1.7b jid=3477428 state=PENDING
[2026-09-06T10:29:18+08:00] WAIT qwen3_1.7b jid=3477429 state=PENDING
[2026-09-06T10:29:18+08:00] WAIT qwen3_1.7b jid=3477430 state=PENDING
[2026-09-06T10:29:18+08:00] WAIT olmo3_7b_think jid=3477431 state=PENDING
[2026-09-06T10:29:18+08:00] WAIT olmo3_7b_think jid=3477432 state=PENDING
[2026-09-06T10:29:18+08:00] WAIT olmo3_7b_think jid=3477433 state=PENDING
[2026-09-06T10:29:18+08:00] WAIT qwen3_4b_instruct jid=3477434 state=PENDING
[2026-09-06T10:29:18+08:00] WAIT qwen3_4b_instruct jid=3477435 state=PENDING
[2026-09-06T10:29:18+08:00] WAIT qwen3_4b_instruct jid=3477436 state=PENDING
[2026-09-06T10:29:18+08:00] WAIT qwen3_1.7b jid=3477606_0 state=PENDING
[2026-09-06T10:29:18+08:00] WAIT qwen3_1.7b jid=3477606_1 state=PENDING
[2026-09-06T10:29:18+08:00] WAIT qwen3_1.7b jid=3477606_2 state=PENDING
[2026-09-06T10:29:18+08:00] WAIT qwen3_1.7b jid=3477606_3 state=PENDING
[2026-09-06T10:29:18+08:00] WAIT qwen3_1.7b jid=3477606_4 state=PENDING
[2026-09-06T10:29:18+08:00] WAIT qwen3_1.7b jid=3477606_5 state=PENDING
[2026-09-06T10:29:18+08:00] WAIT qwen3_1.7b jid=3477606_6 state=PENDING
[2026-09-06T10:29:18+08:00] WAIT olmo3_7b_think jid=3477607_0 state=PENDING
[2026-09-06T10:29:18+08:00] WAIT olmo3_7b_think jid=3477607_1 state=PENDING
[2026-09-06T10:29:18+08:00] WAIT olmo3_7b_think jid=3477607_2 state=PENDING
[2026-09-06T10:29:18+08:00] WAIT olmo3_7b_think jid=3477607_3 state=PENDING
[2026-09-06T10:29:18+08:00] WAIT olmo3_7b_think jid=3477607_4 state=PENDING
[2026-09-06T10:29:18+08:00] WAIT olmo3_7b_think jid=3477607_5 state=PENDING
[2026-09-06T10:29:18+08:00] WAIT olmo3_7b_think jid=3477607_6 state=PENDING
[2026-09-06T10:29:18+08:00] WAIT qwen3_1.7b jid=3477608_0 state=PENDING
[2026-09-06T10:29:18+08:00] WAIT qwen3_1.7b jid=3477608_1 state=PENDING
[2026-09-06T10:29:18+08:00] WAIT qwen3_1.7b jid=3477608_2 state=PENDING
[2026-09-06T10:29:18+08:00] WAIT qwen3_1.7b jid=3477608_3 state=PENDING
[2026-09-06T10:29:18+08:00] WAIT qwen3_1.7b jid=3477608_4 state=PENDING
[2026-09-06T10:29:18+08:00] WAIT qwen3_1.7b jid=3477608_5 state=PENDING
[2026-09-06T10:29:18+08:00] WAIT qwen3_1.7b jid=3477608_6 state=PENDING
[2026-09-06T10:29:18+08:00] WAIT olmo3_7b_think jid=3477609_0 state=PENDING
[2026-09-06T10:29:18+08:00] WAIT olmo3_7b_think jid=3477609_1 state=PENDING
[2026-09-06T10:29:18+08:00] WAIT olmo3_7b_think jid=3477609_2 state=PENDING
[2026-09-06T10:29:18+08:00] WAIT olmo3_7b_think jid=3477609_3 state=PENDING
[2026-09-06T10:29:18+08:00] WAIT olmo3_7b_think jid=3477609_4 state=PENDING
[2026-09-06T10:29:18+08:00] WAIT olmo3_7b_think jid=3477609_5 state=PENDING
[2026-09-06T10:29:18+08:00] WAIT olmo3_7b_think jid=3477609_6 state=PENDING
[2026-09-06T10:29:18+08:00] progress done=0/37 pending=37 failed=0
[2026-09-06T10:31:18+08:00] WAIT qwen3_1.7b jid=3477428 state=PENDING
[2026-09-06T10:31:18+08:00] WAIT qwen3_1.7b jid=3477429 state=PENDING
[2026-09-06T10:31:18+08:00] WAIT qwen3_1.7b jid=3477430 state=PENDING
[2026-09-06T10:31:18+08:00] WAIT olmo3_7b_think jid=3477431 state=PENDING
[2026-09-06T10:31:18+08:00] WAIT olmo3_7b_think jid=3477432 state=PENDING
[2026-09-06T10:31:18+08:00] WAIT olmo3_7b_think jid=3477433 state=PENDING
[2026-09-06T10:31:18+08:00] WAIT qwen3_4b_instruct jid=3477434 state=PENDING
[2026-09-06T10:31:18+08:00] WAIT qwen3_4b_instruct jid=3477435 state=PENDING
[2026-09-06T10:31:18+08:00] WAIT qwen3_4b_instruct jid=3477436 state=PENDING
[2026-09-06T10:31:18+08:00] WAIT qwen3_1.7b jid=3477606_0 state=PENDING
[2026-09-06T10:31:18+08:00] WAIT qwen3_1.7b jid=3477606_1 state=PENDING
[2026-09-06T10:31:18+08:00] WAIT qwen3_1.7b jid=3477606_2 state=PENDING
[2026-09-06T10:31:18+08:00] WAIT qwen3_1.7b jid=3477606_3 state=PENDING
[2026-09-06T10:31:18+08:00] WAIT qwen3_1.7b jid=3477606_4 state=PENDING
[2026-09-06T10:31:18+08:00] WAIT qwen3_1.7b jid=3477606_5 state=PENDING
[2026-09-06T10:31:18+08:00] WAIT qwen3_1.7b jid=3477606_6 state=PENDING
[2026-09-06T10:31:18+08:00] WAIT olmo3_7b_think jid=3477607_0 state=PENDING
[2026-09-06T10:31:18+08:00] WAIT olmo3_7b_think jid=3477607_1 state=PENDING
[2026-09-06T10:31:18+08:00] WAIT olmo3_7b_think jid=3477607_2 state=PENDING
[2026-09-06T10:31:18+08:00] WAIT olmo3_7b_think jid=3477607_3 state=PENDING
[2026-09-06T10:31:18+08:00] WAIT olmo3_7b_think jid=3477607_4 state=PENDING
[2026-09-06T10:31:18+08:00] WAIT olmo3_7b_think jid=3477607_5 state=PENDING
[2026-09-06T10:31:18+08:00] WAIT olmo3_7b_think jid=3477607_6 state=PENDING
[2026-09-06T10:31:18+08:00] WAIT qwen3_1.7b jid=3477608_0 state=PENDING
[2026-09-06T10:31:18+08:00] WAIT qwen3_1.7b jid=3477608_1 state=PENDING
[2026-09-06T10:31:18+08:00] WAIT qwen3_1.7b jid=3477608_2 state=PENDING
[2026-09-06T10:31:18+08:00] WAIT qwen3_1.7b jid=3477608_3 state=PENDING
[2026-09-06T10:31:18+08:00] WAIT qwen3_1.7b jid=3477608_4 state=PENDING
[2026-09-06T10:31:18+08:00] WAIT qwen3_1.7b jid=3477608_5 state=PENDING
[2026-09-06T10:31:18+08:00] WAIT qwen3_1.7b jid=3477608_6 state=PENDING
[2026-09-06T10:31:18+08:00] WAIT olmo3_7b_think jid=3477609_0 state=PENDING
[2026-09-06T10:31:18+08:00] WAIT olmo3_7b_think jid=3477609_1 state=PENDING
[2026-09-06T10:31:18+08:00] WAIT olmo3_7b_think jid=3477609_2 state=PENDING
[2026-09-06T10:31:18+08:00] WAIT olmo3_7b_think jid=3477609_3 state=PENDING
[2026-09-06T10:31:18+08:00] WAIT olmo3_7b_think jid=3477609_4 state=PENDING
[2026-09-06T10:31:18+08:00] WAIT olmo3_7b_think jid=3477609_5 state=PENDING
[2026-09-06T10:31:18+08:00] WAIT olmo3_7b_think jid=3477609_6 state=PENDING
[2026-09-06T10:31:18+08:00] progress done=0/37 pending=37 failed=0
[2026-09-06T10:33:18+08:00] WAIT qwen3_1.7b jid=3477428 state=PENDING
[2026-09-06T10:33:18+08:00] WAIT qwen3_1.7b jid=3477429 state=PENDING
[2026-09-06T10:33:18+08:00] WAIT qwen3_1.7b jid=3477430 state=PENDING
[2026-09-06T10:33:18+08:00] WAIT olmo3_7b_think jid=3477431 state=PENDING
[2026-09-06T10:33:18+08:00] WAIT olmo3_7b_think jid=3477432 state=PENDING
[2026-09-06T10:33:18+08:00] WAIT olmo3_7b_think jid=3477433 state=PENDING
[2026-09-06T10:33:18+08:00] WAIT qwen3_4b_instruct jid=3477434 state=PENDING
[2026-09-06T10:33:18+08:00] WAIT qwen3_4b_instruct jid=3477435 state=PENDING
[2026-09-06T10:33:18+08:00] WAIT qwen3_4b_instruct jid=3477436 state=PENDING
[2026-09-06T10:33:19+08:00] WAIT qwen3_1.7b jid=3477606_0 state=PENDING
[2026-09-06T10:33:19+08:00] WAIT qwen3_1.7b jid=3477606_1 state=PENDING
[2026-09-06T10:33:19+08:00] WAIT qwen3_1.7b jid=3477606_2 state=PENDING
[2026-09-06T10:33:19+08:00] WAIT qwen3_1.7b jid=3477606_3 state=PENDING
[2026-09-06T10:33:19+08:00] WAIT qwen3_1.7b jid=3477606_4 state=PENDING
[2026-09-06T10:33:19+08:00] WAIT qwen3_1.7b jid=3477606_5 state=PENDING
[2026-09-06T10:33:19+08:00] WAIT qwen3_1.7b jid=3477606_6 state=PENDING
[2026-09-06T10:33:19+08:00] WAIT olmo3_7b_think jid=3477607_0 state=PENDING
[2026-09-06T10:33:19+08:00] WAIT olmo3_7b_think jid=3477607_1 state=PENDING
[2026-09-06T10:33:19+08:00] WAIT olmo3_7b_think jid=3477607_2 state=PENDING
[2026-09-06T10:33:19+08:00] WAIT olmo3_7b_think jid=3477607_3 state=PENDING
[2026-09-06T10:33:19+08:00] WAIT olmo3_7b_think jid=3477607_4 state=PENDING
[2026-09-06T10:33:19+08:00] WAIT olmo3_7b_think jid=3477607_5 state=PENDING
[2026-09-06T10:33:19+08:00] WAIT olmo3_7b_think jid=3477607_6 state=PENDING
[2026-09-06T10:33:19+08:00] WAIT qwen3_1.7b jid=3477608_0 state=PENDING
[2026-09-06T10:33:19+08:00] WAIT qwen3_1.7b jid=3477608_1 state=PENDING
[2026-09-06T10:33:19+08:00] WAIT qwen3_1.7b jid=3477608_2 state=PENDING
[2026-09-06T10:33:19+08:00] WAIT qwen3_1.7b jid=3477608_3 state=PENDING
[2026-09-06T10:33:19+08:00] WAIT qwen3_1.7b jid=3477608_4 state=PENDING
[2026-09-06T10:33:19+08:00] WAIT qwen3_1.7b jid=3477608_5 state=PENDING
[2026-09-06T10:33:19+08:00] WAIT qwen3_1.7b jid=3477608_6 state=PENDING
[2026-09-06T10:33:19+08:00] WAIT olmo3_7b_think jid=3477609_0 state=PENDING
[2026-09-06T10:33:19+08:00] WAIT olmo3_7b_think jid=3477609_1 state=PENDING
[2026-09-06T10:33:19+08:00] WAIT olmo3_7b_think jid=3477609_2 state=PENDING
[2026-09-06T10:33:19+08:00] WAIT olmo3_7b_think jid=3477609_3 state=PENDING
[2026-09-06T10:33:19+08:00] WAIT olmo3_7b_think jid=3477609_4 state=PENDING
[2026-09-06T10:33:19+08:00] WAIT olmo3_7b_think jid=3477609_5 state=PENDING
[2026-09-06T10:33:19+08:00] WAIT olmo3_7b_think jid=3477609_6 state=PENDING
[2026-09-06T10:33:19+08:00] progress done=0/37 pending=37 failed=0
[2026-09-06T10:35:19+08:00] WAIT qwen3_1.7b jid=3477428 state=PENDING
[2026-09-06T10:35:19+08:00] WAIT qwen3_1.7b jid=3477429 state=PENDING
[2026-09-06T10:35:19+08:00] WAIT qwen3_1.7b jid=3477430 state=PENDING
[2026-09-06T10:35:19+08:00] WAIT olmo3_7b_think jid=3477431 state=PENDING
[2026-09-06T10:35:19+08:00] WAIT olmo3_7b_think jid=3477432 state=PENDING
[2026-09-06T10:35:19+08:00] WAIT olmo3_7b_think jid=3477433 state=PENDING
[2026-09-06T10:35:19+08:00] WAIT qwen3_4b_instruct jid=3477434 state=PENDING
[2026-09-06T10:35:19+08:00] WAIT qwen3_4b_instruct jid=3477435 state=PENDING
[2026-09-06T10:35:19+08:00] WAIT qwen3_4b_instruct jid=3477436 state=PENDING
[2026-09-06T10:35:19+08:00] WAIT qwen3_1.7b jid=3477606_0 state=PENDING
[2026-09-06T10:35:19+08:00] WAIT qwen3_1.7b jid=3477606_1 state=PENDING
[2026-09-06T10:35:19+08:00] WAIT qwen3_1.7b jid=3477606_2 state=PENDING
[2026-09-06T10:35:19+08:00] WAIT qwen3_1.7b jid=3477606_3 state=PENDING
[2026-09-06T10:35:19+08:00] WAIT qwen3_1.7b jid=3477606_4 state=PENDING
[2026-09-06T10:35:19+08:00] WAIT qwen3_1.7b jid=3477606_5 state=PENDING
[2026-09-06T10:35:19+08:00] WAIT qwen3_1.7b jid=3477606_6 state=PENDING
[2026-09-06T10:35:19+08:00] WAIT olmo3_7b_think jid=3477607_0 state=PENDING
[2026-09-06T10:35:19+08:00] WAIT olmo3_7b_think jid=3477607_1 state=PENDING
[2026-09-06T10:35:19+08:00] WAIT olmo3_7b_think jid=3477607_2 state=PENDING
[2026-09-06T10:35:19+08:00] WAIT olmo3_7b_think jid=3477607_3 state=PENDING
[2026-09-06T10:35:19+08:00] WAIT olmo3_7b_think jid=3477607_4 state=PENDING
[2026-09-06T10:35:19+08:00] WAIT olmo3_7b_think jid=3477607_5 state=PENDING
[2026-09-06T10:35:19+08:00] WAIT olmo3_7b_think jid=3477607_6 state=PENDING
[2026-09-06T10:35:19+08:00] WAIT qwen3_1.7b jid=3477608_0 state=PENDING
[2026-09-06T10:35:19+08:00] WAIT qwen3_1.7b jid=3477608_1 state=PENDING
[2026-09-06T10:35:19+08:00] WAIT qwen3_1.7b jid=3477608_2 state=PENDING
[2026-09-06T10:35:19+08:00] WAIT qwen3_1.7b jid=3477608_3 state=PENDING
[2026-09-06T10:35:19+08:00] WAIT qwen3_1.7b jid=3477608_4 state=PENDING
[2026-09-06T10:35:19+08:00] WAIT qwen3_1.7b jid=3477608_5 state=PENDING
[2026-09-06T10:35:19+08:00] WAIT qwen3_1.7b jid=3477608_6 state=PENDING
[2026-09-06T10:35:19+08:00] WAIT olmo3_7b_think jid=3477609_0 state=PENDING
[2026-09-06T10:35:19+08:00] WAIT olmo3_7b_think jid=3477609_1 state=PENDING
[2026-09-06T10:35:19+08:00] WAIT olmo3_7b_think jid=3477609_2 state=PENDING
[2026-09-06T10:35:19+08:00] WAIT olmo3_7b_think jid=3477609_3 state=PENDING
[2026-09-06T10:35:19+08:00] WAIT olmo3_7b_think jid=3477609_4 state=PENDING
[2026-09-06T10:35:19+08:00] WAIT olmo3_7b_think jid=3477609_5 state=PENDING
[2026-09-06T10:35:19+08:00] WAIT olmo3_7b_think jid=3477609_6 state=PENDING
[2026-09-06T10:35:19+08:00] progress done=0/37 pending=37 failed=0
[2026-09-06T10:37:19+08:00] WAIT qwen3_1.7b jid=3477428 state=PENDING
[2026-09-06T10:37:19+08:00] WAIT qwen3_1.7b jid=3477429 state=PENDING
[2026-09-06T10:37:19+08:00] WAIT qwen3_1.7b jid=3477430 state=PENDING
[2026-09-06T10:37:19+08:00] WAIT olmo3_7b_think jid=3477431 state=PENDING
[2026-09-06T10:37:19+08:00] WAIT olmo3_7b_think jid=3477432 state=PENDING
[2026-09-06T10:37:19+08:00] WAIT olmo3_7b_think jid=3477433 state=PENDING
[2026-09-06T10:37:19+08:00] WAIT qwen3_4b_instruct jid=3477434 state=PENDING
[2026-09-06T10:37:19+08:00] WAIT qwen3_4b_instruct jid=3477435 state=PENDING
[2026-09-06T10:37:19+08:00] WAIT qwen3_4b_instruct jid=3477436 state=PENDING
[2026-09-06T10:37:19+08:00] WAIT qwen3_1.7b jid=3477606_0 state=PENDING
[2026-09-06T10:37:19+08:00] WAIT qwen3_1.7b jid=3477606_1 state=PENDING
[2026-09-06T10:37:19+08:00] WAIT qwen3_1.7b jid=3477606_2 state=PENDING
[2026-09-06T10:37:19+08:00] WAIT qwen3_1.7b jid=3477606_3 state=PENDING
[2026-09-06T10:37:19+08:00] WAIT qwen3_1.7b jid=3477606_4 state=PENDING
[2026-09-06T10:37:19+08:00] WAIT qwen3_1.7b jid=3477606_5 state=PENDING
[2026-09-06T10:37:19+08:00] WAIT qwen3_1.7b jid=3477606_6 state=PENDING
[2026-09-06T10:37:19+08:00] WAIT olmo3_7b_think jid=3477607_0 state=PENDING
[2026-09-06T10:37:19+08:00] WAIT olmo3_7b_think jid=3477607_1 state=PENDING
[2026-09-06T10:37:19+08:00] WAIT olmo3_7b_think jid=3477607_2 state=PENDING
[2026-09-06T10:37:19+08:00] WAIT olmo3_7b_think jid=3477607_3 state=PENDING
[2026-09-06T10:37:19+08:00] WAIT olmo3_7b_think jid=3477607_4 state=PENDING
[2026-09-06T10:37:19+08:00] WAIT olmo3_7b_think jid=3477607_5 state=PENDING
[2026-09-06T10:37:19+08:00] WAIT olmo3_7b_think jid=3477607_6 state=PENDING
[2026-09-06T10:37:19+08:00] WAIT qwen3_1.7b jid=3477608_0 state=PENDING
[2026-09-06T10:37:19+08:00] WAIT qwen3_1.7b jid=3477608_1 state=PENDING
[2026-09-06T10:37:19+08:00] WAIT qwen3_1.7b jid=3477608_2 state=PENDING
[2026-09-06T10:37:19+08:00] WAIT qwen3_1.7b jid=3477608_3 state=PENDING
[2026-09-06T10:37:19+08:00] WAIT qwen3_1.7b jid=3477608_4 state=PENDING
[2026-09-06T10:37:19+08:00] WAIT qwen3_1.7b jid=3477608_5 state=PENDING
[2026-09-06T10:37:20+08:00] WAIT qwen3_1.7b jid=3477608_6 state=PENDING
[2026-09-06T10:37:20+08:00] WAIT olmo3_7b_think jid=3477609_0 state=PENDING
[2026-09-06T10:37:20+08:00] WAIT olmo3_7b_think jid=3477609_1 state=PENDING
[2026-09-06T10:37:20+08:00] WAIT olmo3_7b_think jid=3477609_2 state=PENDING
[2026-09-06T10:37:20+08:00] WAIT olmo3_7b_think jid=3477609_3 state=PENDING
[2026-09-06T10:37:20+08:00] WAIT olmo3_7b_think jid=3477609_4 state=PENDING
[2026-09-06T10:37:20+08:00] WAIT olmo3_7b_think jid=3477609_5 state=PENDING
[2026-09-06T10:37:20+08:00] WAIT olmo3_7b_think jid=3477609_6 state=PENDING
[2026-09-06T10:37:20+08:00] progress done=0/37 pending=37 failed=0
[2026-09-06T10:39:20+08:00] WAIT qwen3_1.7b jid=3477428 state=PENDING
[2026-09-06T10:39:20+08:00] WAIT qwen3_1.7b jid=3477429 state=PENDING
[2026-09-06T10:39:20+08:00] WAIT qwen3_1.7b jid=3477430 state=PENDING
[2026-09-06T10:39:20+08:00] WAIT olmo3_7b_think jid=3477431 state=PENDING
[2026-09-06T10:39:20+08:00] WAIT olmo3_7b_think jid=3477432 state=PENDING
[2026-09-06T10:39:20+08:00] WAIT olmo3_7b_think jid=3477433 state=PENDING
[2026-09-06T10:39:20+08:00] WAIT qwen3_4b_instruct jid=3477434 state=PENDING
[2026-09-06T10:39:20+08:00] WAIT qwen3_4b_instruct jid=3477435 state=PENDING
[2026-09-06T10:39:20+08:00] WAIT qwen3_4b_instruct jid=3477436 state=PENDING
[2026-09-06T10:39:20+08:00] WAIT qwen3_1.7b jid=3477606_0 state=PENDING
[2026-09-06T10:39:20+08:00] WAIT qwen3_1.7b jid=3477606_1 state=PENDING
[2026-09-06T10:39:20+08:00] WAIT qwen3_1.7b jid=3477606_2 state=PENDING
[2026-09-06T10:39:20+08:00] WAIT qwen3_1.7b jid=3477606_3 state=PENDING
[2026-09-06T10:39:20+08:00] WAIT qwen3_1.7b jid=3477606_4 state=PENDING
[2026-09-06T10:39:20+08:00] WAIT qwen3_1.7b jid=3477606_5 state=PENDING
[2026-09-06T10:39:20+08:00] WAIT qwen3_1.7b jid=3477606_6 state=PENDING
[2026-09-06T10:39:20+08:00] WAIT olmo3_7b_think jid=3477607_0 state=PENDING
[2026-09-06T10:39:20+08:00] WAIT olmo3_7b_think jid=3477607_1 state=PENDING
[2026-09-06T10:39:20+08:00] WAIT olmo3_7b_think jid=3477607_2 state=PENDING
[2026-09-06T10:39:20+08:00] WAIT olmo3_7b_think jid=3477607_3 state=PENDING
[2026-09-06T10:39:20+08:00] WAIT olmo3_7b_think jid=3477607_4 state=PENDING
[2026-09-06T10:39:20+08:00] WAIT olmo3_7b_think jid=3477607_5 state=PENDING
[2026-09-06T10:39:20+08:00] WAIT olmo3_7b_think jid=3477607_6 state=PENDING
[2026-09-06T10:39:20+08:00] WAIT qwen3_1.7b jid=3477608_0 state=PENDING
[2026-09-06T10:39:20+08:00] WAIT qwen3_1.7b jid=3477608_1 state=PENDING
[2026-09-06T10:39:20+08:00] WAIT qwen3_1.7b jid=3477608_2 state=PENDING
[2026-09-06T10:39:20+08:00] WAIT qwen3_1.7b jid=3477608_3 state=PENDING
[2026-09-06T10:39:20+08:00] WAIT qwen3_1.7b jid=3477608_4 state=PENDING
[2026-09-06T10:39:20+08:00] WAIT qwen3_1.7b jid=3477608_5 state=PENDING
[2026-09-06T10:39:20+08:00] WAIT qwen3_1.7b jid=3477608_6 state=PENDING
[2026-09-06T10:39:20+08:00] WAIT olmo3_7b_think jid=3477609_0 state=PENDING
[2026-09-06T10:39:20+08:00] WAIT olmo3_7b_think jid=3477609_1 state=PENDING
[2026-09-06T10:39:20+08:00] WAIT olmo3_7b_think jid=3477609_2 state=PENDING
[2026-09-06T10:39:20+08:00] WAIT olmo3_7b_think jid=3477609_3 state=PENDING
[2026-09-06T10:39:20+08:00] WAIT olmo3_7b_think jid=3477609_4 state=PENDING
[2026-09-06T10:39:20+08:00] WAIT olmo3_7b_think jid=3477609_5 state=PENDING
[2026-09-06T10:39:20+08:00] WAIT olmo3_7b_think jid=3477609_6 state=PENDING
[2026-09-06T10:39:20+08:00] progress done=0/37 pending=37 failed=0
[2026-09-06T10:41:20+08:00] WAIT qwen3_1.7b jid=3477428 state=PENDING
[2026-09-06T10:41:20+08:00] WAIT qwen3_1.7b jid=3477429 state=PENDING
[2026-09-06T10:41:20+08:00] WAIT qwen3_1.7b jid=3477430 state=PENDING
[2026-09-06T10:41:20+08:00] WAIT olmo3_7b_think jid=3477431 state=PENDING
[2026-09-06T10:41:20+08:00] WAIT olmo3_7b_think jid=3477432 state=PENDING
[2026-09-06T10:41:20+08:00] WAIT olmo3_7b_think jid=3477433 state=PENDING
[2026-09-06T10:41:20+08:00] WAIT qwen3_4b_instruct jid=3477434 state=PENDING
[2026-09-06T10:41:20+08:00] WAIT qwen3_4b_instruct jid=3477435 state=PENDING
[2026-09-06T10:41:20+08:00] WAIT qwen3_4b_instruct jid=3477436 state=PENDING
[2026-09-06T10:41:20+08:00] WAIT qwen3_1.7b jid=3477606_0 state=PENDING
[2026-09-06T10:41:20+08:00] WAIT qwen3_1.7b jid=3477606_1 state=PENDING
[2026-09-06T10:41:20+08:00] WAIT qwen3_1.7b jid=3477606_2 state=PENDING
[2026-09-06T10:41:20+08:00] WAIT qwen3_1.7b jid=3477606_3 state=PENDING
[2026-09-06T10:41:20+08:00] WAIT qwen3_1.7b jid=3477606_4 state=PENDING
[2026-09-06T10:41:20+08:00] WAIT qwen3_1.7b jid=3477606_5 state=PENDING
[2026-09-06T10:41:20+08:00] WAIT qwen3_1.7b jid=3477606_6 state=PENDING
[2026-09-06T10:41:20+08:00] WAIT olmo3_7b_think jid=3477607_0 state=PENDING
[2026-09-06T10:41:20+08:00] WAIT olmo3_7b_think jid=3477607_1 state=PENDING
[2026-09-06T10:41:20+08:00] WAIT olmo3_7b_think jid=3477607_2 state=PENDING
[2026-09-06T10:41:20+08:00] WAIT olmo3_7b_think jid=3477607_3 state=PENDING
[2026-09-06T10:41:20+08:00] WAIT olmo3_7b_think jid=3477607_4 state=PENDING
[2026-09-06T10:41:20+08:00] WAIT olmo3_7b_think jid=3477607_5 state=PENDING
[2026-09-06T10:41:20+08:00] WAIT olmo3_7b_think jid=3477607_6 state=PENDING
[2026-09-06T10:41:20+08:00] WAIT qwen3_1.7b jid=3477608_0 state=PENDING
[2026-09-06T10:41:20+08:00] WAIT qwen3_1.7b jid=3477608_1 state=PENDING
[2026-09-06T10:41:20+08:00] WAIT qwen3_1.7b jid=3477608_2 state=PENDING
[2026-09-06T10:41:20+08:00] WAIT qwen3_1.7b jid=3477608_3 state=PENDING
[2026-09-06T10:41:20+08:00] WAIT qwen3_1.7b jid=3477608_4 state=PENDING
[2026-09-06T10:41:20+08:00] WAIT qwen3_1.7b jid=3477608_5 state=PENDING
[2026-09-06T10:41:20+08:00] WAIT qwen3_1.7b jid=3477608_6 state=PENDING
[2026-09-06T10:41:20+08:00] WAIT olmo3_7b_think jid=3477609_0 state=PENDING
[2026-09-06T10:41:20+08:00] WAIT olmo3_7b_think jid=3477609_1 state=PENDING
[2026-09-06T10:41:20+08:00] WAIT olmo3_7b_think jid=3477609_2 state=PENDING
[2026-09-06T10:41:20+08:00] WAIT olmo3_7b_think jid=3477609_3 state=PENDING
[2026-09-06T10:41:20+08:00] WAIT olmo3_7b_think jid=3477609_4 state=PENDING
[2026-09-06T10:41:20+08:00] WAIT olmo3_7b_think jid=3477609_5 state=PENDING
[2026-09-06T10:41:20+08:00] WAIT olmo3_7b_think jid=3477609_6 state=PENDING
[2026-09-06T10:41:20+08:00] progress done=0/37 pending=37 failed=0
[2026-09-06T10:43:20+08:00] WAIT qwen3_1.7b jid=3477428 state=PENDING
[2026-09-06T10:43:20+08:00] WAIT qwen3_1.7b jid=3477429 state=PENDING
[2026-09-06T10:43:20+08:00] WAIT qwen3_1.7b jid=3477430 state=PENDING
[2026-09-06T10:43:20+08:00] WAIT olmo3_7b_think jid=3477431 state=PENDING
[2026-09-06T10:43:20+08:00] WAIT olmo3_7b_think jid=3477432 state=PENDING
[2026-09-06T10:43:20+08:00] WAIT olmo3_7b_think jid=3477433 state=PENDING
[2026-09-06T10:43:20+08:00] WAIT qwen3_4b_instruct jid=3477434 state=PENDING
[2026-09-06T10:43:20+08:00] WAIT qwen3_4b_instruct jid=3477435 state=PENDING
[2026-09-06T10:43:20+08:00] WAIT qwen3_4b_instruct jid=3477436 state=PENDING
[2026-09-06T10:43:20+08:00] WAIT qwen3_1.7b jid=3477606_0 state=PENDING
[2026-09-06T10:43:20+08:00] WAIT qwen3_1.7b jid=3477606_1 state=PENDING
[2026-09-06T10:43:20+08:00] WAIT qwen3_1.7b jid=3477606_2 state=PENDING
[2026-09-06T10:43:20+08:00] WAIT qwen3_1.7b jid=3477606_3 state=PENDING
[2026-09-06T10:43:20+08:00] WAIT qwen3_1.7b jid=3477606_4 state=PENDING
[2026-09-06T10:43:21+08:00] WAIT qwen3_1.7b jid=3477606_5 state=PENDING
[2026-09-06T10:43:21+08:00] WAIT qwen3_1.7b jid=3477606_6 state=PENDING
[2026-09-06T10:43:21+08:00] WAIT olmo3_7b_think jid=3477607_0 state=PENDING
[2026-09-06T10:43:21+08:00] WAIT olmo3_7b_think jid=3477607_1 state=PENDING
[2026-09-06T10:43:21+08:00] WAIT olmo3_7b_think jid=3477607_2 state=PENDING
[2026-09-06T10:43:21+08:00] WAIT olmo3_7b_think jid=3477607_3 state=PENDING
[2026-09-06T10:43:21+08:00] WAIT olmo3_7b_think jid=3477607_4 state=PENDING
[2026-09-06T10:43:21+08:00] WAIT olmo3_7b_think jid=3477607_5 state=PENDING
[2026-09-06T10:43:21+08:00] WAIT olmo3_7b_think jid=3477607_6 state=PENDING
[2026-09-06T10:43:21+08:00] WAIT qwen3_1.7b jid=3477608_0 state=PENDING
[2026-09-06T10:43:21+08:00] WAIT qwen3_1.7b jid=3477608_1 state=PENDING
[2026-09-06T10:43:21+08:00] WAIT qwen3_1.7b jid=3477608_2 state=PENDING
[2026-09-06T10:43:21+08:00] WAIT qwen3_1.7b jid=3477608_3 state=PENDING
[2026-09-06T10:43:21+08:00] WAIT qwen3_1.7b jid=3477608_4 state=PENDING
[2026-09-06T10:43:21+08:00] WAIT qwen3_1.7b jid=3477608_5 state=PENDING
[2026-09-06T10:43:21+08:00] WAIT qwen3_1.7b jid=3477608_6 state=PENDING
[2026-09-06T10:43:21+08:00] WAIT olmo3_7b_think jid=3477609_0 state=PENDING
[2026-09-06T10:43:21+08:00] WAIT olmo3_7b_think jid=3477609_1 state=PENDING
[2026-09-06T10:43:21+08:00] WAIT olmo3_7b_think jid=3477609_2 state=PENDING
[2026-09-06T10:43:21+08:00] WAIT olmo3_7b_think jid=3477609_3 state=PENDING
[2026-09-06T10:43:21+08:00] WAIT olmo3_7b_think jid=3477609_4 state=PENDING
[2026-09-06T10:43:21+08:00] WAIT olmo3_7b_think jid=3477609_5 state=PENDING
[2026-09-06T10:43:21+08:00] WAIT olmo3_7b_think jid=3477609_6 state=PENDING
[2026-09-06T10:43:21+08:00] progress done=0/37 pending=37 failed=0
[2026-09-06T10:45:21+08:00] WAIT qwen3_1.7b jid=3477428 state=PENDING
[2026-09-06T10:45:21+08:00] WAIT qwen3_1.7b jid=3477429 state=PENDING
[2026-09-06T10:45:21+08:00] WAIT qwen3_1.7b jid=3477430 state=PENDING
[2026-09-06T10:45:21+08:00] WAIT olmo3_7b_think jid=3477431 state=PENDING
[2026-09-06T10:45:21+08:00] WAIT olmo3_7b_think jid=3477432 state=PENDING
[2026-09-06T10:45:21+08:00] WAIT olmo3_7b_think jid=3477433 state=PENDING
[2026-09-06T10:45:21+08:00] WAIT qwen3_4b_instruct jid=3477434 state=PENDING
[2026-09-06T10:45:21+08:00] WAIT qwen3_4b_instruct jid=3477435 state=PENDING
[2026-09-06T10:45:21+08:00] WAIT qwen3_4b_instruct jid=3477436 state=PENDING
[2026-09-06T10:45:21+08:00] WAIT qwen3_1.7b jid=3477606_0 state=PENDING
[2026-09-06T10:45:21+08:00] WAIT qwen3_1.7b jid=3477606_1 state=PENDING
[2026-09-06T10:45:21+08:00] WAIT qwen3_1.7b jid=3477606_2 state=PENDING
[2026-09-06T10:45:21+08:00] WAIT qwen3_1.7b jid=3477606_3 state=PENDING
[2026-09-06T10:45:21+08:00] WAIT qwen3_1.7b jid=3477606_4 state=PENDING
[2026-09-06T10:45:21+08:00] WAIT qwen3_1.7b jid=3477606_5 state=PENDING
[2026-09-06T10:45:21+08:00] WAIT qwen3_1.7b jid=3477606_6 state=PENDING
[2026-09-06T10:45:21+08:00] WAIT olmo3_7b_think jid=3477607_0 state=PENDING
[2026-09-06T10:45:21+08:00] WAIT olmo3_7b_think jid=3477607_1 state=PENDING
[2026-09-06T10:45:21+08:00] WAIT olmo3_7b_think jid=3477607_2 state=PENDING
[2026-09-06T10:45:21+08:00] WAIT olmo3_7b_think jid=3477607_3 state=PENDING
[2026-09-06T10:45:21+08:00] WAIT olmo3_7b_think jid=3477607_4 state=PENDING
[2026-09-06T10:45:21+08:00] WAIT olmo3_7b_think jid=3477607_5 state=PENDING
[2026-09-06T10:45:21+08:00] WAIT olmo3_7b_think jid=3477607_6 state=PENDING
[2026-09-06T10:45:21+08:00] WAIT qwen3_1.7b jid=3477608_0 state=PENDING
[2026-09-06T10:45:21+08:00] WAIT qwen3_1.7b jid=3477608_1 state=PENDING
[2026-09-06T10:45:21+08:00] WAIT qwen3_1.7b jid=3477608_2 state=PENDING
[2026-09-06T10:45:21+08:00] WAIT qwen3_1.7b jid=3477608_3 state=PENDING
[2026-09-06T10:45:21+08:00] WAIT qwen3_1.7b jid=3477608_4 state=PENDING
[2026-09-06T10:45:21+08:00] WAIT qwen3_1.7b jid=3477608_5 state=PENDING
[2026-09-06T10:45:21+08:00] WAIT qwen3_1.7b jid=3477608_6 state=PENDING
[2026-09-06T10:45:21+08:00] WAIT olmo3_7b_think jid=3477609_0 state=PENDING
[2026-09-06T10:45:21+08:00] WAIT olmo3_7b_think jid=3477609_1 state=PENDING
[2026-09-06T10:45:21+08:00] WAIT olmo3_7b_think jid=3477609_2 state=PENDING
[2026-09-06T10:45:21+08:00] WAIT olmo3_7b_think jid=3477609_3 state=PENDING
[2026-09-06T10:45:21+08:00] WAIT olmo3_7b_think jid=3477609_4 state=PENDING
[2026-09-06T10:45:21+08:00] WAIT olmo3_7b_think jid=3477609_5 state=PENDING
[2026-09-06T10:45:21+08:00] WAIT olmo3_7b_think jid=3477609_6 state=PENDING
[2026-09-06T10:45:21+08:00] progress done=0/37 pending=37 failed=0
[2026-09-06T10:47:21+08:00] WAIT qwen3_1.7b jid=3477428 state=PENDING
[2026-09-06T10:47:21+08:00] WAIT qwen3_1.7b jid=3477429 state=PENDING
[2026-09-06T10:47:21+08:00] WAIT qwen3_1.7b jid=3477430 state=PENDING
[2026-09-06T10:47:21+08:00] WAIT olmo3_7b_think jid=3477431 state=PENDING
[2026-09-06T10:47:21+08:00] WAIT olmo3_7b_think jid=3477432 state=PENDING
[2026-09-06T10:47:21+08:00] WAIT olmo3_7b_think jid=3477433 state=PENDING
[2026-09-06T10:47:21+08:00] WAIT qwen3_4b_instruct jid=3477434 state=PENDING
[2026-09-06T10:47:21+08:00] WAIT qwen3_4b_instruct jid=3477435 state=PENDING
[2026-09-06T10:47:21+08:00] WAIT qwen3_4b_instruct jid=3477436 state=PENDING
[2026-09-06T10:47:21+08:00] WAIT qwen3_1.7b jid=3477606_0 state=PENDING
[2026-09-06T10:47:21+08:00] WAIT qwen3_1.7b jid=3477606_1 state=PENDING
[2026-09-06T10:47:21+08:00] WAIT qwen3_1.7b jid=3477606_2 state=PENDING
[2026-09-06T10:47:21+08:00] WAIT qwen3_1.7b jid=3477606_3 state=PENDING
[2026-09-06T10:47:21+08:00] WAIT qwen3_1.7b jid=3477606_4 state=PENDING
[2026-09-06T10:47:21+08:00] WAIT qwen3_1.7b jid=3477606_5 state=PENDING
[2026-09-06T10:47:21+08:00] WAIT qwen3_1.7b jid=3477606_6 state=PENDING
[2026-09-06T10:47:21+08:00] WAIT olmo3_7b_think jid=3477607_0 state=PENDING
[2026-09-06T10:47:21+08:00] WAIT olmo3_7b_think jid=3477607_1 state=PENDING
[2026-09-06T10:47:21+08:00] WAIT olmo3_7b_think jid=3477607_2 state=PENDING
[2026-09-06T10:47:21+08:00] WAIT olmo3_7b_think jid=3477607_3 state=PENDING
[2026-09-06T10:47:21+08:00] WAIT olmo3_7b_think jid=3477607_4 state=PENDING
[2026-09-06T10:47:21+08:00] WAIT olmo3_7b_think jid=3477607_5 state=PENDING
[2026-09-06T10:47:21+08:00] WAIT olmo3_7b_think jid=3477607_6 state=PENDING
[2026-09-06T10:47:21+08:00] WAIT qwen3_1.7b jid=3477608_0 state=PENDING
[2026-09-06T10:47:21+08:00] WAIT qwen3_1.7b jid=3477608_1 state=PENDING
[2026-09-06T10:47:21+08:00] WAIT qwen3_1.7b jid=3477608_2 state=PENDING
[2026-09-06T10:47:21+08:00] WAIT qwen3_1.7b jid=3477608_3 state=PENDING
[2026-09-06T10:47:21+08:00] WAIT qwen3_1.7b jid=3477608_4 state=PENDING
[2026-09-06T10:47:21+08:00] WAIT qwen3_1.7b jid=3477608_5 state=PENDING
[2026-09-06T10:47:21+08:00] WAIT qwen3_1.7b jid=3477608_6 state=PENDING
[2026-09-06T10:47:21+08:00] WAIT olmo3_7b_think jid=3477609_0 state=PENDING
[2026-09-06T10:47:22+08:00] WAIT olmo3_7b_think jid=3477609_1 state=PENDING
[2026-09-06T10:47:22+08:00] WAIT olmo3_7b_think jid=3477609_2 state=PENDING
[2026-09-06T10:47:22+08:00] WAIT olmo3_7b_think jid=3477609_3 state=PENDING
[2026-09-06T10:47:22+08:00] WAIT olmo3_7b_think jid=3477609_4 state=PENDING
[2026-09-06T10:47:22+08:00] WAIT olmo3_7b_think jid=3477609_5 state=PENDING
[2026-09-06T10:47:22+08:00] WAIT olmo3_7b_think jid=3477609_6 state=PENDING
[2026-09-06T10:47:22+08:00] progress done=0/37 pending=37 failed=0
[2026-09-06T10:49:22+08:00] WAIT qwen3_1.7b jid=3477428 state=PENDING
[2026-09-06T10:49:22+08:00] WAIT qwen3_1.7b jid=3477429 state=PENDING
[2026-09-06T10:49:22+08:00] WAIT qwen3_1.7b jid=3477430 state=PENDING
[2026-09-06T10:49:22+08:00] WAIT olmo3_7b_think jid=3477431 state=PENDING
[2026-09-06T10:49:22+08:00] WAIT olmo3_7b_think jid=3477432 state=PENDING
[2026-09-06T10:49:22+08:00] WAIT olmo3_7b_think jid=3477433 state=PENDING
[2026-09-06T10:49:22+08:00] WAIT qwen3_4b_instruct jid=3477434 state=PENDING
[2026-09-06T10:49:22+08:00] WAIT qwen3_4b_instruct jid=3477435 state=PENDING
[2026-09-06T10:49:22+08:00] WAIT qwen3_4b_instruct jid=3477436 state=PENDING
[2026-09-06T10:49:22+08:00] WAIT qwen3_1.7b jid=3477606_0 state=PENDING
[2026-09-06T10:49:22+08:00] WAIT qwen3_1.7b jid=3477606_1 state=PENDING
[2026-09-06T10:49:22+08:00] WAIT qwen3_1.7b jid=3477606_2 state=PENDING
[2026-09-06T10:49:22+08:00] WAIT qwen3_1.7b jid=3477606_3 state=PENDING
[2026-09-06T10:49:22+08:00] WAIT qwen3_1.7b jid=3477606_4 state=PENDING
[2026-09-06T10:49:22+08:00] WAIT qwen3_1.7b jid=3477606_5 state=PENDING
[2026-09-06T10:49:22+08:00] WAIT qwen3_1.7b jid=3477606_6 state=PENDING
[2026-09-06T10:49:22+08:00] WAIT olmo3_7b_think jid=3477607_0 state=PENDING
[2026-09-06T10:49:22+08:00] WAIT olmo3_7b_think jid=3477607_1 state=PENDING
[2026-09-06T10:49:22+08:00] WAIT olmo3_7b_think jid=3477607_2 state=PENDING
[2026-09-06T10:49:22+08:00] WAIT olmo3_7b_think jid=3477607_3 state=PENDING
[2026-09-06T10:49:22+08:00] WAIT olmo3_7b_think jid=3477607_4 state=PENDING
[2026-09-06T10:49:22+08:00] WAIT olmo3_7b_think jid=3477607_5 state=PENDING
[2026-09-06T10:49:22+08:00] WAIT olmo3_7b_think jid=3477607_6 state=PENDING
[2026-09-06T10:49:22+08:00] WAIT qwen3_1.7b jid=3477608_0 state=PENDING
[2026-09-06T10:49:22+08:00] WAIT qwen3_1.7b jid=3477608_1 state=PENDING
[2026-09-06T10:49:22+08:00] WAIT qwen3_1.7b jid=3477608_2 state=PENDING
[2026-09-06T10:49:22+08:00] WAIT qwen3_1.7b jid=3477608_3 state=PENDING
[2026-09-06T10:49:22+08:00] WAIT qwen3_1.7b jid=3477608_4 state=PENDING
[2026-09-06T10:49:22+08:00] WAIT qwen3_1.7b jid=3477608_5 state=PENDING
[2026-09-06T10:49:22+08:00] WAIT qwen3_1.7b jid=3477608_6 state=PENDING
[2026-09-06T10:49:22+08:00] WAIT olmo3_7b_think jid=3477609_0 state=PENDING
[2026-09-06T10:49:22+08:00] WAIT olmo3_7b_think jid=3477609_1 state=PENDING
[2026-09-06T10:49:22+08:00] WAIT olmo3_7b_think jid=3477609_2 state=PENDING
[2026-09-06T10:49:22+08:00] WAIT olmo3_7b_think jid=3477609_3 state=PENDING
[2026-09-06T10:49:22+08:00] WAIT olmo3_7b_think jid=3477609_4 state=PENDING
[2026-09-06T10:49:22+08:00] WAIT olmo3_7b_think jid=3477609_5 state=PENDING
[2026-09-06T10:49:22+08:00] WAIT olmo3_7b_think jid=3477609_6 state=PENDING
[2026-09-06T10:49:22+08:00] progress done=0/37 pending=37 failed=0
[2026-09-06T10:51:22+08:00] WAIT qwen3_1.7b jid=3477428 state=PENDING
[2026-09-06T10:51:22+08:00] WAIT qwen3_1.7b jid=3477429 state=PENDING
[2026-09-06T10:51:22+08:00] WAIT qwen3_1.7b jid=3477430 state=PENDING
[2026-09-06T10:51:22+08:00] WAIT olmo3_7b_think jid=3477431 state=PENDING
[2026-09-06T10:51:22+08:00] WAIT olmo3_7b_think jid=3477432 state=PENDING
[2026-09-06T10:51:22+08:00] WAIT olmo3_7b_think jid=3477433 state=PENDING
[2026-09-06T10:51:22+08:00] WAIT qwen3_4b_instruct jid=3477434 state=PENDING
[2026-09-06T10:51:22+08:00] WAIT qwen3_4b_instruct jid=3477435 state=PENDING
[2026-09-06T10:51:22+08:00] WAIT qwen3_4b_instruct jid=3477436 state=PENDING
[2026-09-06T10:51:22+08:00] WAIT qwen3_1.7b jid=3477606_0 state=PENDING
[2026-09-06T10:51:22+08:00] WAIT qwen3_1.7b jid=3477606_1 state=PENDING
[2026-09-06T10:51:22+08:00] WAIT qwen3_1.7b jid=3477606_2 state=PENDING
[2026-09-06T10:51:22+08:00] WAIT qwen3_1.7b jid=3477606_3 state=PENDING
[2026-09-06T10:51:22+08:00] WAIT qwen3_1.7b jid=3477606_4 state=PENDING
[2026-09-06T10:51:22+08:00] WAIT qwen3_1.7b jid=3477606_5 state=PENDING
[2026-09-06T10:51:22+08:00] WAIT qwen3_1.7b jid=3477606_6 state=PENDING
[2026-09-06T10:51:22+08:00] WAIT olmo3_7b_think jid=3477607_0 state=PENDING
[2026-09-06T10:51:22+08:00] WAIT olmo3_7b_think jid=3477607_1 state=PENDING
[2026-09-06T10:51:22+08:00] WAIT olmo3_7b_think jid=3477607_2 state=PENDING
[2026-09-06T10:51:22+08:00] WAIT olmo3_7b_think jid=3477607_3 state=PENDING
[2026-09-06T10:51:22+08:00] WAIT olmo3_7b_think jid=3477607_4 state=PENDING
[2026-09-06T10:51:22+08:00] WAIT olmo3_7b_think jid=3477607_5 state=PENDING
[2026-09-06T10:51:22+08:00] WAIT olmo3_7b_think jid=3477607_6 state=PENDING
[2026-09-06T10:51:22+08:00] WAIT qwen3_1.7b jid=3477608_0 state=PENDING
[2026-09-06T10:51:22+08:00] WAIT qwen3_1.7b jid=3477608_1 state=PENDING
[2026-09-06T10:51:22+08:00] WAIT qwen3_1.7b jid=3477608_2 state=PENDING
[2026-09-06T10:51:22+08:00] WAIT qwen3_1.7b jid=3477608_3 state=PENDING
[2026-09-06T10:51:22+08:00] WAIT qwen3_1.7b jid=3477608_4 state=PENDING
[2026-09-06T10:51:22+08:00] WAIT qwen3_1.7b jid=3477608_5 state=PENDING
[2026-09-06T10:51:22+08:00] WAIT qwen3_1.7b jid=3477608_6 state=PENDING
[2026-09-06T10:51:22+08:00] WAIT olmo3_7b_think jid=3477609_0 state=PENDING
[2026-09-06T10:51:22+08:00] WAIT olmo3_7b_think jid=3477609_1 state=PENDING
[2026-09-06T10:51:22+08:00] WAIT olmo3_7b_think jid=3477609_2 state=PENDING
[2026-09-06T10:51:22+08:00] WAIT olmo3_7b_think jid=3477609_3 state=PENDING
[2026-09-06T10:51:22+08:00] WAIT olmo3_7b_think jid=3477609_4 state=PENDING
[2026-09-06T10:51:22+08:00] WAIT olmo3_7b_think jid=3477609_5 state=PENDING
[2026-09-06T10:51:22+08:00] WAIT olmo3_7b_think jid=3477609_6 state=PENDING
[2026-09-06T10:51:22+08:00] progress done=0/37 pending=37 failed=0
[2026-09-06T10:53:22+08:00] WAIT qwen3_1.7b jid=3477428 state=PENDING
[2026-09-06T10:53:22+08:00] WAIT qwen3_1.7b jid=3477429 state=PENDING
[2026-09-06T10:53:22+08:00] WAIT qwen3_1.7b jid=3477430 state=PENDING
[2026-09-06T10:53:22+08:00] WAIT olmo3_7b_think jid=3477431 state=PENDING
[2026-09-06T10:53:22+08:00] WAIT olmo3_7b_think jid=3477432 state=PENDING
[2026-09-06T10:53:22+08:00] WAIT olmo3_7b_think jid=3477433 state=PENDING
[2026-09-06T10:53:22+08:00] WAIT qwen3_4b_instruct jid=3477434 state=PENDING
[2026-09-06T10:53:22+08:00] WAIT qwen3_4b_instruct jid=3477435 state=PENDING
[2026-09-06T10:53:22+08:00] WAIT qwen3_4b_instruct jid=3477436 state=PENDING
[2026-09-06T10:53:22+08:00] WAIT qwen3_1.7b jid=3477606_0 state=PENDING
[2026-09-06T10:53:22+08:00] WAIT qwen3_1.7b jid=3477606_1 state=PENDING
[2026-09-06T10:53:22+08:00] WAIT qwen3_1.7b jid=3477606_2 state=PENDING
[2026-09-06T10:53:23+08:00] WAIT qwen3_1.7b jid=3477606_3 state=PENDING
[2026-09-06T10:53:23+08:00] WAIT qwen3_1.7b jid=3477606_4 state=PENDING
[2026-09-06T10:53:23+08:00] WAIT qwen3_1.7b jid=3477606_5 state=PENDING
[2026-09-06T10:53:23+08:00] WAIT qwen3_1.7b jid=3477606_6 state=PENDING
[2026-09-06T10:53:23+08:00] WAIT olmo3_7b_think jid=3477607_0 state=PENDING
[2026-09-06T10:53:23+08:00] WAIT olmo3_7b_think jid=3477607_1 state=PENDING
[2026-09-06T10:53:23+08:00] WAIT olmo3_7b_think jid=3477607_2 state=PENDING
[2026-09-06T10:53:23+08:00] WAIT olmo3_7b_think jid=3477607_3 state=PENDING
[2026-09-06T10:53:23+08:00] WAIT olmo3_7b_think jid=3477607_4 state=PENDING
[2026-09-06T10:53:23+08:00] WAIT olmo3_7b_think jid=3477607_5 state=PENDING
[2026-09-06T10:53:23+08:00] WAIT olmo3_7b_think jid=3477607_6 state=PENDING
[2026-09-06T10:53:23+08:00] WAIT qwen3_1.7b jid=3477608_0 state=PENDING
[2026-09-06T10:53:23+08:00] WAIT qwen3_1.7b jid=3477608_1 state=PENDING
[2026-09-06T10:53:23+08:00] WAIT qwen3_1.7b jid=3477608_2 state=PENDING
[2026-09-06T10:53:23+08:00] WAIT qwen3_1.7b jid=3477608_3 state=PENDING
[2026-09-06T10:53:23+08:00] WAIT qwen3_1.7b jid=3477608_4 state=PENDING
[2026-09-06T10:53:23+08:00] WAIT qwen3_1.7b jid=3477608_5 state=PENDING
[2026-09-06T10:53:23+08:00] WAIT qwen3_1.7b jid=3477608_6 state=PENDING
[2026-09-06T10:53:23+08:00] WAIT olmo3_7b_think jid=3477609_0 state=PENDING
[2026-09-06T10:53:23+08:00] WAIT olmo3_7b_think jid=3477609_1 state=PENDING
[2026-09-06T10:53:23+08:00] WAIT olmo3_7b_think jid=3477609_2 state=PENDING
[2026-09-06T10:53:23+08:00] WAIT olmo3_7b_think jid=3477609_3 state=PENDING
[2026-09-06T10:53:23+08:00] WAIT olmo3_7b_think jid=3477609_4 state=PENDING
[2026-09-06T10:53:23+08:00] WAIT olmo3_7b_think jid=3477609_5 state=PENDING
[2026-09-06T10:53:23+08:00] WAIT olmo3_7b_think jid=3477609_6 state=PENDING
[2026-09-06T10:53:23+08:00] progress done=0/37 pending=37 failed=0
[2026-09-06T10:55:23+08:00] WAIT qwen3_1.7b jid=3477428 state=PENDING
[2026-09-06T10:55:23+08:00] WAIT qwen3_1.7b jid=3477429 state=PENDING
[2026-09-06T10:55:23+08:00] WAIT qwen3_1.7b jid=3477430 state=PENDING
[2026-09-06T10:55:23+08:00] WAIT olmo3_7b_think jid=3477431 state=PENDING
[2026-09-06T10:55:23+08:00] WAIT olmo3_7b_think jid=3477432 state=PENDING
[2026-09-06T10:55:23+08:00] WAIT olmo3_7b_think jid=3477433 state=PENDING
[2026-09-06T10:55:23+08:00] WAIT qwen3_4b_instruct jid=3477434 state=PENDING
[2026-09-06T10:55:23+08:00] WAIT qwen3_4b_instruct jid=3477435 state=PENDING
[2026-09-06T10:55:23+08:00] WAIT qwen3_4b_instruct jid=3477436 state=PENDING
[2026-09-06T10:55:23+08:00] WAIT qwen3_1.7b jid=3477606_0 state=PENDING
[2026-09-06T10:55:23+08:00] WAIT qwen3_1.7b jid=3477606_1 state=PENDING
[2026-09-06T10:55:23+08:00] WAIT qwen3_1.7b jid=3477606_2 state=PENDING
[2026-09-06T10:55:23+08:00] WAIT qwen3_1.7b jid=3477606_3 state=PENDING
[2026-09-06T10:55:23+08:00] WAIT qwen3_1.7b jid=3477606_4 state=PENDING
[2026-09-06T10:55:23+08:00] WAIT qwen3_1.7b jid=3477606_5 state=PENDING
[2026-09-06T10:55:23+08:00] WAIT qwen3_1.7b jid=3477606_6 state=PENDING
[2026-09-06T10:55:23+08:00] WAIT olmo3_7b_think jid=3477607_0 state=PENDING
[2026-09-06T10:55:23+08:00] WAIT olmo3_7b_think jid=3477607_1 state=PENDING
[2026-09-06T10:55:23+08:00] WAIT olmo3_7b_think jid=3477607_2 state=PENDING
[2026-09-06T10:55:23+08:00] WAIT olmo3_7b_think jid=3477607_3 state=PENDING
[2026-09-06T10:55:23+08:00] WAIT olmo3_7b_think jid=3477607_4 state=PENDING
[2026-09-06T10:55:23+08:00] WAIT olmo3_7b_think jid=3477607_5 state=PENDING
[2026-09-06T10:55:23+08:00] WAIT olmo3_7b_think jid=3477607_6 state=PENDING
[2026-09-06T10:55:23+08:00] WAIT qwen3_1.7b jid=3477608_0 state=PENDING
[2026-09-06T10:55:23+08:00] WAIT qwen3_1.7b jid=3477608_1 state=PENDING
[2026-09-06T10:55:23+08:00] WAIT qwen3_1.7b jid=3477608_2 state=PENDING
[2026-09-06T10:55:23+08:00] WAIT qwen3_1.7b jid=3477608_3 state=PENDING
[2026-09-06T10:55:23+08:00] WAIT qwen3_1.7b jid=3477608_4 state=PENDING
[2026-09-06T10:55:23+08:00] WAIT qwen3_1.7b jid=3477608_5 state=PENDING
[2026-09-06T10:55:23+08:00] WAIT qwen3_1.7b jid=3477608_6 state=PENDING
[2026-09-06T10:55:23+08:00] WAIT olmo3_7b_think jid=3477609_0 state=PENDING
[2026-09-06T10:55:23+08:00] WAIT olmo3_7b_think jid=3477609_1 state=PENDING
[2026-09-06T10:55:23+08:00] WAIT olmo3_7b_think jid=3477609_2 state=PENDING
[2026-09-06T10:55:23+08:00] WAIT olmo3_7b_think jid=3477609_3 state=PENDING
[2026-09-06T10:55:23+08:00] WAIT olmo3_7b_think jid=3477609_4 state=PENDING
[2026-09-06T10:55:23+08:00] WAIT olmo3_7b_think jid=3477609_5 state=PENDING
[2026-09-06T10:55:23+08:00] WAIT olmo3_7b_think jid=3477609_6 state=PENDING
[2026-09-06T10:55:23+08:00] progress done=0/37 pending=37 failed=0
[2026-09-06T10:57:23+08:00] WAIT qwen3_1.7b jid=3477428 state=PENDING
[2026-09-06T10:57:23+08:00] WAIT qwen3_1.7b jid=3477429 state=PENDING
[2026-09-06T10:57:23+08:00] WAIT qwen3_1.7b jid=3477430 state=PENDING
[2026-09-06T10:57:23+08:00] WAIT olmo3_7b_think jid=3477431 state=PENDING
[2026-09-06T10:57:23+08:00] WAIT olmo3_7b_think jid=3477432 state=PENDING
[2026-09-06T10:57:23+08:00] WAIT olmo3_7b_think jid=3477433 state=PENDING
[2026-09-06T10:57:23+08:00] WAIT qwen3_4b_instruct jid=3477434 state=PENDING
[2026-09-06T10:57:23+08:00] WAIT qwen3_4b_instruct jid=3477435 state=PENDING
[2026-09-06T10:57:23+08:00] WAIT qwen3_4b_instruct jid=3477436 state=PENDING
[2026-09-06T10:57:23+08:00] WAIT qwen3_1.7b jid=3477606_0 state=PENDING
[2026-09-06T10:57:23+08:00] WAIT qwen3_1.7b jid=3477606_1 state=PENDING
[2026-09-06T10:57:23+08:00] WAIT qwen3_1.7b jid=3477606_2 state=PENDING
[2026-09-06T10:57:23+08:00] WAIT qwen3_1.7b jid=3477606_3 state=PENDING
[2026-09-06T10:57:23+08:00] WAIT qwen3_1.7b jid=3477606_4 state=PENDING
[2026-09-06T10:57:23+08:00] WAIT qwen3_1.7b jid=3477606_5 state=PENDING
[2026-09-06T10:57:23+08:00] WAIT qwen3_1.7b jid=3477606_6 state=PENDING
[2026-09-06T10:57:23+08:00] WAIT olmo3_7b_think jid=3477607_0 state=PENDING
[2026-09-06T10:57:23+08:00] WAIT olmo3_7b_think jid=3477607_1 state=PENDING
[2026-09-06T10:57:23+08:00] WAIT olmo3_7b_think jid=3477607_2 state=PENDING
[2026-09-06T10:57:23+08:00] WAIT olmo3_7b_think jid=3477607_3 state=PENDING
[2026-09-06T10:57:23+08:00] WAIT olmo3_7b_think jid=3477607_4 state=PENDING
[2026-09-06T10:57:23+08:00] WAIT olmo3_7b_think jid=3477607_5 state=PENDING
[2026-09-06T10:57:23+08:00] WAIT olmo3_7b_think jid=3477607_6 state=PENDING
[2026-09-06T10:57:23+08:00] WAIT qwen3_1.7b jid=3477608_0 state=PENDING
[2026-09-06T10:57:23+08:00] WAIT qwen3_1.7b jid=3477608_1 state=PENDING
[2026-09-06T10:57:23+08:00] WAIT qwen3_1.7b jid=3477608_2 state=PENDING
[2026-09-06T10:57:23+08:00] WAIT qwen3_1.7b jid=3477608_3 state=PENDING
[2026-09-06T10:57:23+08:00] WAIT qwen3_1.7b jid=3477608_4 state=PENDING
[2026-09-06T10:57:23+08:00] WAIT qwen3_1.7b jid=3477608_5 state=PENDING
[2026-09-06T10:57:23+08:00] WAIT qwen3_1.7b jid=3477608_6 state=PENDING
[2026-09-06T10:57:23+08:00] WAIT olmo3_7b_think jid=3477609_0 state=PENDING
[2026-09-06T10:57:23+08:00] WAIT olmo3_7b_think jid=3477609_1 state=PENDING
[2026-09-06T10:57:23+08:00] WAIT olmo3_7b_think jid=3477609_2 state=PENDING
[2026-09-06T10:57:23+08:00] WAIT olmo3_7b_think jid=3477609_3 state=PENDING
[2026-09-06T10:57:24+08:00] WAIT olmo3_7b_think jid=3477609_4 state=PENDING
[2026-09-06T10:57:24+08:00] WAIT olmo3_7b_think jid=3477609_5 state=PENDING
[2026-09-06T10:57:24+08:00] WAIT olmo3_7b_think jid=3477609_6 state=PENDING
[2026-09-06T10:57:24+08:00] progress done=0/37 pending=37 failed=0
[2026-09-06T10:59:24+08:00] WAIT qwen3_1.7b jid=3477428 state=PENDING
[2026-09-06T10:59:24+08:00] WAIT qwen3_1.7b jid=3477429 state=PENDING
[2026-09-06T10:59:24+08:00] WAIT qwen3_1.7b jid=3477430 state=PENDING
[2026-09-06T10:59:24+08:00] WAIT olmo3_7b_think jid=3477431 state=PENDING
[2026-09-06T10:59:24+08:00] WAIT olmo3_7b_think jid=3477432 state=PENDING
[2026-09-06T10:59:24+08:00] WAIT olmo3_7b_think jid=3477433 state=PENDING
[2026-09-06T10:59:24+08:00] WAIT qwen3_4b_instruct jid=3477434 state=PENDING
[2026-09-06T10:59:24+08:00] WAIT qwen3_4b_instruct jid=3477435 state=PENDING
[2026-09-06T10:59:24+08:00] WAIT qwen3_4b_instruct jid=3477436 state=PENDING
[2026-09-06T10:59:24+08:00] WAIT qwen3_1.7b jid=3477606_0 state=PENDING
[2026-09-06T10:59:24+08:00] WAIT qwen3_1.7b jid=3477606_1 state=PENDING
[2026-09-06T10:59:24+08:00] WAIT qwen3_1.7b jid=3477606_2 state=PENDING
[2026-09-06T10:59:24+08:00] WAIT qwen3_1.7b jid=3477606_3 state=PENDING
[2026-09-06T10:59:24+08:00] WAIT qwen3_1.7b jid=3477606_4 state=PENDING
[2026-09-06T10:59:24+08:00] WAIT qwen3_1.7b jid=3477606_5 state=PENDING
[2026-09-06T10:59:24+08:00] WAIT qwen3_1.7b jid=3477606_6 state=PENDING
[2026-09-06T10:59:24+08:00] WAIT olmo3_7b_think jid=3477607_0 state=PENDING
[2026-09-06T10:59:24+08:00] WAIT olmo3_7b_think jid=3477607_1 state=PENDING
[2026-09-06T10:59:24+08:00] WAIT olmo3_7b_think jid=3477607_2 state=PENDING
[2026-09-06T10:59:24+08:00] WAIT olmo3_7b_think jid=3477607_3 state=PENDING
[2026-09-06T10:59:24+08:00] WAIT olmo3_7b_think jid=3477607_4 state=PENDING
[2026-09-06T10:59:24+08:00] WAIT olmo3_7b_think jid=3477607_5 state=PENDING
[2026-09-06T10:59:24+08:00] WAIT olmo3_7b_think jid=3477607_6 state=PENDING
[2026-09-06T10:59:24+08:00] WAIT qwen3_1.7b jid=3477608_0 state=PENDING
[2026-09-06T10:59:24+08:00] WAIT qwen3_1.7b jid=3477608_1 state=PENDING
[2026-09-06T10:59:24+08:00] WAIT qwen3_1.7b jid=3477608_2 state=PENDING
[2026-09-06T10:59:24+08:00] WAIT qwen3_1.7b jid=3477608_3 state=PENDING
[2026-09-06T10:59:24+08:00] WAIT qwen3_1.7b jid=3477608_4 state=PENDING
[2026-09-06T10:59:24+08:00] WAIT qwen3_1.7b jid=3477608_5 state=PENDING
[2026-09-06T10:59:24+08:00] WAIT qwen3_1.7b jid=3477608_6 state=PENDING
[2026-09-06T10:59:24+08:00] WAIT olmo3_7b_think jid=3477609_0 state=PENDING
[2026-09-06T10:59:24+08:00] WAIT olmo3_7b_think jid=3477609_1 state=PENDING
[2026-09-06T10:59:24+08:00] WAIT olmo3_7b_think jid=3477609_2 state=PENDING
[2026-09-06T10:59:24+08:00] WAIT olmo3_7b_think jid=3477609_3 state=PENDING
[2026-09-06T10:59:24+08:00] WAIT olmo3_7b_think jid=3477609_4 state=PENDING
[2026-09-06T10:59:24+08:00] WAIT olmo3_7b_think jid=3477609_5 state=PENDING
[2026-09-06T10:59:24+08:00] WAIT olmo3_7b_think jid=3477609_6 state=PENDING
[2026-09-06T10:59:24+08:00] progress done=0/37 pending=37 failed=0
[2026-09-06T11:01:24+08:00] WAIT qwen3_1.7b jid=3477428 state=PENDING
[2026-09-06T11:01:24+08:00] WAIT qwen3_1.7b jid=3477429 state=PENDING
[2026-09-06T11:01:24+08:00] WAIT qwen3_1.7b jid=3477430 state=PENDING
[2026-09-06T11:01:24+08:00] WAIT olmo3_7b_think jid=3477431 state=PENDING
[2026-09-06T11:01:24+08:00] WAIT olmo3_7b_think jid=3477432 state=PENDING
[2026-09-06T11:01:24+08:00] WAIT olmo3_7b_think jid=3477433 state=PENDING
[2026-09-06T11:01:24+08:00] WAIT qwen3_4b_instruct jid=3477434 state=PENDING
[2026-09-06T11:01:24+08:00] WAIT qwen3_4b_instruct jid=3477435 state=PENDING
[2026-09-06T11:01:24+08:00] WAIT qwen3_4b_instruct jid=3477436 state=PENDING
[2026-09-06T11:01:24+08:00] WAIT qwen3_1.7b jid=3477606_0 state=PENDING
[2026-09-06T11:01:24+08:00] WAIT qwen3_1.7b jid=3477606_1 state=PENDING
[2026-09-06T11:01:24+08:00] WAIT qwen3_1.7b jid=3477606_2 state=PENDING
[2026-09-06T11:01:24+08:00] WAIT qwen3_1.7b jid=3477606_3 state=PENDING
[2026-09-06T11:01:24+08:00] WAIT qwen3_1.7b jid=3477606_4 state=PENDING
[2026-09-06T11:01:24+08:00] WAIT qwen3_1.7b jid=3477606_5 state=PENDING
[2026-09-06T11:01:24+08:00] WAIT qwen3_1.7b jid=3477606_6 state=PENDING
[2026-09-06T11:01:24+08:00] WAIT olmo3_7b_think jid=3477607_0 state=PENDING
[2026-09-06T11:01:24+08:00] WAIT olmo3_7b_think jid=3477607_1 state=PENDING
[2026-09-06T11:01:24+08:00] WAIT olmo3_7b_think jid=3477607_2 state=PENDING
[2026-09-06T11:01:24+08:00] WAIT olmo3_7b_think jid=3477607_3 state=PENDING
[2026-09-06T11:01:24+08:00] WAIT olmo3_7b_think jid=3477607_4 state=PENDING
[2026-09-06T11:01:24+08:00] WAIT olmo3_7b_think jid=3477607_5 state=PENDING
[2026-09-06T11:01:24+08:00] WAIT olmo3_7b_think jid=3477607_6 state=PENDING
[2026-09-06T11:01:24+08:00] WAIT qwen3_1.7b jid=3477608_0 state=PENDING
[2026-09-06T11:01:24+08:00] WAIT qwen3_1.7b jid=3477608_1 state=PENDING
[2026-09-06T11:01:24+08:00] WAIT qwen3_1.7b jid=3477608_2 state=PENDING
[2026-09-06T11:01:24+08:00] WAIT qwen3_1.7b jid=3477608_3 state=PENDING
[2026-09-06T11:01:24+08:00] WAIT qwen3_1.7b jid=3477608_4 state=PENDING
[2026-09-06T11:01:24+08:00] WAIT qwen3_1.7b jid=3477608_5 state=PENDING
[2026-09-06T11:01:24+08:00] WAIT qwen3_1.7b jid=3477608_6 state=PENDING
[2026-09-06T11:01:24+08:00] WAIT olmo3_7b_think jid=3477609_0 state=PENDING
[2026-09-06T11:01:24+08:00] WAIT olmo3_7b_think jid=3477609_1 state=PENDING
[2026-09-06T11:01:24+08:00] WAIT olmo3_7b_think jid=3477609_2 state=PENDING
[2026-09-06T11:01:24+08:00] WAIT olmo3_7b_think jid=3477609_3 state=PENDING
[2026-09-06T11:01:24+08:00] WAIT olmo3_7b_think jid=3477609_4 state=PENDING
[2026-09-06T11:01:24+08:00] WAIT olmo3_7b_think jid=3477609_5 state=PENDING
[2026-09-06T11:01:24+08:00] WAIT olmo3_7b_think jid=3477609_6 state=PENDING
[2026-09-06T11:01:24+08:00] progress done=0/37 pending=37 failed=0
[2026-09-06T11:03:24+08:00] WAIT qwen3_1.7b jid=3477428 state=PENDING
[2026-09-06T11:03:24+08:00] WAIT qwen3_1.7b jid=3477429 state=PENDING
[2026-09-06T11:03:24+08:00] WAIT qwen3_1.7b jid=3477430 state=PENDING
[2026-09-06T11:03:24+08:00] WAIT olmo3_7b_think jid=3477431 state=PENDING
[2026-09-06T11:03:24+08:00] WAIT olmo3_7b_think jid=3477432 state=PENDING
[2026-09-06T11:03:24+08:00] WAIT olmo3_7b_think jid=3477433 state=PENDING
[2026-09-06T11:03:24+08:00] WAIT qwen3_4b_instruct jid=3477434 state=PENDING
[2026-09-06T11:03:24+08:00] WAIT qwen3_4b_instruct jid=3477435 state=PENDING
[2026-09-06T11:03:24+08:00] WAIT qwen3_4b_instruct jid=3477436 state=PENDING
[2026-09-06T11:03:24+08:00] WAIT qwen3_1.7b jid=3477606_0 state=PENDING
[2026-09-06T11:03:24+08:00] WAIT qwen3_1.7b jid=3477606_1 state=PENDING
[2026-09-06T11:03:24+08:00] WAIT qwen3_1.7b jid=3477606_2 state=PENDING
[2026-09-06T11:03:24+08:00] WAIT qwen3_1.7b jid=3477606_3 state=PENDING
[2026-09-06T11:03:24+08:00] WAIT qwen3_1.7b jid=3477606_4 state=PENDING
[2026-09-06T11:03:24+08:00] WAIT qwen3_1.7b jid=3477606_5 state=PENDING
[2026-09-06T11:03:24+08:00] WAIT qwen3_1.7b jid=3477606_6 state=PENDING
[2026-09-06T11:03:24+08:00] WAIT olmo3_7b_think jid=3477607_0 state=PENDING
[2026-09-06T11:03:24+08:00] WAIT olmo3_7b_think jid=3477607_1 state=PENDING
[2026-09-06T11:03:25+08:00] WAIT olmo3_7b_think jid=3477607_2 state=PENDING
[2026-09-06T11:03:25+08:00] WAIT olmo3_7b_think jid=3477607_3 state=PENDING
[2026-09-06T11:03:25+08:00] WAIT olmo3_7b_think jid=3477607_4 state=PENDING
[2026-09-06T11:03:25+08:00] WAIT olmo3_7b_think jid=3477607_5 state=PENDING
[2026-09-06T11:03:25+08:00] WAIT olmo3_7b_think jid=3477607_6 state=PENDING
[2026-09-06T11:03:25+08:00] WAIT qwen3_1.7b jid=3477608_0 state=PENDING
[2026-09-06T11:03:25+08:00] WAIT qwen3_1.7b jid=3477608_1 state=PENDING
[2026-09-06T11:03:25+08:00] WAIT qwen3_1.7b jid=3477608_2 state=PENDING
[2026-09-06T11:03:25+08:00] WAIT qwen3_1.7b jid=3477608_3 state=PENDING
[2026-09-06T11:03:25+08:00] WAIT qwen3_1.7b jid=3477608_4 state=PENDING
[2026-09-06T11:03:25+08:00] WAIT qwen3_1.7b jid=3477608_5 state=PENDING
[2026-09-06T11:03:25+08:00] WAIT qwen3_1.7b jid=3477608_6 state=PENDING
[2026-09-06T11:03:25+08:00] WAIT olmo3_7b_think jid=3477609_0 state=PENDING
[2026-09-06T11:03:25+08:00] WAIT olmo3_7b_think jid=3477609_1 state=PENDING
[2026-09-06T11:03:25+08:00] WAIT olmo3_7b_think jid=3477609_2 state=PENDING
[2026-09-06T11:03:25+08:00] WAIT olmo3_7b_think jid=3477609_3 state=PENDING
[2026-09-06T11:03:25+08:00] WAIT olmo3_7b_think jid=3477609_4 state=PENDING
[2026-09-06T11:03:25+08:00] WAIT olmo3_7b_think jid=3477609_5 state=PENDING
[2026-09-06T11:03:25+08:00] WAIT olmo3_7b_think jid=3477609_6 state=PENDING
[2026-09-06T11:03:25+08:00] progress done=0/37 pending=37 failed=0
[2026-09-06T11:05:25+08:00] WAIT qwen3_1.7b jid=3477428 state=PENDING
[2026-09-06T11:05:25+08:00] WAIT qwen3_1.7b jid=3477429 state=PENDING
[2026-09-06T11:05:25+08:00] WAIT qwen3_1.7b jid=3477430 state=PENDING
[2026-09-06T11:05:25+08:00] WAIT olmo3_7b_think jid=3477431 state=PENDING
[2026-09-06T11:05:25+08:00] WAIT olmo3_7b_think jid=3477432 state=PENDING
[2026-09-06T11:05:25+08:00] WAIT olmo3_7b_think jid=3477433 state=PENDING
[2026-09-06T11:05:25+08:00] WAIT qwen3_4b_instruct jid=3477434 state=PENDING
[2026-09-06T11:05:25+08:00] WAIT qwen3_4b_instruct jid=3477435 state=PENDING
[2026-09-06T11:05:25+08:00] WAIT qwen3_4b_instruct jid=3477436 state=PENDING
[2026-09-06T11:05:25+08:00] WAIT qwen3_1.7b jid=3477606_0 state=PENDING
[2026-09-06T11:05:25+08:00] WAIT qwen3_1.7b jid=3477606_1 state=PENDING
[2026-09-06T11:05:25+08:00] WAIT qwen3_1.7b jid=3477606_2 state=PENDING
[2026-09-06T11:05:25+08:00] WAIT qwen3_1.7b jid=3477606_3 state=PENDING
[2026-09-06T11:05:25+08:00] WAIT qwen3_1.7b jid=3477606_4 state=PENDING
[2026-09-06T11:05:25+08:00] WAIT qwen3_1.7b jid=3477606_5 state=PENDING
[2026-09-06T11:05:25+08:00] WAIT qwen3_1.7b jid=3477606_6 state=PENDING
[2026-09-06T11:05:25+08:00] WAIT olmo3_7b_think jid=3477607_0 state=PENDING
[2026-09-06T11:05:25+08:00] WAIT olmo3_7b_think jid=3477607_1 state=PENDING
[2026-09-06T11:05:25+08:00] WAIT olmo3_7b_think jid=3477607_2 state=PENDING
[2026-09-06T11:05:25+08:00] WAIT olmo3_7b_think jid=3477607_3 state=PENDING
[2026-09-06T11:05:25+08:00] WAIT olmo3_7b_think jid=3477607_4 state=PENDING
[2026-09-06T11:05:25+08:00] WAIT olmo3_7b_think jid=3477607_5 state=PENDING
[2026-09-06T11:05:25+08:00] WAIT olmo3_7b_think jid=3477607_6 state=PENDING
[2026-09-06T11:05:25+08:00] WAIT qwen3_1.7b jid=3477608_0 state=PENDING
[2026-09-06T11:05:25+08:00] WAIT qwen3_1.7b jid=3477608_1 state=PENDING
[2026-09-06T11:05:25+08:00] WAIT qwen3_1.7b jid=3477608_2 state=PENDING
[2026-09-06T11:05:25+08:00] WAIT qwen3_1.7b jid=3477608_3 state=PENDING
[2026-09-06T11:05:25+08:00] WAIT qwen3_1.7b jid=3477608_4 state=PENDING
[2026-09-06T11:05:25+08:00] WAIT qwen3_1.7b jid=3477608_5 state=PENDING
[2026-09-06T11:05:25+08:00] WAIT qwen3_1.7b jid=3477608_6 state=PENDING
[2026-09-06T11:05:25+08:00] WAIT olmo3_7b_think jid=3477609_0 state=PENDING
[2026-09-06T11:05:25+08:00] WAIT olmo3_7b_think jid=3477609_1 state=PENDING
[2026-09-06T11:05:25+08:00] WAIT olmo3_7b_think jid=3477609_2 state=PENDING
[2026-09-06T11:05:25+08:00] WAIT olmo3_7b_think jid=3477609_3 state=PENDING
[2026-09-06T11:05:25+08:00] WAIT olmo3_7b_think jid=3477609_4 state=PENDING
[2026-09-06T11:05:25+08:00] WAIT olmo3_7b_think jid=3477609_5 state=PENDING
[2026-09-06T11:05:25+08:00] WAIT olmo3_7b_think jid=3477609_6 state=PENDING
[2026-09-06T11:05:25+08:00] progress done=0/37 pending=37 failed=0
[2026-09-06T11:07:25+08:00] WAIT qwen3_1.7b jid=3477428 state=PENDING
[2026-09-06T11:07:25+08:00] WAIT qwen3_1.7b jid=3477429 state=PENDING
[2026-09-06T11:07:25+08:00] WAIT qwen3_1.7b jid=3477430 state=PENDING
[2026-09-06T11:07:25+08:00] WAIT olmo3_7b_think jid=3477431 state=PENDING
[2026-09-06T11:07:25+08:00] WAIT olmo3_7b_think jid=3477432 state=PENDING
[2026-09-06T11:07:25+08:00] WAIT olmo3_7b_think jid=3477433 state=PENDING
[2026-09-06T11:07:25+08:00] WAIT qwen3_4b_instruct jid=3477434 state=PENDING
[2026-09-06T11:07:25+08:00] WAIT qwen3_4b_instruct jid=3477435 state=PENDING
[2026-09-06T11:07:25+08:00] WAIT qwen3_4b_instruct jid=3477436 state=PENDING
[2026-09-06T11:07:25+08:00] WAIT qwen3_1.7b jid=3477606_0 state=PENDING
[2026-09-06T11:07:25+08:00] WAIT qwen3_1.7b jid=3477606_1 state=PENDING
[2026-09-06T11:07:25+08:00] WAIT qwen3_1.7b jid=3477606_2 state=PENDING
[2026-09-06T11:07:25+08:00] WAIT qwen3_1.7b jid=3477606_3 state=PENDING
[2026-09-06T11:07:25+08:00] WAIT qwen3_1.7b jid=3477606_4 state=PENDING
[2026-09-06T11:07:25+08:00] WAIT qwen3_1.7b jid=3477606_5 state=PENDING
[2026-09-06T11:07:25+08:00] WAIT qwen3_1.7b jid=3477606_6 state=PENDING
[2026-09-06T11:07:25+08:00] WAIT olmo3_7b_think jid=3477607_0 state=PENDING
[2026-09-06T11:07:25+08:00] WAIT olmo3_7b_think jid=3477607_1 state=PENDING
[2026-09-06T11:07:25+08:00] WAIT olmo3_7b_think jid=3477607_2 state=PENDING
[2026-09-06T11:07:25+08:00] WAIT olmo3_7b_think jid=3477607_3 state=PENDING
[2026-09-06T11:07:25+08:00] WAIT olmo3_7b_think jid=3477607_4 state=PENDING
[2026-09-06T11:07:25+08:00] WAIT olmo3_7b_think jid=3477607_5 state=PENDING
[2026-09-06T11:07:25+08:00] WAIT olmo3_7b_think jid=3477607_6 state=PENDING
[2026-09-06T11:07:25+08:00] WAIT qwen3_1.7b jid=3477608_0 state=PENDING
[2026-09-06T11:07:25+08:00] WAIT qwen3_1.7b jid=3477608_1 state=PENDING
[2026-09-06T11:07:25+08:00] WAIT qwen3_1.7b jid=3477608_2 state=PENDING
[2026-09-06T11:07:25+08:00] WAIT qwen3_1.7b jid=3477608_3 state=PENDING
[2026-09-06T11:07:25+08:00] WAIT qwen3_1.7b jid=3477608_4 state=PENDING
[2026-09-06T11:07:25+08:00] WAIT qwen3_1.7b jid=3477608_5 state=PENDING
[2026-09-06T11:07:25+08:00] WAIT qwen3_1.7b jid=3477608_6 state=PENDING
[2026-09-06T11:07:25+08:00] WAIT olmo3_7b_think jid=3477609_0 state=PENDING
[2026-09-06T11:07:25+08:00] WAIT olmo3_7b_think jid=3477609_1 state=PENDING
[2026-09-06T11:07:25+08:00] WAIT olmo3_7b_think jid=3477609_2 state=PENDING
[2026-09-06T11:07:25+08:00] WAIT olmo3_7b_think jid=3477609_3 state=PENDING
[2026-09-06T11:07:25+08:00] WAIT olmo3_7b_think jid=3477609_4 state=PENDING
[2026-09-06T11:07:25+08:00] WAIT olmo3_7b_think jid=3477609_5 state=PENDING
[2026-09-06T11:07:25+08:00] WAIT olmo3_7b_think jid=3477609_6 state=PENDING
[2026-09-06T11:07:25+08:00] progress done=0/37 pending=37 failed=0
[2026-09-06T11:09:26+08:00] WAIT qwen3_1.7b jid=3477428 state=PENDING
[2026-09-06T11:09:26+08:00] WAIT qwen3_1.7b jid=3477429 state=PENDING
[2026-09-06T11:09:26+08:00] WAIT qwen3_1.7b jid=3477430 state=PENDING
[2026-09-06T11:09:26+08:00] WAIT olmo3_7b_think jid=3477431 state=PENDING
[2026-09-06T11:09:26+08:00] WAIT olmo3_7b_think jid=3477432 state=PENDING
[2026-09-06T11:09:26+08:00] WAIT olmo3_7b_think jid=3477433 state=PENDING
[2026-09-06T11:09:26+08:00] WAIT qwen3_4b_instruct jid=3477434 state=PENDING
[2026-09-06T11:09:26+08:00] WAIT qwen3_4b_instruct jid=3477435 state=PENDING
[2026-09-06T11:09:26+08:00] WAIT qwen3_4b_instruct jid=3477436 state=PENDING
[2026-09-06T11:09:26+08:00] WAIT qwen3_1.7b jid=3477606_0 state=PENDING
[2026-09-06T11:09:26+08:00] WAIT qwen3_1.7b jid=3477606_1 state=PENDING
[2026-09-06T11:09:26+08:00] WAIT qwen3_1.7b jid=3477606_2 state=PENDING
[2026-09-06T11:09:26+08:00] WAIT qwen3_1.7b jid=3477606_3 state=PENDING
[2026-09-06T11:09:26+08:00] WAIT qwen3_1.7b jid=3477606_4 state=PENDING
[2026-09-06T11:09:26+08:00] WAIT qwen3_1.7b jid=3477606_5 state=PENDING
[2026-09-06T11:09:26+08:00] WAIT qwen3_1.7b jid=3477606_6 state=PENDING
[2026-09-06T11:09:26+08:00] WAIT olmo3_7b_think jid=3477607_0 state=PENDING
[2026-09-06T11:09:26+08:00] WAIT olmo3_7b_think jid=3477607_1 state=PENDING
[2026-09-06T11:09:26+08:00] WAIT olmo3_7b_think jid=3477607_2 state=PENDING
[2026-09-06T11:09:26+08:00] WAIT olmo3_7b_think jid=3477607_3 state=PENDING
[2026-09-06T11:09:26+08:00] WAIT olmo3_7b_think jid=3477607_4 state=PENDING
[2026-09-06T11:09:26+08:00] WAIT olmo3_7b_think jid=3477607_5 state=PENDING
[2026-09-06T11:09:26+08:00] WAIT olmo3_7b_think jid=3477607_6 state=PENDING
[2026-09-06T11:09:26+08:00] WAIT qwen3_1.7b jid=3477608_0 state=PENDING
[2026-09-06T11:09:26+08:00] WAIT qwen3_1.7b jid=3477608_1 state=PENDING
[2026-09-06T11:09:26+08:00] WAIT qwen3_1.7b jid=3477608_2 state=PENDING
[2026-09-06T11:09:26+08:00] WAIT qwen3_1.7b jid=3477608_3 state=PENDING
[2026-09-06T11:09:26+08:00] WAIT qwen3_1.7b jid=3477608_4 state=PENDING
[2026-09-06T11:09:26+08:00] WAIT qwen3_1.7b jid=3477608_5 state=PENDING
[2026-09-06T11:09:26+08:00] WAIT qwen3_1.7b jid=3477608_6 state=PENDING
[2026-09-06T11:09:26+08:00] WAIT olmo3_7b_think jid=3477609_0 state=PENDING
[2026-09-06T11:09:26+08:00] WAIT olmo3_7b_think jid=3477609_1 state=PENDING
[2026-09-06T11:09:26+08:00] WAIT olmo3_7b_think jid=3477609_2 state=PENDING
[2026-09-06T11:09:26+08:00] WAIT olmo3_7b_think jid=3477609_3 state=PENDING
[2026-09-06T11:09:26+08:00] WAIT olmo3_7b_think jid=3477609_4 state=PENDING
[2026-09-06T11:09:26+08:00] WAIT olmo3_7b_think jid=3477609_5 state=PENDING
[2026-09-06T11:09:26+08:00] WAIT olmo3_7b_think jid=3477609_6 state=PENDING
[2026-09-06T11:09:26+08:00] progress done=0/37 pending=37 failed=0
[2026-09-06T11:11:26+08:00] WAIT qwen3_1.7b jid=3477428 state=PENDING
[2026-09-06T11:11:26+08:00] WAIT qwen3_1.7b jid=3477429 state=PENDING
[2026-09-06T11:11:26+08:00] WAIT qwen3_1.7b jid=3477430 state=PENDING
[2026-09-06T11:11:26+08:00] WAIT olmo3_7b_think jid=3477431 state=PENDING
[2026-09-06T11:11:26+08:00] WAIT olmo3_7b_think jid=3477432 state=PENDING
[2026-09-06T11:11:26+08:00] WAIT olmo3_7b_think jid=3477433 state=PENDING
[2026-09-06T11:11:26+08:00] WAIT qwen3_4b_instruct jid=3477434 state=PENDING
[2026-09-06T11:11:26+08:00] WAIT qwen3_4b_instruct jid=3477435 state=PENDING
[2026-09-06T11:11:26+08:00] WAIT qwen3_4b_instruct jid=3477436 state=PENDING
[2026-09-06T11:11:26+08:00] WAIT qwen3_1.7b jid=3477606_0 state=PENDING
[2026-09-06T11:11:26+08:00] WAIT qwen3_1.7b jid=3477606_1 state=PENDING
[2026-09-06T11:11:26+08:00] WAIT qwen3_1.7b jid=3477606_2 state=PENDING
[2026-09-06T11:11:26+08:00] WAIT qwen3_1.7b jid=3477606_3 state=PENDING
[2026-09-06T11:11:26+08:00] WAIT qwen3_1.7b jid=3477606_4 state=PENDING
[2026-09-06T11:11:26+08:00] WAIT qwen3_1.7b jid=3477606_5 state=PENDING
[2026-09-06T11:11:26+08:00] WAIT qwen3_1.7b jid=3477606_6 state=PENDING
[2026-09-06T11:11:26+08:00] WAIT olmo3_7b_think jid=3477607_0 state=PENDING
[2026-09-06T11:11:26+08:00] WAIT olmo3_7b_think jid=3477607_1 state=PENDING
[2026-09-06T11:11:26+08:00] WAIT olmo3_7b_think jid=3477607_2 state=PENDING
[2026-09-06T11:11:26+08:00] WAIT olmo3_7b_think jid=3477607_3 state=PENDING
[2026-09-06T11:11:26+08:00] WAIT olmo3_7b_think jid=3477607_4 state=PENDING
[2026-09-06T11:11:26+08:00] WAIT olmo3_7b_think jid=3477607_5 state=PENDING
[2026-09-06T11:11:26+08:00] WAIT olmo3_7b_think jid=3477607_6 state=PENDING
[2026-09-06T11:11:26+08:00] WAIT qwen3_1.7b jid=3477608_0 state=PENDING
[2026-09-06T11:11:26+08:00] WAIT qwen3_1.7b jid=3477608_1 state=PENDING
[2026-09-06T11:11:26+08:00] WAIT qwen3_1.7b jid=3477608_2 state=PENDING
[2026-09-06T11:11:26+08:00] WAIT qwen3_1.7b jid=3477608_3 state=PENDING
[2026-09-06T11:11:26+08:00] WAIT qwen3_1.7b jid=3477608_4 state=PENDING
[2026-09-06T11:11:26+08:00] WAIT qwen3_1.7b jid=3477608_5 state=PENDING
[2026-09-06T11:11:26+08:00] WAIT qwen3_1.7b jid=3477608_6 state=PENDING
[2026-09-06T11:11:26+08:00] WAIT olmo3_7b_think jid=3477609_0 state=PENDING
[2026-09-06T11:11:26+08:00] WAIT olmo3_7b_think jid=3477609_1 state=PENDING
[2026-09-06T11:11:26+08:00] WAIT olmo3_7b_think jid=3477609_2 state=PENDING
[2026-09-06T11:11:26+08:00] WAIT olmo3_7b_think jid=3477609_3 state=PENDING
[2026-09-06T11:11:26+08:00] WAIT olmo3_7b_think jid=3477609_4 state=PENDING
[2026-09-06T11:11:26+08:00] WAIT olmo3_7b_think jid=3477609_5 state=PENDING
[2026-09-06T11:11:26+08:00] WAIT olmo3_7b_think jid=3477609_6 state=PENDING
[2026-09-06T11:11:26+08:00] progress done=0/37 pending=37 failed=0
[2026-09-06T11:13:26+08:00] WAIT qwen3_1.7b jid=3477428 state=PENDING
[2026-09-06T11:13:26+08:00] WAIT qwen3_1.7b jid=3477429 state=PENDING
[2026-09-06T11:13:26+08:00] WAIT qwen3_1.7b jid=3477430 state=PENDING
[2026-09-06T11:13:26+08:00] WAIT olmo3_7b_think jid=3477431 state=PENDING
[2026-09-06T11:13:26+08:00] WAIT olmo3_7b_think jid=3477432 state=PENDING
[2026-09-06T11:13:26+08:00] WAIT olmo3_7b_think jid=3477433 state=PENDING
[2026-09-06T11:13:26+08:00] WAIT qwen3_4b_instruct jid=3477434 state=PENDING
[2026-09-06T11:13:26+08:00] WAIT qwen3_4b_instruct jid=3477435 state=PENDING
[2026-09-06T11:13:26+08:00] WAIT qwen3_4b_instruct jid=3477436 state=PENDING
[2026-09-06T11:13:26+08:00] WAIT qwen3_1.7b jid=3477606_0 state=PENDING
[2026-09-06T11:13:26+08:00] WAIT qwen3_1.7b jid=3477606_1 state=PENDING
[2026-09-06T11:13:26+08:00] WAIT qwen3_1.7b jid=3477606_2 state=PENDING
[2026-09-06T11:13:26+08:00] WAIT qwen3_1.7b jid=3477606_3 state=PENDING
[2026-09-06T11:13:26+08:00] WAIT qwen3_1.7b jid=3477606_4 state=PENDING
[2026-09-06T11:13:26+08:00] WAIT qwen3_1.7b jid=3477606_5 state=PENDING
[2026-09-06T11:13:26+08:00] WAIT qwen3_1.7b jid=3477606_6 state=PENDING
[2026-09-06T11:13:26+08:00] WAIT olmo3_7b_think jid=3477607_0 state=PENDING
[2026-09-06T11:13:26+08:00] WAIT olmo3_7b_think jid=3477607_1 state=PENDING
[2026-09-06T11:13:26+08:00] WAIT olmo3_7b_think jid=3477607_2 state=PENDING
[2026-09-06T11:13:26+08:00] WAIT olmo3_7b_think jid=3477607_3 state=PENDING
[2026-09-06T11:13:27+08:00] WAIT olmo3_7b_think jid=3477607_4 state=PENDING
[2026-09-06T11:13:27+08:00] WAIT olmo3_7b_think jid=3477607_5 state=PENDING
[2026-09-06T11:13:27+08:00] WAIT olmo3_7b_think jid=3477607_6 state=PENDING
[2026-09-06T11:13:27+08:00] WAIT qwen3_1.7b jid=3477608_0 state=PENDING
[2026-09-06T11:13:27+08:00] WAIT qwen3_1.7b jid=3477608_1 state=PENDING
[2026-09-06T11:13:27+08:00] WAIT qwen3_1.7b jid=3477608_2 state=PENDING
[2026-09-06T11:13:27+08:00] WAIT qwen3_1.7b jid=3477608_3 state=PENDING
[2026-09-06T11:13:27+08:00] WAIT qwen3_1.7b jid=3477608_4 state=PENDING
[2026-09-06T11:13:27+08:00] WAIT qwen3_1.7b jid=3477608_5 state=PENDING
[2026-09-06T11:13:27+08:00] WAIT qwen3_1.7b jid=3477608_6 state=PENDING
[2026-09-06T11:13:27+08:00] WAIT olmo3_7b_think jid=3477609_0 state=PENDING
[2026-09-06T11:13:27+08:00] WAIT olmo3_7b_think jid=3477609_1 state=PENDING
[2026-09-06T11:13:27+08:00] WAIT olmo3_7b_think jid=3477609_2 state=PENDING
[2026-09-06T11:13:27+08:00] WAIT olmo3_7b_think jid=3477609_3 state=PENDING
[2026-09-06T11:13:27+08:00] WAIT olmo3_7b_think jid=3477609_4 state=PENDING
[2026-09-06T11:13:27+08:00] WAIT olmo3_7b_think jid=3477609_5 state=PENDING
[2026-09-06T11:13:27+08:00] WAIT olmo3_7b_think jid=3477609_6 state=PENDING
[2026-09-06T11:13:27+08:00] progress done=0/37 pending=37 failed=0
[2026-09-06T11:15:27+08:00] WAIT qwen3_1.7b jid=3477428 state=PENDING
[2026-09-06T11:15:27+08:00] WAIT qwen3_1.7b jid=3477429 state=PENDING
[2026-09-06T11:15:27+08:00] WAIT qwen3_1.7b jid=3477430 state=PENDING
[2026-09-06T11:15:27+08:00] WAIT olmo3_7b_think jid=3477431 state=PENDING
[2026-09-06T11:15:27+08:00] WAIT olmo3_7b_think jid=3477432 state=PENDING
[2026-09-06T11:15:27+08:00] WAIT olmo3_7b_think jid=3477433 state=PENDING
[2026-09-06T11:15:27+08:00] WAIT qwen3_4b_instruct jid=3477434 state=PENDING
[2026-09-06T11:15:27+08:00] WAIT qwen3_4b_instruct jid=3477435 state=PENDING
[2026-09-06T11:15:27+08:00] WAIT qwen3_4b_instruct jid=3477436 state=PENDING
[2026-09-06T11:15:27+08:00] WAIT qwen3_1.7b jid=3477606_0 state=PENDING
[2026-09-06T11:15:27+08:00] WAIT qwen3_1.7b jid=3477606_1 state=PENDING
[2026-09-06T11:15:27+08:00] WAIT qwen3_1.7b jid=3477606_2 state=PENDING
[2026-09-06T11:15:27+08:00] WAIT qwen3_1.7b jid=3477606_3 state=PENDING
[2026-09-06T11:15:27+08:00] WAIT qwen3_1.7b jid=3477606_4 state=PENDING
[2026-09-06T11:15:27+08:00] WAIT qwen3_1.7b jid=3477606_5 state=PENDING
[2026-09-06T11:15:27+08:00] WAIT qwen3_1.7b jid=3477606_6 state=PENDING
[2026-09-06T11:15:27+08:00] WAIT olmo3_7b_think jid=3477607_0 state=PENDING
[2026-09-06T11:15:27+08:00] WAIT olmo3_7b_think jid=3477607_1 state=PENDING
[2026-09-06T11:15:27+08:00] WAIT olmo3_7b_think jid=3477607_2 state=PENDING
[2026-09-06T11:15:27+08:00] WAIT olmo3_7b_think jid=3477607_3 state=PENDING
[2026-09-06T11:15:27+08:00] WAIT olmo3_7b_think jid=3477607_4 state=PENDING
[2026-09-06T11:15:27+08:00] WAIT olmo3_7b_think jid=3477607_5 state=PENDING
[2026-09-06T11:15:27+08:00] WAIT olmo3_7b_think jid=3477607_6 state=PENDING
[2026-09-06T11:15:27+08:00] WAIT qwen3_1.7b jid=3477608_0 state=PENDING
[2026-09-06T11:15:27+08:00] WAIT qwen3_1.7b jid=3477608_1 state=PENDING
[2026-09-06T11:15:27+08:00] WAIT qwen3_1.7b jid=3477608_2 state=PENDING
[2026-09-06T11:15:27+08:00] WAIT qwen3_1.7b jid=3477608_3 state=PENDING
[2026-09-06T11:15:27+08:00] WAIT qwen3_1.7b jid=3477608_4 state=PENDING
[2026-09-06T11:15:27+08:00] WAIT qwen3_1.7b jid=3477608_5 state=PENDING
[2026-09-06T11:15:27+08:00] WAIT qwen3_1.7b jid=3477608_6 state=PENDING
[2026-09-06T11:15:27+08:00] WAIT olmo3_7b_think jid=3477609_0 state=PENDING
[2026-09-06T11:15:27+08:00] WAIT olmo3_7b_think jid=3477609_1 state=PENDING
[2026-09-06T11:15:27+08:00] WAIT olmo3_7b_think jid=3477609_2 state=PENDING
[2026-09-06T11:15:27+08:00] WAIT olmo3_7b_think jid=3477609_3 state=PENDING
[2026-09-06T11:15:27+08:00] WAIT olmo3_7b_think jid=3477609_4 state=PENDING
[2026-09-06T11:15:27+08:00] WAIT olmo3_7b_think jid=3477609_5 state=PENDING
[2026-09-06T11:15:27+08:00] WAIT olmo3_7b_think jid=3477609_6 state=PENDING
[2026-09-06T11:15:27+08:00] progress done=0/37 pending=37 failed=0
[2026-09-06T11:17:27+08:00] WAIT qwen3_1.7b jid=3477428 state=PENDING
[2026-09-06T11:17:27+08:00] WAIT qwen3_1.7b jid=3477429 state=PENDING
[2026-09-06T11:17:27+08:00] WAIT qwen3_1.7b jid=3477430 state=PENDING
[2026-09-06T11:17:27+08:00] WAIT olmo3_7b_think jid=3477431 state=PENDING
[2026-09-06T11:17:27+08:00] WAIT olmo3_7b_think jid=3477432 state=PENDING
[2026-09-06T11:17:27+08:00] WAIT olmo3_7b_think jid=3477433 state=PENDING
[2026-09-06T11:17:27+08:00] WAIT qwen3_4b_instruct jid=3477434 state=PENDING
[2026-09-06T11:17:27+08:00] WAIT qwen3_4b_instruct jid=3477435 state=PENDING
[2026-09-06T11:17:27+08:00] WAIT qwen3_4b_instruct jid=3477436 state=PENDING
[2026-09-06T11:17:27+08:00] WAIT qwen3_1.7b jid=3477606_0 state=PENDING
[2026-09-06T11:17:27+08:00] WAIT qwen3_1.7b jid=3477606_1 state=PENDING
[2026-09-06T11:17:27+08:00] WAIT qwen3_1.7b jid=3477606_2 state=PENDING
[2026-09-06T11:17:27+08:00] WAIT qwen3_1.7b jid=3477606_3 state=PENDING
[2026-09-06T11:17:27+08:00] WAIT qwen3_1.7b jid=3477606_4 state=PENDING
[2026-09-06T11:17:27+08:00] WAIT qwen3_1.7b jid=3477606_5 state=PENDING
[2026-09-06T11:17:27+08:00] WAIT qwen3_1.7b jid=3477606_6 state=PENDING
[2026-09-06T11:17:27+08:00] WAIT olmo3_7b_think jid=3477607_0 state=PENDING
[2026-09-06T11:17:27+08:00] WAIT olmo3_7b_think jid=3477607_1 state=PENDING
[2026-09-06T11:17:27+08:00] WAIT olmo3_7b_think jid=3477607_2 state=PENDING
[2026-09-06T11:17:27+08:00] WAIT olmo3_7b_think jid=3477607_3 state=PENDING
[2026-09-06T11:17:27+08:00] WAIT olmo3_7b_think jid=3477607_4 state=PENDING
[2026-09-06T11:17:27+08:00] WAIT olmo3_7b_think jid=3477607_5 state=PENDING
[2026-09-06T11:17:27+08:00] WAIT olmo3_7b_think jid=3477607_6 state=PENDING
[2026-09-06T11:17:27+08:00] WAIT qwen3_1.7b jid=3477608_0 state=PENDING
[2026-09-06T11:17:27+08:00] WAIT qwen3_1.7b jid=3477608_1 state=PENDING
[2026-09-06T11:17:27+08:00] WAIT qwen3_1.7b jid=3477608_2 state=PENDING
[2026-09-06T11:17:27+08:00] WAIT qwen3_1.7b jid=3477608_3 state=PENDING
[2026-09-06T11:17:27+08:00] WAIT qwen3_1.7b jid=3477608_4 state=PENDING
[2026-09-06T11:17:27+08:00] WAIT qwen3_1.7b jid=3477608_5 state=PENDING
[2026-09-06T11:17:27+08:00] WAIT qwen3_1.7b jid=3477608_6 state=PENDING
[2026-09-06T11:17:27+08:00] WAIT olmo3_7b_think jid=3477609_0 state=PENDING
[2026-09-06T11:17:27+08:00] WAIT olmo3_7b_think jid=3477609_1 state=PENDING
[2026-09-06T11:17:27+08:00] WAIT olmo3_7b_think jid=3477609_2 state=PENDING
[2026-09-06T11:17:27+08:00] WAIT olmo3_7b_think jid=3477609_3 state=PENDING
[2026-09-06T11:17:27+08:00] WAIT olmo3_7b_think jid=3477609_4 state=PENDING
[2026-09-06T11:17:27+08:00] WAIT olmo3_7b_think jid=3477609_5 state=PENDING
[2026-09-06T11:17:27+08:00] WAIT olmo3_7b_think jid=3477609_6 state=PENDING
[2026-09-06T11:17:27+08:00] progress done=0/37 pending=37 failed=0
[2026-09-06T11:19:27+08:00] WAIT qwen3_1.7b jid=3477428 state=PENDING
[2026-09-06T11:19:27+08:00] WAIT qwen3_1.7b jid=3477429 state=PENDING
[2026-09-06T11:19:27+08:00] WAIT qwen3_1.7b jid=3477430 state=PENDING
[2026-09-06T11:19:27+08:00] WAIT olmo3_7b_think jid=3477431 state=PENDING
[2026-09-06T11:19:28+08:00] WAIT olmo3_7b_think jid=3477432 state=PENDING
[2026-09-06T11:19:28+08:00] WAIT olmo3_7b_think jid=3477433 state=PENDING
[2026-09-06T11:19:28+08:00] WAIT qwen3_4b_instruct jid=3477434 state=PENDING
[2026-09-06T11:19:28+08:00] WAIT qwen3_4b_instruct jid=3477435 state=PENDING
[2026-09-06T11:19:28+08:00] WAIT qwen3_4b_instruct jid=3477436 state=PENDING
[2026-09-06T11:19:28+08:00] WAIT qwen3_1.7b jid=3477606_0 state=PENDING
[2026-09-06T11:19:28+08:00] WAIT qwen3_1.7b jid=3477606_1 state=PENDING
[2026-09-06T11:19:28+08:00] WAIT qwen3_1.7b jid=3477606_2 state=PENDING
[2026-09-06T11:19:28+08:00] WAIT qwen3_1.7b jid=3477606_3 state=PENDING
[2026-09-06T11:19:28+08:00] WAIT qwen3_1.7b jid=3477606_4 state=PENDING
[2026-09-06T11:19:28+08:00] WAIT qwen3_1.7b jid=3477606_5 state=PENDING
[2026-09-06T11:19:28+08:00] WAIT qwen3_1.7b jid=3477606_6 state=PENDING
[2026-09-06T11:19:28+08:00] WAIT olmo3_7b_think jid=3477607_0 state=PENDING
[2026-09-06T11:19:28+08:00] WAIT olmo3_7b_think jid=3477607_1 state=PENDING
[2026-09-06T11:19:28+08:00] WAIT olmo3_7b_think jid=3477607_2 state=PENDING
[2026-09-06T11:19:28+08:00] WAIT olmo3_7b_think jid=3477607_3 state=PENDING
[2026-09-06T11:19:28+08:00] WAIT olmo3_7b_think jid=3477607_4 state=PENDING
[2026-09-06T11:19:28+08:00] WAIT olmo3_7b_think jid=3477607_5 state=PENDING
[2026-09-06T11:19:28+08:00] WAIT olmo3_7b_think jid=3477607_6 state=PENDING
[2026-09-06T11:19:28+08:00] WAIT qwen3_1.7b jid=3477608_0 state=PENDING
[2026-09-06T11:19:28+08:00] WAIT qwen3_1.7b jid=3477608_1 state=PENDING
[2026-09-06T11:19:28+08:00] WAIT qwen3_1.7b jid=3477608_2 state=PENDING
[2026-09-06T11:19:28+08:00] WAIT qwen3_1.7b jid=3477608_3 state=PENDING
[2026-09-06T11:19:28+08:00] WAIT qwen3_1.7b jid=3477608_4 state=PENDING
[2026-09-06T11:19:28+08:00] WAIT qwen3_1.7b jid=3477608_5 state=PENDING
[2026-09-06T11:19:28+08:00] WAIT qwen3_1.7b jid=3477608_6 state=PENDING
[2026-09-06T11:19:28+08:00] WAIT olmo3_7b_think jid=3477609_0 state=PENDING
[2026-09-06T11:19:28+08:00] WAIT olmo3_7b_think jid=3477609_1 state=PENDING
[2026-09-06T11:19:28+08:00] WAIT olmo3_7b_think jid=3477609_2 state=PENDING
[2026-09-06T11:19:28+08:00] WAIT olmo3_7b_think jid=3477609_3 state=PENDING
[2026-09-06T11:19:28+08:00] WAIT olmo3_7b_think jid=3477609_4 state=PENDING
[2026-09-06T11:19:28+08:00] WAIT olmo3_7b_think jid=3477609_5 state=PENDING
[2026-09-06T11:19:28+08:00] WAIT olmo3_7b_think jid=3477609_6 state=PENDING
[2026-09-06T11:19:28+08:00] progress done=0/37 pending=37 failed=0
[2026-09-06T11:21:28+08:00] WAIT qwen3_1.7b jid=3477428 state=PENDING
[2026-09-06T11:21:28+08:00] WAIT qwen3_1.7b jid=3477429 state=PENDING
[2026-09-06T11:21:28+08:00] WAIT qwen3_1.7b jid=3477430 state=PENDING
[2026-09-06T11:21:28+08:00] WAIT olmo3_7b_think jid=3477431 state=PENDING
[2026-09-06T11:21:28+08:00] WAIT olmo3_7b_think jid=3477432 state=PENDING
[2026-09-06T11:21:28+08:00] WAIT olmo3_7b_think jid=3477433 state=PENDING
[2026-09-06T11:21:28+08:00] WAIT qwen3_4b_instruct jid=3477434 state=PENDING
[2026-09-06T11:21:28+08:00] WAIT qwen3_4b_instruct jid=3477435 state=PENDING
[2026-09-06T11:21:28+08:00] WAIT qwen3_4b_instruct jid=3477436 state=PENDING
[2026-09-06T11:21:28+08:00] WAIT qwen3_1.7b jid=3477606_0 state=PENDING
[2026-09-06T11:21:28+08:00] WAIT qwen3_1.7b jid=3477606_1 state=PENDING
[2026-09-06T11:21:28+08:00] WAIT qwen3_1.7b jid=3477606_2 state=PENDING
[2026-09-06T11:21:28+08:00] WAIT qwen3_1.7b jid=3477606_3 state=PENDING
[2026-09-06T11:21:28+08:00] WAIT qwen3_1.7b jid=3477606_4 state=PENDING
[2026-09-06T11:21:28+08:00] WAIT qwen3_1.7b jid=3477606_5 state=PENDING
[2026-09-06T11:21:28+08:00] WAIT qwen3_1.7b jid=3477606_6 state=PENDING
[2026-09-06T11:21:28+08:00] WAIT olmo3_7b_think jid=3477607_0 state=PENDING
[2026-09-06T11:21:28+08:00] WAIT olmo3_7b_think jid=3477607_1 state=PENDING
[2026-09-06T11:21:28+08:00] WAIT olmo3_7b_think jid=3477607_2 state=PENDING
[2026-09-06T11:21:28+08:00] WAIT olmo3_7b_think jid=3477607_3 state=PENDING
[2026-09-06T11:21:28+08:00] WAIT olmo3_7b_think jid=3477607_4 state=PENDING
[2026-09-06T11:21:28+08:00] WAIT olmo3_7b_think jid=3477607_5 state=PENDING
[2026-09-06T11:21:28+08:00] WAIT olmo3_7b_think jid=3477607_6 state=PENDING
[2026-09-06T11:21:28+08:00] WAIT qwen3_1.7b jid=3477608_0 state=PENDING
[2026-09-06T11:21:28+08:00] WAIT qwen3_1.7b jid=3477608_1 state=PENDING
[2026-09-06T11:21:28+08:00] WAIT qwen3_1.7b jid=3477608_2 state=PENDING
[2026-09-06T11:21:28+08:00] WAIT qwen3_1.7b jid=3477608_3 state=PENDING
[2026-09-06T11:21:28+08:00] WAIT qwen3_1.7b jid=3477608_4 state=PENDING
[2026-09-06T11:21:28+08:00] WAIT qwen3_1.7b jid=3477608_5 state=PENDING
[2026-09-06T11:21:28+08:00] WAIT qwen3_1.7b jid=3477608_6 state=PENDING
[2026-09-06T11:21:28+08:00] WAIT olmo3_7b_think jid=3477609_0 state=PENDING
[2026-09-06T11:21:28+08:00] WAIT olmo3_7b_think jid=3477609_1 state=PENDING
[2026-09-06T11:21:28+08:00] WAIT olmo3_7b_think jid=3477609_2 state=PENDING
[2026-09-06T11:21:28+08:00] WAIT olmo3_7b_think jid=3477609_3 state=PENDING
[2026-09-06T11:21:28+08:00] WAIT olmo3_7b_think jid=3477609_4 state=PENDING
[2026-09-06T11:21:28+08:00] WAIT olmo3_7b_think jid=3477609_5 state=PENDING
[2026-09-06T11:21:28+08:00] WAIT olmo3_7b_think jid=3477609_6 state=PENDING
[2026-09-06T11:21:28+08:00] progress done=0/37 pending=37 failed=0
[2026-09-06T11:23:28+08:00] WAIT qwen3_1.7b jid=3477428 state=PENDING
[2026-09-06T11:23:28+08:00] WAIT qwen3_1.7b jid=3477429 state=PENDING
[2026-09-06T11:23:28+08:00] WAIT qwen3_1.7b jid=3477430 state=PENDING
[2026-09-06T11:23:28+08:00] WAIT olmo3_7b_think jid=3477431 state=PENDING
[2026-09-06T11:23:28+08:00] WAIT olmo3_7b_think jid=3477432 state=PENDING
[2026-09-06T11:23:28+08:00] WAIT olmo3_7b_think jid=3477433 state=PENDING
[2026-09-06T11:23:28+08:00] WAIT qwen3_4b_instruct jid=3477434 state=PENDING
[2026-09-06T11:23:28+08:00] WAIT qwen3_4b_instruct jid=3477435 state=PENDING
[2026-09-06T11:23:28+08:00] WAIT qwen3_4b_instruct jid=3477436 state=PENDING
[2026-09-06T11:23:28+08:00] WAIT qwen3_1.7b jid=3477606_0 state=PENDING
[2026-09-06T11:23:28+08:00] WAIT qwen3_1.7b jid=3477606_1 state=PENDING
[2026-09-06T11:23:28+08:00] WAIT qwen3_1.7b jid=3477606_2 state=PENDING
[2026-09-06T11:23:28+08:00] WAIT qwen3_1.7b jid=3477606_3 state=PENDING
[2026-09-06T11:23:28+08:00] WAIT qwen3_1.7b jid=3477606_4 state=PENDING
[2026-09-06T11:23:28+08:00] WAIT qwen3_1.7b jid=3477606_5 state=PENDING
[2026-09-06T11:23:28+08:00] WAIT qwen3_1.7b jid=3477606_6 state=PENDING
[2026-09-06T11:23:28+08:00] WAIT olmo3_7b_think jid=3477607_0 state=PENDING
[2026-09-06T11:23:28+08:00] WAIT olmo3_7b_think jid=3477607_1 state=PENDING
[2026-09-06T11:23:28+08:00] WAIT olmo3_7b_think jid=3477607_2 state=PENDING
[2026-09-06T11:23:28+08:00] WAIT olmo3_7b_think jid=3477607_3 state=PENDING
[2026-09-06T11:23:28+08:00] WAIT olmo3_7b_think jid=3477607_4 state=PENDING
[2026-09-06T11:23:28+08:00] WAIT olmo3_7b_think jid=3477607_5 state=PENDING
[2026-09-06T11:23:28+08:00] WAIT olmo3_7b_think jid=3477607_6 state=PENDING
[2026-09-06T11:23:29+08:00] WAIT qwen3_1.7b jid=3477608_0 state=PENDING
[2026-09-06T11:23:29+08:00] WAIT qwen3_1.7b jid=3477608_1 state=PENDING
[2026-09-06T11:23:29+08:00] WAIT qwen3_1.7b jid=3477608_2 state=PENDING
[2026-09-06T11:23:29+08:00] WAIT qwen3_1.7b jid=3477608_3 state=PENDING
[2026-09-06T11:23:29+08:00] WAIT qwen3_1.7b jid=3477608_4 state=PENDING
[2026-09-06T11:23:29+08:00] WAIT qwen3_1.7b jid=3477608_5 state=PENDING
[2026-09-06T11:23:29+08:00] WAIT qwen3_1.7b jid=3477608_6 state=PENDING
[2026-09-06T11:23:29+08:00] WAIT olmo3_7b_think jid=3477609_0 state=PENDING
[2026-09-06T11:23:29+08:00] WAIT olmo3_7b_think jid=3477609_1 state=PENDING
[2026-09-06T11:23:29+08:00] WAIT olmo3_7b_think jid=3477609_2 state=PENDING
[2026-09-06T11:23:29+08:00] WAIT olmo3_7b_think jid=3477609_3 state=PENDING
[2026-09-06T11:23:29+08:00] WAIT olmo3_7b_think jid=3477609_4 state=PENDING
[2026-09-06T11:23:29+08:00] WAIT olmo3_7b_think jid=3477609_5 state=PENDING
[2026-09-06T11:23:29+08:00] WAIT olmo3_7b_think jid=3477609_6 state=PENDING
[2026-09-06T11:23:29+08:00] progress done=0/37 pending=37 failed=0
[2026-09-06T11:25:29+08:00] WAIT qwen3_1.7b jid=3477428 state=PENDING
[2026-09-06T11:25:29+08:00] WAIT qwen3_1.7b jid=3477429 state=PENDING
[2026-09-06T11:25:29+08:00] WAIT qwen3_1.7b jid=3477430 state=PENDING
[2026-09-06T11:25:29+08:00] WAIT olmo3_7b_think jid=3477431 state=PENDING
[2026-09-06T11:25:29+08:00] WAIT olmo3_7b_think jid=3477432 state=PENDING
[2026-09-06T11:25:29+08:00] WAIT olmo3_7b_think jid=3477433 state=PENDING
[2026-09-06T11:25:29+08:00] WAIT qwen3_4b_instruct jid=3477434 state=PENDING
[2026-09-06T11:25:29+08:00] WAIT qwen3_4b_instruct jid=3477435 state=PENDING
[2026-09-06T11:25:29+08:00] WAIT qwen3_4b_instruct jid=3477436 state=PENDING
[2026-09-06T11:25:29+08:00] WAIT qwen3_1.7b jid=3477606_0 state=PENDING
[2026-09-06T11:25:29+08:00] WAIT qwen3_1.7b jid=3477606_1 state=PENDING
[2026-09-06T11:25:29+08:00] WAIT qwen3_1.7b jid=3477606_2 state=PENDING
[2026-09-06T11:25:29+08:00] WAIT qwen3_1.7b jid=3477606_3 state=PENDING
[2026-09-06T11:25:29+08:00] WAIT qwen3_1.7b jid=3477606_4 state=PENDING
[2026-09-06T11:25:29+08:00] WAIT qwen3_1.7b jid=3477606_5 state=PENDING
[2026-09-06T11:25:29+08:00] WAIT qwen3_1.7b jid=3477606_6 state=PENDING
[2026-09-06T11:25:29+08:00] WAIT olmo3_7b_think jid=3477607_0 state=PENDING
[2026-09-06T11:25:29+08:00] WAIT olmo3_7b_think jid=3477607_1 state=PENDING
[2026-09-06T11:25:29+08:00] WAIT olmo3_7b_think jid=3477607_2 state=PENDING
[2026-09-06T11:25:29+08:00] WAIT olmo3_7b_think jid=3477607_3 state=PENDING
[2026-09-06T11:25:29+08:00] WAIT olmo3_7b_think jid=3477607_4 state=PENDING
[2026-09-06T11:25:29+08:00] WAIT olmo3_7b_think jid=3477607_5 state=PENDING
[2026-09-06T11:25:29+08:00] WAIT olmo3_7b_think jid=3477607_6 state=PENDING
[2026-09-06T11:25:29+08:00] WAIT qwen3_1.7b jid=3477608_0 state=PENDING
[2026-09-06T11:25:29+08:00] WAIT qwen3_1.7b jid=3477608_1 state=PENDING
[2026-09-06T11:25:29+08:00] WAIT qwen3_1.7b jid=3477608_2 state=PENDING
[2026-09-06T11:25:29+08:00] WAIT qwen3_1.7b jid=3477608_3 state=PENDING
[2026-09-06T11:25:29+08:00] WAIT qwen3_1.7b jid=3477608_4 state=PENDING
[2026-09-06T11:25:29+08:00] WAIT qwen3_1.7b jid=3477608_5 state=PENDING
[2026-09-06T11:25:29+08:00] WAIT qwen3_1.7b jid=3477608_6 state=PENDING
[2026-09-06T11:25:29+08:00] WAIT olmo3_7b_think jid=3477609_0 state=PENDING
[2026-09-06T11:25:29+08:00] WAIT olmo3_7b_think jid=3477609_1 state=PENDING
[2026-09-06T11:25:29+08:00] WAIT olmo3_7b_think jid=3477609_2 state=PENDING
[2026-09-06T11:25:29+08:00] WAIT olmo3_7b_think jid=3477609_3 state=PENDING
[2026-09-06T11:25:29+08:00] WAIT olmo3_7b_think jid=3477609_4 state=PENDING
[2026-09-06T11:25:29+08:00] WAIT olmo3_7b_think jid=3477609_5 state=PENDING
[2026-09-06T11:25:29+08:00] WAIT olmo3_7b_think jid=3477609_6 state=PENDING
[2026-09-06T11:25:29+08:00] progress done=0/37 pending=37 failed=0
[2026-09-06T11:27:29+08:00] WAIT qwen3_1.7b jid=3477428 state=PENDING
[2026-09-06T11:27:29+08:00] WAIT qwen3_1.7b jid=3477429 state=PENDING
[2026-09-06T11:27:29+08:00] WAIT qwen3_1.7b jid=3477430 state=PENDING
[2026-09-06T11:27:29+08:00] WAIT olmo3_7b_think jid=3477431 state=PENDING
[2026-09-06T11:27:29+08:00] WAIT olmo3_7b_think jid=3477432 state=PENDING
[2026-09-06T11:27:29+08:00] WAIT olmo3_7b_think jid=3477433 state=PENDING
[2026-09-06T11:27:29+08:00] WAIT qwen3_4b_instruct jid=3477434 state=PENDING
[2026-09-06T11:27:29+08:00] WAIT qwen3_4b_instruct jid=3477435 state=PENDING
[2026-09-06T11:27:29+08:00] WAIT qwen3_4b_instruct jid=3477436 state=PENDING
[2026-09-06T11:27:29+08:00] WAIT qwen3_1.7b jid=3477606_0 state=PENDING
[2026-09-06T11:27:29+08:00] WAIT qwen3_1.7b jid=3477606_1 state=PENDING
[2026-09-06T11:27:29+08:00] WAIT qwen3_1.7b jid=3477606_2 state=PENDING
[2026-09-06T11:27:29+08:00] WAIT qwen3_1.7b jid=3477606_3 state=PENDING
[2026-09-06T11:27:29+08:00] WAIT qwen3_1.7b jid=3477606_4 state=PENDING
[2026-09-06T11:27:29+08:00] WAIT qwen3_1.7b jid=3477606_5 state=PENDING
[2026-09-06T11:27:29+08:00] WAIT qwen3_1.7b jid=3477606_6 state=PENDING
[2026-09-06T11:27:29+08:00] WAIT olmo3_7b_think jid=3477607_0 state=PENDING
[2026-09-06T11:27:29+08:00] WAIT olmo3_7b_think jid=3477607_1 state=PENDING
[2026-09-06T11:27:29+08:00] WAIT olmo3_7b_think jid=3477607_2 state=PENDING
[2026-09-06T11:27:29+08:00] WAIT olmo3_7b_think jid=3477607_3 state=PENDING
[2026-09-06T11:27:29+08:00] WAIT olmo3_7b_think jid=3477607_4 state=PENDING
[2026-09-06T11:27:29+08:00] WAIT olmo3_7b_think jid=3477607_5 state=PENDING
[2026-09-06T11:27:29+08:00] WAIT olmo3_7b_think jid=3477607_6 state=PENDING
[2026-09-06T11:27:29+08:00] WAIT qwen3_1.7b jid=3477608_0 state=PENDING
[2026-09-06T11:27:29+08:00] WAIT qwen3_1.7b jid=3477608_1 state=PENDING
[2026-09-06T11:27:29+08:00] WAIT qwen3_1.7b jid=3477608_2 state=PENDING
[2026-09-06T11:27:29+08:00] WAIT qwen3_1.7b jid=3477608_3 state=PENDING
[2026-09-06T11:27:29+08:00] WAIT qwen3_1.7b jid=3477608_4 state=PENDING
[2026-09-06T11:27:29+08:00] WAIT qwen3_1.7b jid=3477608_5 state=PENDING
[2026-09-06T11:27:29+08:00] WAIT qwen3_1.7b jid=3477608_6 state=PENDING
[2026-09-06T11:27:29+08:00] WAIT olmo3_7b_think jid=3477609_0 state=PENDING
[2026-09-06T11:27:29+08:00] WAIT olmo3_7b_think jid=3477609_1 state=PENDING
[2026-09-06T11:27:29+08:00] WAIT olmo3_7b_think jid=3477609_2 state=PENDING
[2026-09-06T11:27:29+08:00] WAIT olmo3_7b_think jid=3477609_3 state=PENDING
[2026-09-06T11:27:29+08:00] WAIT olmo3_7b_think jid=3477609_4 state=PENDING
[2026-09-06T11:27:29+08:00] WAIT olmo3_7b_think jid=3477609_5 state=PENDING
[2026-09-06T11:27:29+08:00] WAIT olmo3_7b_think jid=3477609_6 state=PENDING
[2026-09-06T11:27:29+08:00] progress done=0/37 pending=37 failed=0
[2026-09-06T11:29:29+08:00] WAIT qwen3_1.7b jid=3477428 state=PENDING
[2026-09-06T11:29:29+08:00] WAIT qwen3_1.7b jid=3477429 state=PENDING
[2026-09-06T11:29:29+08:00] WAIT qwen3_1.7b jid=3477430 state=PENDING
[2026-09-06T11:29:29+08:00] WAIT olmo3_7b_think jid=3477431 state=PENDING
[2026-09-06T11:29:29+08:00] WAIT olmo3_7b_think jid=3477432 state=PENDING
[2026-09-06T11:29:29+08:00] WAIT olmo3_7b_think jid=3477433 state=PENDING
[2026-09-06T11:29:29+08:00] WAIT qwen3_4b_instruct jid=3477434 state=PENDING
[2026-09-06T11:29:29+08:00] WAIT qwen3_4b_instruct jid=3477435 state=PENDING
[2026-09-06T11:29:29+08:00] WAIT qwen3_4b_instruct jid=3477436 state=PENDING
[2026-09-06T11:29:30+08:00] WAIT qwen3_1.7b jid=3477606_0 state=PENDING
[2026-09-06T11:29:30+08:00] WAIT qwen3_1.7b jid=3477606_1 state=PENDING
[2026-09-06T11:29:30+08:00] WAIT qwen3_1.7b jid=3477606_2 state=PENDING
[2026-09-06T11:29:30+08:00] WAIT qwen3_1.7b jid=3477606_3 state=PENDING
[2026-09-06T11:29:30+08:00] WAIT qwen3_1.7b jid=3477606_4 state=PENDING
[2026-09-06T11:29:30+08:00] WAIT qwen3_1.7b jid=3477606_5 state=PENDING
[2026-09-06T11:29:30+08:00] WAIT qwen3_1.7b jid=3477606_6 state=PENDING
[2026-09-06T11:29:30+08:00] WAIT olmo3_7b_think jid=3477607_0 state=PENDING
[2026-09-06T11:29:30+08:00] WAIT olmo3_7b_think jid=3477607_1 state=PENDING
[2026-09-06T11:29:30+08:00] WAIT olmo3_7b_think jid=3477607_2 state=PENDING
[2026-09-06T11:29:30+08:00] WAIT olmo3_7b_think jid=3477607_3 state=PENDING
[2026-09-06T11:29:30+08:00] WAIT olmo3_7b_think jid=3477607_4 state=PENDING
[2026-09-06T11:29:30+08:00] WAIT olmo3_7b_think jid=3477607_5 state=PENDING
[2026-09-06T11:29:30+08:00] WAIT olmo3_7b_think jid=3477607_6 state=PENDING
[2026-09-06T11:29:30+08:00] WAIT qwen3_1.7b jid=3477608_0 state=PENDING
[2026-09-06T11:29:30+08:00] WAIT qwen3_1.7b jid=3477608_1 state=PENDING
[2026-09-06T11:29:30+08:00] WAIT qwen3_1.7b jid=3477608_2 state=PENDING
[2026-09-06T11:29:30+08:00] WAIT qwen3_1.7b jid=3477608_3 state=PENDING
[2026-09-06T11:29:30+08:00] WAIT qwen3_1.7b jid=3477608_4 state=PENDING
[2026-09-06T11:29:30+08:00] WAIT qwen3_1.7b jid=3477608_5 state=PENDING
[2026-09-06T11:29:30+08:00] WAIT qwen3_1.7b jid=3477608_6 state=PENDING
[2026-09-06T11:29:30+08:00] WAIT olmo3_7b_think jid=3477609_0 state=PENDING
[2026-09-06T11:29:30+08:00] WAIT olmo3_7b_think jid=3477609_1 state=PENDING
[2026-09-06T11:29:30+08:00] WAIT olmo3_7b_think jid=3477609_2 state=PENDING
[2026-09-06T11:29:30+08:00] WAIT olmo3_7b_think jid=3477609_3 state=PENDING
[2026-09-06T11:29:30+08:00] WAIT olmo3_7b_think jid=3477609_4 state=PENDING
[2026-09-06T11:29:30+08:00] WAIT olmo3_7b_think jid=3477609_5 state=PENDING
[2026-09-06T11:29:30+08:00] WAIT olmo3_7b_think jid=3477609_6 state=PENDING
[2026-09-06T11:29:30+08:00] progress done=0/37 pending=37 failed=0
[2026-09-06T11:31:30+08:00] WAIT qwen3_1.7b jid=3477428 state=PENDING
[2026-09-06T11:31:30+08:00] WAIT qwen3_1.7b jid=3477429 state=PENDING
[2026-09-06T11:31:30+08:00] WAIT qwen3_1.7b jid=3477430 state=PENDING
[2026-09-06T11:31:30+08:00] WAIT olmo3_7b_think jid=3477431 state=PENDING
[2026-09-06T11:31:30+08:00] WAIT olmo3_7b_think jid=3477432 state=PENDING
[2026-09-06T11:31:30+08:00] WAIT olmo3_7b_think jid=3477433 state=PENDING
[2026-09-06T11:31:30+08:00] WAIT qwen3_4b_instruct jid=3477434 state=PENDING
[2026-09-06T11:31:30+08:00] WAIT qwen3_4b_instruct jid=3477435 state=PENDING
[2026-09-06T11:31:30+08:00] WAIT qwen3_4b_instruct jid=3477436 state=PENDING
[2026-09-06T11:31:30+08:00] WAIT qwen3_1.7b jid=3477606_0 state=PENDING
[2026-09-06T11:31:30+08:00] WAIT qwen3_1.7b jid=3477606_1 state=PENDING
[2026-09-06T11:31:30+08:00] WAIT qwen3_1.7b jid=3477606_2 state=PENDING
[2026-09-06T11:31:30+08:00] WAIT qwen3_1.7b jid=3477606_3 state=PENDING
[2026-09-06T11:31:30+08:00] WAIT qwen3_1.7b jid=3477606_4 state=PENDING
[2026-09-06T11:31:30+08:00] WAIT qwen3_1.7b jid=3477606_5 state=PENDING
[2026-09-06T11:31:30+08:00] WAIT qwen3_1.7b jid=3477606_6 state=PENDING
[2026-09-06T11:31:30+08:00] WAIT olmo3_7b_think jid=3477607_0 state=PENDING
[2026-09-06T11:31:30+08:00] WAIT olmo3_7b_think jid=3477607_1 state=PENDING
[2026-09-06T11:31:30+08:00] WAIT olmo3_7b_think jid=3477607_2 state=PENDING
[2026-09-06T11:31:30+08:00] WAIT olmo3_7b_think jid=3477607_3 state=PENDING
[2026-09-06T11:31:30+08:00] WAIT olmo3_7b_think jid=3477607_4 state=PENDING
[2026-09-06T11:31:30+08:00] WAIT olmo3_7b_think jid=3477607_5 state=PENDING
[2026-09-06T11:31:30+08:00] WAIT olmo3_7b_think jid=3477607_6 state=PENDING
[2026-09-06T11:31:30+08:00] WAIT qwen3_1.7b jid=3477608_0 state=PENDING
[2026-09-06T11:31:30+08:00] WAIT qwen3_1.7b jid=3477608_1 state=PENDING
[2026-09-06T11:31:30+08:00] WAIT qwen3_1.7b jid=3477608_2 state=PENDING
[2026-09-06T11:31:30+08:00] WAIT qwen3_1.7b jid=3477608_3 state=PENDING
[2026-09-06T11:31:30+08:00] WAIT qwen3_1.7b jid=3477608_4 state=PENDING
[2026-09-06T11:31:30+08:00] WAIT qwen3_1.7b jid=3477608_5 state=PENDING
[2026-09-06T11:31:30+08:00] WAIT qwen3_1.7b jid=3477608_6 state=PENDING
[2026-09-06T11:31:30+08:00] WAIT olmo3_7b_think jid=3477609_0 state=PENDING
[2026-09-06T11:31:30+08:00] WAIT olmo3_7b_think jid=3477609_1 state=PENDING
[2026-09-06T11:31:30+08:00] WAIT olmo3_7b_think jid=3477609_2 state=PENDING
[2026-09-06T11:31:30+08:00] WAIT olmo3_7b_think jid=3477609_3 state=PENDING
[2026-09-06T11:31:30+08:00] WAIT olmo3_7b_think jid=3477609_4 state=PENDING
[2026-09-06T11:31:30+08:00] WAIT olmo3_7b_think jid=3477609_5 state=PENDING
[2026-09-06T11:31:30+08:00] WAIT olmo3_7b_think jid=3477609_6 state=PENDING
[2026-09-06T11:31:30+08:00] progress done=0/37 pending=37 failed=0
[2026-09-06T11:33:30+08:00] WAIT qwen3_1.7b jid=3477428 state=PENDING
[2026-09-06T11:33:30+08:00] WAIT qwen3_1.7b jid=3477429 state=PENDING
[2026-09-06T11:33:30+08:00] WAIT qwen3_1.7b jid=3477430 state=PENDING
[2026-09-06T11:33:30+08:00] WAIT olmo3_7b_think jid=3477431 state=PENDING
[2026-09-06T11:33:30+08:00] WAIT olmo3_7b_think jid=3477432 state=PENDING
[2026-09-06T11:33:30+08:00] WAIT olmo3_7b_think jid=3477433 state=PENDING
[2026-09-06T11:33:30+08:00] WAIT qwen3_4b_instruct jid=3477434 state=PENDING
[2026-09-06T11:33:30+08:00] WAIT qwen3_4b_instruct jid=3477435 state=PENDING
[2026-09-06T11:33:30+08:00] WAIT qwen3_4b_instruct jid=3477436 state=PENDING
[2026-09-06T11:33:30+08:00] WAIT qwen3_1.7b jid=3477606_0 state=PENDING
[2026-09-06T11:33:30+08:00] WAIT qwen3_1.7b jid=3477606_1 state=PENDING
[2026-09-06T11:33:30+08:00] WAIT qwen3_1.7b jid=3477606_2 state=PENDING
[2026-09-06T11:33:30+08:00] WAIT qwen3_1.7b jid=3477606_3 state=PENDING
[2026-09-06T11:33:30+08:00] WAIT qwen3_1.7b jid=3477606_4 state=PENDING
[2026-09-06T11:33:30+08:00] WAIT qwen3_1.7b jid=3477606_5 state=PENDING
[2026-09-06T11:33:30+08:00] WAIT qwen3_1.7b jid=3477606_6 state=PENDING
[2026-09-06T11:33:30+08:00] WAIT olmo3_7b_think jid=3477607_0 state=PENDING
[2026-09-06T11:33:30+08:00] WAIT olmo3_7b_think jid=3477607_1 state=PENDING
[2026-09-06T11:33:30+08:00] WAIT olmo3_7b_think jid=3477607_2 state=PENDING
[2026-09-06T11:33:30+08:00] WAIT olmo3_7b_think jid=3477607_3 state=PENDING
[2026-09-06T11:33:30+08:00] WAIT olmo3_7b_think jid=3477607_4 state=PENDING
[2026-09-06T11:33:30+08:00] WAIT olmo3_7b_think jid=3477607_5 state=PENDING
[2026-09-06T11:33:30+08:00] WAIT olmo3_7b_think jid=3477607_6 state=PENDING
[2026-09-06T11:33:30+08:00] WAIT qwen3_1.7b jid=3477608_0 state=PENDING
[2026-09-06T11:33:30+08:00] WAIT qwen3_1.7b jid=3477608_1 state=PENDING
[2026-09-06T11:33:30+08:00] WAIT qwen3_1.7b jid=3477608_2 state=PENDING
[2026-09-06T11:33:30+08:00] WAIT qwen3_1.7b jid=3477608_3 state=PENDING
[2026-09-06T11:33:30+08:00] WAIT qwen3_1.7b jid=3477608_4 state=PENDING
[2026-09-06T11:33:30+08:00] WAIT qwen3_1.7b jid=3477608_5 state=PENDING
[2026-09-06T11:33:30+08:00] WAIT qwen3_1.7b jid=3477608_6 state=PENDING
[2026-09-06T11:33:31+08:00] WAIT olmo3_7b_think jid=3477609_0 state=PENDING
[2026-09-06T11:33:31+08:00] WAIT olmo3_7b_think jid=3477609_1 state=PENDING
[2026-09-06T11:33:31+08:00] WAIT olmo3_7b_think jid=3477609_2 state=PENDING
[2026-09-06T11:33:31+08:00] WAIT olmo3_7b_think jid=3477609_3 state=PENDING
[2026-09-06T11:33:31+08:00] WAIT olmo3_7b_think jid=3477609_4 state=PENDING
[2026-09-06T11:33:31+08:00] WAIT olmo3_7b_think jid=3477609_5 state=PENDING
[2026-09-06T11:33:31+08:00] WAIT olmo3_7b_think jid=3477609_6 state=PENDING
[2026-09-06T11:33:31+08:00] progress done=0/37 pending=37 failed=0
[2026-09-06T11:35:31+08:00] WAIT qwen3_1.7b jid=3477428 state=PENDING
[2026-09-06T11:35:31+08:00] WAIT qwen3_1.7b jid=3477429 state=PENDING
[2026-09-06T11:35:31+08:00] WAIT qwen3_1.7b jid=3477430 state=PENDING
[2026-09-06T11:35:31+08:00] WAIT olmo3_7b_think jid=3477431 state=PENDING
[2026-09-06T11:35:31+08:00] WAIT olmo3_7b_think jid=3477432 state=PENDING
[2026-09-06T11:35:31+08:00] WAIT olmo3_7b_think jid=3477433 state=PENDING
[2026-09-06T11:35:31+08:00] WAIT qwen3_4b_instruct jid=3477434 state=PENDING
[2026-09-06T11:35:31+08:00] WAIT qwen3_4b_instruct jid=3477435 state=PENDING
[2026-09-06T11:35:31+08:00] WAIT qwen3_4b_instruct jid=3477436 state=PENDING
[2026-09-06T11:35:31+08:00] WAIT qwen3_1.7b jid=3477606_0 state=PENDING
[2026-09-06T11:35:31+08:00] WAIT qwen3_1.7b jid=3477606_1 state=PENDING
[2026-09-06T11:35:31+08:00] WAIT qwen3_1.7b jid=3477606_2 state=PENDING
[2026-09-06T11:35:31+08:00] WAIT qwen3_1.7b jid=3477606_3 state=PENDING
[2026-09-06T11:35:31+08:00] WAIT qwen3_1.7b jid=3477606_4 state=PENDING
[2026-09-06T11:35:31+08:00] WAIT qwen3_1.7b jid=3477606_5 state=PENDING
[2026-09-06T11:35:31+08:00] WAIT qwen3_1.7b jid=3477606_6 state=PENDING
[2026-09-06T11:35:31+08:00] WAIT olmo3_7b_think jid=3477607_0 state=PENDING
[2026-09-06T11:35:31+08:00] WAIT olmo3_7b_think jid=3477607_1 state=PENDING
[2026-09-06T11:35:31+08:00] WAIT olmo3_7b_think jid=3477607_2 state=PENDING
[2026-09-06T11:35:31+08:00] WAIT olmo3_7b_think jid=3477607_3 state=PENDING
[2026-09-06T11:35:31+08:00] WAIT olmo3_7b_think jid=3477607_4 state=PENDING
[2026-09-06T11:35:31+08:00] WAIT olmo3_7b_think jid=3477607_5 state=PENDING
[2026-09-06T11:35:31+08:00] WAIT olmo3_7b_think jid=3477607_6 state=PENDING
[2026-09-06T11:35:31+08:00] WAIT qwen3_1.7b jid=3477608_0 state=PENDING
[2026-09-06T11:35:31+08:00] WAIT qwen3_1.7b jid=3477608_1 state=PENDING
[2026-09-06T11:35:31+08:00] WAIT qwen3_1.7b jid=3477608_2 state=PENDING
[2026-09-06T11:35:31+08:00] WAIT qwen3_1.7b jid=3477608_3 state=PENDING
[2026-09-06T11:35:31+08:00] WAIT qwen3_1.7b jid=3477608_4 state=PENDING
[2026-09-06T11:35:31+08:00] WAIT qwen3_1.7b jid=3477608_5 state=PENDING
[2026-09-06T11:35:31+08:00] WAIT qwen3_1.7b jid=3477608_6 state=PENDING
[2026-09-06T11:35:31+08:00] WAIT olmo3_7b_think jid=3477609_0 state=PENDING
[2026-09-06T11:35:31+08:00] WAIT olmo3_7b_think jid=3477609_1 state=PENDING
[2026-09-06T11:35:31+08:00] WAIT olmo3_7b_think jid=3477609_2 state=PENDING
[2026-09-06T11:35:31+08:00] WAIT olmo3_7b_think jid=3477609_3 state=PENDING
[2026-09-06T11:35:31+08:00] WAIT olmo3_7b_think jid=3477609_4 state=PENDING
[2026-09-06T11:35:31+08:00] WAIT olmo3_7b_think jid=3477609_5 state=PENDING
[2026-09-06T11:35:31+08:00] WAIT olmo3_7b_think jid=3477609_6 state=PENDING
[2026-09-06T11:35:31+08:00] progress done=0/37 pending=37 failed=0
[2026-09-06T11:37:31+08:00] WAIT qwen3_1.7b jid=3477428 state=PENDING
[2026-09-06T11:37:31+08:00] WAIT qwen3_1.7b jid=3477429 state=PENDING
[2026-09-06T11:37:31+08:00] WAIT qwen3_1.7b jid=3477430 state=PENDING
[2026-09-06T11:37:31+08:00] WAIT olmo3_7b_think jid=3477431 state=PENDING
[2026-09-06T11:37:31+08:00] WAIT olmo3_7b_think jid=3477432 state=PENDING
[2026-09-06T11:37:31+08:00] WAIT olmo3_7b_think jid=3477433 state=PENDING
[2026-09-06T11:37:31+08:00] WAIT qwen3_4b_instruct jid=3477434 state=PENDING
[2026-09-06T11:37:31+08:00] WAIT qwen3_4b_instruct jid=3477435 state=PENDING
[2026-09-06T11:37:31+08:00] WAIT qwen3_4b_instruct jid=3477436 state=PENDING
[2026-09-06T11:37:31+08:00] WAIT qwen3_1.7b jid=3477606_0 state=PENDING
[2026-09-06T11:37:31+08:00] WAIT qwen3_1.7b jid=3477606_1 state=PENDING
[2026-09-06T11:37:31+08:00] WAIT qwen3_1.7b jid=3477606_2 state=PENDING
[2026-09-06T11:37:31+08:00] WAIT qwen3_1.7b jid=3477606_3 state=PENDING
[2026-09-06T11:37:31+08:00] WAIT qwen3_1.7b jid=3477606_4 state=PENDING
[2026-09-06T11:37:31+08:00] WAIT qwen3_1.7b jid=3477606_5 state=PENDING
[2026-09-06T11:37:31+08:00] WAIT qwen3_1.7b jid=3477606_6 state=PENDING
[2026-09-06T11:37:31+08:00] WAIT olmo3_7b_think jid=3477607_0 state=PENDING
[2026-09-06T11:37:31+08:00] WAIT olmo3_7b_think jid=3477607_1 state=PENDING
[2026-09-06T11:37:31+08:00] WAIT olmo3_7b_think jid=3477607_2 state=PENDING
[2026-09-06T11:37:31+08:00] WAIT olmo3_7b_think jid=3477607_3 state=PENDING
[2026-09-06T11:37:31+08:00] WAIT olmo3_7b_think jid=3477607_4 state=PENDING
[2026-09-06T11:37:31+08:00] WAIT olmo3_7b_think jid=3477607_5 state=PENDING
[2026-09-06T11:37:31+08:00] WAIT olmo3_7b_think jid=3477607_6 state=PENDING
[2026-09-06T11:37:31+08:00] WAIT qwen3_1.7b jid=3477608_0 state=PENDING
[2026-09-06T11:37:31+08:00] WAIT qwen3_1.7b jid=3477608_1 state=PENDING
[2026-09-06T11:37:31+08:00] WAIT qwen3_1.7b jid=3477608_2 state=PENDING
[2026-09-06T11:37:31+08:00] WAIT qwen3_1.7b jid=3477608_3 state=PENDING
[2026-09-06T11:37:31+08:00] WAIT qwen3_1.7b jid=3477608_4 state=PENDING
[2026-09-06T11:37:31+08:00] WAIT qwen3_1.7b jid=3477608_5 state=PENDING
[2026-09-06T11:37:31+08:00] WAIT qwen3_1.7b jid=3477608_6 state=PENDING
[2026-09-06T11:37:31+08:00] WAIT olmo3_7b_think jid=3477609_0 state=PENDING
[2026-09-06T11:37:31+08:00] WAIT olmo3_7b_think jid=3477609_1 state=PENDING
[2026-09-06T11:37:31+08:00] WAIT olmo3_7b_think jid=3477609_2 state=PENDING
[2026-09-06T11:37:31+08:00] WAIT olmo3_7b_think jid=3477609_3 state=PENDING
[2026-09-06T11:37:31+08:00] WAIT olmo3_7b_think jid=3477609_4 state=PENDING
[2026-09-06T11:37:31+08:00] WAIT olmo3_7b_think jid=3477609_5 state=PENDING
[2026-09-06T11:37:31+08:00] WAIT olmo3_7b_think jid=3477609_6 state=PENDING
[2026-09-06T11:37:31+08:00] progress done=0/37 pending=37 failed=0
[2026-09-06T11:39:31+08:00] WAIT qwen3_1.7b jid=3477428 state=PENDING
[2026-09-06T11:39:31+08:00] WAIT qwen3_1.7b jid=3477429 state=PENDING
[2026-09-06T11:39:31+08:00] WAIT qwen3_1.7b jid=3477430 state=PENDING
[2026-09-06T11:39:31+08:00] WAIT olmo3_7b_think jid=3477431 state=PENDING
[2026-09-06T11:39:31+08:00] WAIT olmo3_7b_think jid=3477432 state=PENDING
[2026-09-06T11:39:31+08:00] WAIT olmo3_7b_think jid=3477433 state=PENDING
[2026-09-06T11:39:31+08:00] WAIT qwen3_4b_instruct jid=3477434 state=PENDING
[2026-09-06T11:39:31+08:00] WAIT qwen3_4b_instruct jid=3477435 state=PENDING
[2026-09-06T11:39:31+08:00] WAIT qwen3_4b_instruct jid=3477436 state=PENDING
[2026-09-06T11:39:31+08:00] WAIT qwen3_1.7b jid=3477606_0 state=PENDING
[2026-09-06T11:39:31+08:00] WAIT qwen3_1.7b jid=3477606_1 state=PENDING
[2026-09-06T11:39:31+08:00] WAIT qwen3_1.7b jid=3477606_2 state=PENDING
[2026-09-06T11:39:31+08:00] WAIT qwen3_1.7b jid=3477606_3 state=PENDING
[2026-09-06T11:39:31+08:00] WAIT qwen3_1.7b jid=3477606_4 state=PENDING
[2026-09-06T11:39:32+08:00] WAIT qwen3_1.7b jid=3477606_5 state=PENDING
[2026-09-06T11:39:32+08:00] WAIT qwen3_1.7b jid=3477606_6 state=PENDING
[2026-09-06T11:39:32+08:00] WAIT olmo3_7b_think jid=3477607_0 state=PENDING
[2026-09-06T11:39:32+08:00] WAIT olmo3_7b_think jid=3477607_1 state=PENDING
[2026-09-06T11:39:32+08:00] WAIT olmo3_7b_think jid=3477607_2 state=PENDING
[2026-09-06T11:39:32+08:00] WAIT olmo3_7b_think jid=3477607_3 state=PENDING
[2026-09-06T11:39:32+08:00] WAIT olmo3_7b_think jid=3477607_4 state=PENDING
[2026-09-06T11:39:32+08:00] WAIT olmo3_7b_think jid=3477607_5 state=PENDING
[2026-09-06T11:39:32+08:00] WAIT olmo3_7b_think jid=3477607_6 state=PENDING
[2026-09-06T11:39:32+08:00] WAIT qwen3_1.7b jid=3477608_0 state=PENDING
[2026-09-06T11:39:32+08:00] WAIT qwen3_1.7b jid=3477608_1 state=PENDING
[2026-09-06T11:39:32+08:00] WAIT qwen3_1.7b jid=3477608_2 state=PENDING
[2026-09-06T11:39:32+08:00] WAIT qwen3_1.7b jid=3477608_3 state=PENDING
[2026-09-06T11:39:32+08:00] WAIT qwen3_1.7b jid=3477608_4 state=PENDING
[2026-09-06T11:39:32+08:00] WAIT qwen3_1.7b jid=3477608_5 state=PENDING
[2026-09-06T11:39:32+08:00] WAIT qwen3_1.7b jid=3477608_6 state=PENDING
[2026-09-06T11:39:32+08:00] WAIT olmo3_7b_think jid=3477609_0 state=PENDING
[2026-09-06T11:39:32+08:00] WAIT olmo3_7b_think jid=3477609_1 state=PENDING
[2026-09-06T11:39:32+08:00] WAIT olmo3_7b_think jid=3477609_2 state=PENDING
[2026-09-06T11:39:32+08:00] WAIT olmo3_7b_think jid=3477609_3 state=PENDING
[2026-09-06T11:39:32+08:00] WAIT olmo3_7b_think jid=3477609_4 state=PENDING
[2026-09-06T11:39:32+08:00] WAIT olmo3_7b_think jid=3477609_5 state=PENDING
[2026-09-06T11:39:32+08:00] WAIT olmo3_7b_think jid=3477609_6 state=PENDING
[2026-09-06T11:39:32+08:00] progress done=0/37 pending=37 failed=0
[2026-09-06T11:41:32+08:00] WAIT qwen3_1.7b jid=3477428 state=PENDING
[2026-09-06T11:41:32+08:00] WAIT qwen3_1.7b jid=3477429 state=PENDING
[2026-09-06T11:41:32+08:00] WAIT qwen3_1.7b jid=3477430 state=PENDING
[2026-09-06T11:41:32+08:00] WAIT olmo3_7b_think jid=3477431 state=PENDING
[2026-09-06T11:41:32+08:00] WAIT olmo3_7b_think jid=3477432 state=PENDING
[2026-09-06T11:41:32+08:00] WAIT olmo3_7b_think jid=3477433 state=PENDING
[2026-09-06T11:41:32+08:00] WAIT qwen3_4b_instruct jid=3477434 state=PENDING
[2026-09-06T11:41:32+08:00] WAIT qwen3_4b_instruct jid=3477435 state=PENDING
[2026-09-06T11:41:32+08:00] WAIT qwen3_4b_instruct jid=3477436 state=PENDING
[2026-09-06T11:41:32+08:00] WAIT qwen3_1.7b jid=3477606_0 state=PENDING
[2026-09-06T11:41:32+08:00] WAIT qwen3_1.7b jid=3477606_1 state=PENDING
[2026-09-06T11:41:32+08:00] WAIT qwen3_1.7b jid=3477606_2 state=PENDING
[2026-09-06T11:41:32+08:00] WAIT qwen3_1.7b jid=3477606_3 state=PENDING
[2026-09-06T11:41:32+08:00] WAIT qwen3_1.7b jid=3477606_4 state=PENDING
[2026-09-06T11:41:32+08:00] WAIT qwen3_1.7b jid=3477606_5 state=PENDING
[2026-09-06T11:41:32+08:00] WAIT qwen3_1.7b jid=3477606_6 state=PENDING
[2026-09-06T11:41:32+08:00] WAIT olmo3_7b_think jid=3477607_0 state=PENDING
[2026-09-06T11:41:32+08:00] WAIT olmo3_7b_think jid=3477607_1 state=PENDING
[2026-09-06T11:41:32+08:00] WAIT olmo3_7b_think jid=3477607_2 state=PENDING
[2026-09-06T11:41:32+08:00] WAIT olmo3_7b_think jid=3477607_3 state=PENDING
[2026-09-06T11:41:32+08:00] WAIT olmo3_7b_think jid=3477607_4 state=PENDING
[2026-09-06T11:41:32+08:00] WAIT olmo3_7b_think jid=3477607_5 state=PENDING
[2026-09-06T11:41:32+08:00] WAIT olmo3_7b_think jid=3477607_6 state=PENDING
[2026-09-06T11:41:32+08:00] WAIT qwen3_1.7b jid=3477608_0 state=PENDING
[2026-09-06T11:41:32+08:00] WAIT qwen3_1.7b jid=3477608_1 state=PENDING
[2026-09-06T11:41:32+08:00] WAIT qwen3_1.7b jid=3477608_2 state=PENDING
[2026-09-06T11:41:32+08:00] WAIT qwen3_1.7b jid=3477608_3 state=PENDING
[2026-09-06T11:41:32+08:00] WAIT qwen3_1.7b jid=3477608_4 state=PENDING
[2026-09-06T11:41:32+08:00] WAIT qwen3_1.7b jid=3477608_5 state=PENDING
[2026-09-06T11:41:32+08:00] WAIT qwen3_1.7b jid=3477608_6 state=PENDING
[2026-09-06T11:41:32+08:00] WAIT olmo3_7b_think jid=3477609_0 state=PENDING
[2026-09-06T11:41:32+08:00] WAIT olmo3_7b_think jid=3477609_1 state=PENDING
[2026-09-06T11:41:32+08:00] WAIT olmo3_7b_think jid=3477609_2 state=PENDING
[2026-09-06T11:41:32+08:00] WAIT olmo3_7b_think jid=3477609_3 state=PENDING
[2026-09-06T11:41:32+08:00] WAIT olmo3_7b_think jid=3477609_4 state=PENDING
[2026-09-06T11:41:32+08:00] WAIT olmo3_7b_think jid=3477609_5 state=PENDING
[2026-09-06T11:41:32+08:00] WAIT olmo3_7b_think jid=3477609_6 state=PENDING
[2026-09-06T11:41:32+08:00] progress done=0/37 pending=37 failed=0
[2026-09-06T11:43:32+08:00] WAIT qwen3_1.7b jid=3477428 state=PENDING
[2026-09-06T11:43:32+08:00] WAIT qwen3_1.7b jid=3477429 state=PENDING
[2026-09-06T11:43:32+08:00] WAIT qwen3_1.7b jid=3477430 state=PENDING
[2026-09-06T11:43:32+08:00] WAIT olmo3_7b_think jid=3477431 state=PENDING
[2026-09-06T11:43:32+08:00] WAIT olmo3_7b_think jid=3477432 state=PENDING
[2026-09-06T11:43:32+08:00] WAIT olmo3_7b_think jid=3477433 state=PENDING
[2026-09-06T11:43:32+08:00] WAIT qwen3_4b_instruct jid=3477434 state=PENDING
[2026-09-06T11:43:32+08:00] WAIT qwen3_4b_instruct jid=3477435 state=PENDING
[2026-09-06T11:43:32+08:00] WAIT qwen3_4b_instruct jid=3477436 state=PENDING
[2026-09-06T11:43:32+08:00] WAIT qwen3_1.7b jid=3477606_0 state=PENDING
[2026-09-06T11:43:32+08:00] WAIT qwen3_1.7b jid=3477606_1 state=PENDING
[2026-09-06T11:43:32+08:00] WAIT qwen3_1.7b jid=3477606_2 state=PENDING
[2026-09-06T11:43:32+08:00] WAIT qwen3_1.7b jid=3477606_3 state=PENDING
[2026-09-06T11:43:32+08:00] WAIT qwen3_1.7b jid=3477606_4 state=PENDING
[2026-09-06T11:43:32+08:00] WAIT qwen3_1.7b jid=3477606_5 state=PENDING
[2026-09-06T11:43:32+08:00] WAIT qwen3_1.7b jid=3477606_6 state=PENDING
[2026-09-06T11:43:32+08:00] WAIT olmo3_7b_think jid=3477607_0 state=PENDING
[2026-09-06T11:43:32+08:00] WAIT olmo3_7b_think jid=3477607_1 state=PENDING
[2026-09-06T11:43:32+08:00] WAIT olmo3_7b_think jid=3477607_2 state=PENDING
[2026-09-06T11:43:32+08:00] WAIT olmo3_7b_think jid=3477607_3 state=PENDING
[2026-09-06T11:43:32+08:00] WAIT olmo3_7b_think jid=3477607_4 state=PENDING
[2026-09-06T11:43:32+08:00] WAIT olmo3_7b_think jid=3477607_5 state=PENDING
[2026-09-06T11:43:32+08:00] WAIT olmo3_7b_think jid=3477607_6 state=PENDING
[2026-09-06T11:43:32+08:00] WAIT qwen3_1.7b jid=3477608_0 state=PENDING
[2026-09-06T11:43:32+08:00] WAIT qwen3_1.7b jid=3477608_1 state=PENDING
[2026-09-06T11:43:32+08:00] WAIT qwen3_1.7b jid=3477608_2 state=PENDING
[2026-09-06T11:43:32+08:00] WAIT qwen3_1.7b jid=3477608_3 state=PENDING
[2026-09-06T11:43:32+08:00] WAIT qwen3_1.7b jid=3477608_4 state=PENDING
[2026-09-06T11:43:32+08:00] WAIT qwen3_1.7b jid=3477608_5 state=PENDING
[2026-09-06T11:43:32+08:00] WAIT qwen3_1.7b jid=3477608_6 state=PENDING
[2026-09-06T11:43:32+08:00] WAIT olmo3_7b_think jid=3477609_0 state=PENDING
[2026-09-06T11:43:32+08:00] WAIT olmo3_7b_think jid=3477609_1 state=PENDING
[2026-09-06T11:43:32+08:00] WAIT olmo3_7b_think jid=3477609_2 state=PENDING
[2026-09-06T11:43:32+08:00] WAIT olmo3_7b_think jid=3477609_3 state=PENDING
[2026-09-06T11:43:32+08:00] WAIT olmo3_7b_think jid=3477609_4 state=PENDING
[2026-09-06T11:43:32+08:00] WAIT olmo3_7b_think jid=3477609_5 state=PENDING
[2026-09-06T11:43:32+08:00] WAIT olmo3_7b_think jid=3477609_6 state=PENDING
[2026-09-06T11:43:32+08:00] progress done=0/37 pending=37 failed=0
[2026-09-06T11:45:33+08:00] WAIT qwen3_1.7b jid=3477428 state=PENDING
[2026-09-06T11:45:33+08:00] WAIT qwen3_1.7b jid=3477429 state=PENDING
[2026-09-06T11:45:33+08:00] WAIT qwen3_1.7b jid=3477430 state=PENDING
[2026-09-06T11:45:33+08:00] WAIT olmo3_7b_think jid=3477431 state=PENDING
[2026-09-06T11:45:33+08:00] WAIT olmo3_7b_think jid=3477432 state=PENDING
[2026-09-06T11:45:33+08:00] WAIT olmo3_7b_think jid=3477433 state=PENDING
[2026-09-06T11:45:33+08:00] WAIT qwen3_4b_instruct jid=3477434 state=PENDING
[2026-09-06T11:45:33+08:00] WAIT qwen3_4b_instruct jid=3477435 state=PENDING
[2026-09-06T11:45:33+08:00] WAIT qwen3_4b_instruct jid=3477436 state=PENDING
[2026-09-06T11:45:33+08:00] WAIT qwen3_1.7b jid=3477606_0 state=PENDING
[2026-09-06T11:45:33+08:00] WAIT qwen3_1.7b jid=3477606_1 state=PENDING
[2026-09-06T11:45:33+08:00] WAIT qwen3_1.7b jid=3477606_2 state=PENDING
[2026-09-06T11:45:33+08:00] WAIT qwen3_1.7b jid=3477606_3 state=PENDING
[2026-09-06T11:45:33+08:00] WAIT qwen3_1.7b jid=3477606_4 state=PENDING
[2026-09-06T11:45:33+08:00] WAIT qwen3_1.7b jid=3477606_5 state=PENDING
[2026-09-06T11:45:33+08:00] WAIT qwen3_1.7b jid=3477606_6 state=PENDING
[2026-09-06T11:45:33+08:00] WAIT olmo3_7b_think jid=3477607_0 state=PENDING
[2026-09-06T11:45:33+08:00] WAIT olmo3_7b_think jid=3477607_1 state=PENDING
[2026-09-06T11:45:33+08:00] WAIT olmo3_7b_think jid=3477607_2 state=PENDING
[2026-09-06T11:45:33+08:00] WAIT olmo3_7b_think jid=3477607_3 state=PENDING
[2026-09-06T11:45:33+08:00] WAIT olmo3_7b_think jid=3477607_4 state=PENDING
[2026-09-06T11:45:33+08:00] WAIT olmo3_7b_think jid=3477607_5 state=PENDING
[2026-09-06T11:45:33+08:00] WAIT olmo3_7b_think jid=3477607_6 state=PENDING
[2026-09-06T11:45:33+08:00] WAIT qwen3_1.7b jid=3477608_0 state=PENDING
[2026-09-06T11:45:33+08:00] WAIT qwen3_1.7b jid=3477608_1 state=PENDING
[2026-09-06T11:45:33+08:00] WAIT qwen3_1.7b jid=3477608_2 state=PENDING
[2026-09-06T11:45:33+08:00] WAIT qwen3_1.7b jid=3477608_3 state=PENDING
[2026-09-06T11:45:33+08:00] WAIT qwen3_1.7b jid=3477608_4 state=PENDING
[2026-09-06T11:45:33+08:00] WAIT qwen3_1.7b jid=3477608_5 state=PENDING
[2026-09-06T11:45:33+08:00] WAIT qwen3_1.7b jid=3477608_6 state=PENDING
[2026-09-06T11:45:33+08:00] WAIT olmo3_7b_think jid=3477609_0 state=PENDING
[2026-09-06T11:45:33+08:00] WAIT olmo3_7b_think jid=3477609_1 state=PENDING
[2026-09-06T11:45:33+08:00] WAIT olmo3_7b_think jid=3477609_2 state=PENDING
[2026-09-06T11:45:33+08:00] WAIT olmo3_7b_think jid=3477609_3 state=PENDING
[2026-09-06T11:45:33+08:00] WAIT olmo3_7b_think jid=3477609_4 state=PENDING
[2026-09-06T11:45:33+08:00] WAIT olmo3_7b_think jid=3477609_5 state=PENDING
[2026-09-06T11:45:33+08:00] WAIT olmo3_7b_think jid=3477609_6 state=PENDING
[2026-09-06T11:45:33+08:00] progress done=0/37 pending=37 failed=0
[2026-09-06T11:47:33+08:00] WAIT qwen3_1.7b jid=3477428 state=PENDING
[2026-09-06T11:47:33+08:00] WAIT qwen3_1.7b jid=3477429 state=PENDING
[2026-09-06T11:47:33+08:00] WAIT qwen3_1.7b jid=3477430 state=PENDING
[2026-09-06T11:47:33+08:00] WAIT olmo3_7b_think jid=3477431 state=PENDING
[2026-09-06T11:47:33+08:00] WAIT olmo3_7b_think jid=3477432 state=PENDING
[2026-09-06T11:47:33+08:00] WAIT olmo3_7b_think jid=3477433 state=PENDING
[2026-09-06T11:47:33+08:00] WAIT qwen3_4b_instruct jid=3477434 state=PENDING
[2026-09-06T11:47:33+08:00] WAIT qwen3_4b_instruct jid=3477435 state=PENDING
[2026-09-06T11:47:33+08:00] WAIT qwen3_4b_instruct jid=3477436 state=PENDING
[2026-09-06T11:47:33+08:00] WAIT qwen3_1.7b jid=3477606_0 state=PENDING
[2026-09-06T11:47:33+08:00] WAIT qwen3_1.7b jid=3477606_1 state=PENDING
[2026-09-06T11:47:33+08:00] WAIT qwen3_1.7b jid=3477606_2 state=PENDING
[2026-09-06T11:47:33+08:00] WAIT qwen3_1.7b jid=3477606_3 state=PENDING
[2026-09-06T11:47:33+08:00] WAIT qwen3_1.7b jid=3477606_4 state=PENDING
[2026-09-06T11:47:33+08:00] WAIT qwen3_1.7b jid=3477606_5 state=PENDING
[2026-09-06T11:47:33+08:00] WAIT qwen3_1.7b jid=3477606_6 state=PENDING
[2026-09-06T11:47:33+08:00] WAIT olmo3_7b_think jid=3477607_0 state=PENDING
[2026-09-06T11:47:33+08:00] WAIT olmo3_7b_think jid=3477607_1 state=PENDING
[2026-09-06T11:47:33+08:00] WAIT olmo3_7b_think jid=3477607_2 state=PENDING
[2026-09-06T11:47:33+08:00] WAIT olmo3_7b_think jid=3477607_3 state=PENDING
[2026-09-06T11:47:33+08:00] WAIT olmo3_7b_think jid=3477607_4 state=PENDING
[2026-09-06T11:47:33+08:00] WAIT olmo3_7b_think jid=3477607_5 state=PENDING
[2026-09-06T11:47:33+08:00] WAIT olmo3_7b_think jid=3477607_6 state=PENDING
[2026-09-06T11:47:33+08:00] WAIT qwen3_1.7b jid=3477608_0 state=PENDING
[2026-09-06T11:47:33+08:00] WAIT qwen3_1.7b jid=3477608_1 state=PENDING
[2026-09-06T11:47:33+08:00] WAIT qwen3_1.7b jid=3477608_2 state=PENDING
[2026-09-06T11:47:33+08:00] WAIT qwen3_1.7b jid=3477608_3 state=PENDING
[2026-09-06T11:47:33+08:00] WAIT qwen3_1.7b jid=3477608_4 state=PENDING
[2026-09-06T11:47:33+08:00] WAIT qwen3_1.7b jid=3477608_5 state=PENDING
[2026-09-06T11:47:33+08:00] WAIT qwen3_1.7b jid=3477608_6 state=PENDING
[2026-09-06T11:47:33+08:00] WAIT olmo3_7b_think jid=3477609_0 state=PENDING
[2026-09-06T11:47:33+08:00] WAIT olmo3_7b_think jid=3477609_1 state=PENDING
[2026-09-06T11:47:33+08:00] WAIT olmo3_7b_think jid=3477609_2 state=PENDING
[2026-09-06T11:47:33+08:00] WAIT olmo3_7b_think jid=3477609_3 state=PENDING
[2026-09-06T11:47:33+08:00] WAIT olmo3_7b_think jid=3477609_4 state=PENDING
[2026-09-06T11:47:33+08:00] WAIT olmo3_7b_think jid=3477609_5 state=PENDING
[2026-09-06T11:47:33+08:00] WAIT olmo3_7b_think jid=3477609_6 state=PENDING
[2026-09-06T11:47:33+08:00] progress done=0/37 pending=37 failed=0
[2026-09-06T11:49:33+08:00] WAIT qwen3_1.7b jid=3477428 state=PENDING
[2026-09-06T11:49:33+08:00] WAIT qwen3_1.7b jid=3477429 state=PENDING
[2026-09-06T11:49:33+08:00] WAIT qwen3_1.7b jid=3477430 state=PENDING
[2026-09-06T11:49:33+08:00] WAIT olmo3_7b_think jid=3477431 state=PENDING
[2026-09-06T11:49:33+08:00] WAIT olmo3_7b_think jid=3477432 state=PENDING
[2026-09-06T11:49:33+08:00] WAIT olmo3_7b_think jid=3477433 state=PENDING
[2026-09-06T11:49:33+08:00] WAIT qwen3_4b_instruct jid=3477434 state=PENDING
[2026-09-06T11:49:33+08:00] WAIT qwen3_4b_instruct jid=3477435 state=PENDING
[2026-09-06T11:49:33+08:00] WAIT qwen3_4b_instruct jid=3477436 state=PENDING
[2026-09-06T11:49:33+08:00] WAIT qwen3_1.7b jid=3477606_0 state=PENDING
[2026-09-06T11:49:33+08:00] WAIT qwen3_1.7b jid=3477606_1 state=PENDING
[2026-09-06T11:49:33+08:00] WAIT qwen3_1.7b jid=3477606_2 state=PENDING
[2026-09-06T11:49:33+08:00] WAIT qwen3_1.7b jid=3477606_3 state=PENDING
[2026-09-06T11:49:33+08:00] WAIT qwen3_1.7b jid=3477606_4 state=PENDING
[2026-09-06T11:49:33+08:00] WAIT qwen3_1.7b jid=3477606_5 state=PENDING
[2026-09-06T11:49:33+08:00] WAIT qwen3_1.7b jid=3477606_6 state=PENDING
[2026-09-06T11:49:33+08:00] WAIT olmo3_7b_think jid=3477607_0 state=PENDING
[2026-09-06T11:49:33+08:00] WAIT olmo3_7b_think jid=3477607_1 state=PENDING
[2026-09-06T11:49:33+08:00] WAIT olmo3_7b_think jid=3477607_2 state=PENDING
[2026-09-06T11:49:33+08:00] WAIT olmo3_7b_think jid=3477607_3 state=PENDING
[2026-09-06T11:49:33+08:00] WAIT olmo3_7b_think jid=3477607_4 state=PENDING
[2026-09-06T11:49:34+08:00] WAIT olmo3_7b_think jid=3477607_5 state=PENDING
[2026-09-06T11:49:34+08:00] WAIT olmo3_7b_think jid=3477607_6 state=PENDING
[2026-09-06T11:49:34+08:00] WAIT qwen3_1.7b jid=3477608_0 state=PENDING
[2026-09-06T11:49:34+08:00] WAIT qwen3_1.7b jid=3477608_1 state=PENDING
[2026-09-06T11:49:34+08:00] WAIT qwen3_1.7b jid=3477608_2 state=PENDING
[2026-09-06T11:49:34+08:00] WAIT qwen3_1.7b jid=3477608_3 state=PENDING
[2026-09-06T11:49:34+08:00] WAIT qwen3_1.7b jid=3477608_4 state=PENDING
[2026-09-06T11:49:34+08:00] WAIT qwen3_1.7b jid=3477608_5 state=PENDING
[2026-09-06T11:49:34+08:00] WAIT qwen3_1.7b jid=3477608_6 state=PENDING
[2026-09-06T11:49:34+08:00] WAIT olmo3_7b_think jid=3477609_0 state=PENDING
[2026-09-06T11:49:34+08:00] WAIT olmo3_7b_think jid=3477609_1 state=PENDING
[2026-09-06T11:49:34+08:00] WAIT olmo3_7b_think jid=3477609_2 state=PENDING
[2026-09-06T11:49:34+08:00] WAIT olmo3_7b_think jid=3477609_3 state=PENDING
[2026-09-06T11:49:34+08:00] WAIT olmo3_7b_think jid=3477609_4 state=PENDING
[2026-09-06T11:49:34+08:00] WAIT olmo3_7b_think jid=3477609_5 state=PENDING
[2026-09-06T11:49:34+08:00] WAIT olmo3_7b_think jid=3477609_6 state=PENDING
[2026-09-06T11:49:34+08:00] progress done=0/37 pending=37 failed=0
[2026-09-06T11:51:34+08:00] WAIT qwen3_1.7b jid=3477428 state=PENDING
[2026-09-06T11:51:34+08:00] WAIT qwen3_1.7b jid=3477429 state=PENDING
[2026-09-06T11:51:34+08:00] WAIT qwen3_1.7b jid=3477430 state=PENDING
[2026-09-06T11:51:34+08:00] WAIT olmo3_7b_think jid=3477431 state=PENDING
[2026-09-06T11:51:34+08:00] WAIT olmo3_7b_think jid=3477432 state=PENDING
[2026-09-06T11:51:34+08:00] WAIT olmo3_7b_think jid=3477433 state=PENDING
[2026-09-06T11:51:34+08:00] WAIT qwen3_4b_instruct jid=3477434 state=PENDING
[2026-09-06T11:51:34+08:00] WAIT qwen3_4b_instruct jid=3477435 state=PENDING
[2026-09-06T11:51:34+08:00] WAIT qwen3_4b_instruct jid=3477436 state=PENDING
[2026-09-06T11:51:34+08:00] WAIT qwen3_1.7b jid=3477606_0 state=PENDING
[2026-09-06T11:51:34+08:00] WAIT qwen3_1.7b jid=3477606_1 state=PENDING
[2026-09-06T11:51:34+08:00] WAIT qwen3_1.7b jid=3477606_2 state=PENDING
[2026-09-06T11:51:34+08:00] WAIT qwen3_1.7b jid=3477606_3 state=PENDING
[2026-09-06T11:51:34+08:00] WAIT qwen3_1.7b jid=3477606_4 state=PENDING
[2026-09-06T11:51:34+08:00] WAIT qwen3_1.7b jid=3477606_5 state=PENDING
[2026-09-06T11:51:34+08:00] WAIT qwen3_1.7b jid=3477606_6 state=PENDING
[2026-09-06T11:51:34+08:00] WAIT olmo3_7b_think jid=3477607_0 state=PENDING
[2026-09-06T11:51:34+08:00] WAIT olmo3_7b_think jid=3477607_1 state=PENDING
[2026-09-06T11:51:34+08:00] WAIT olmo3_7b_think jid=3477607_2 state=PENDING
[2026-09-06T11:51:34+08:00] WAIT olmo3_7b_think jid=3477607_3 state=PENDING
[2026-09-06T11:51:34+08:00] WAIT olmo3_7b_think jid=3477607_4 state=PENDING
[2026-09-06T11:51:34+08:00] WAIT olmo3_7b_think jid=3477607_5 state=PENDING
[2026-09-06T11:51:34+08:00] WAIT olmo3_7b_think jid=3477607_6 state=PENDING
[2026-09-06T11:51:34+08:00] WAIT qwen3_1.7b jid=3477608_0 state=PENDING
[2026-09-06T11:51:34+08:00] WAIT qwen3_1.7b jid=3477608_1 state=PENDING
[2026-09-06T11:51:34+08:00] WAIT qwen3_1.7b jid=3477608_2 state=PENDING
[2026-09-06T11:51:34+08:00] WAIT qwen3_1.7b jid=3477608_3 state=PENDING
[2026-09-06T11:51:34+08:00] WAIT qwen3_1.7b jid=3477608_4 state=PENDING
[2026-09-06T11:51:34+08:00] WAIT qwen3_1.7b jid=3477608_5 state=PENDING
[2026-09-06T11:51:34+08:00] WAIT qwen3_1.7b jid=3477608_6 state=PENDING
[2026-09-06T11:51:34+08:00] WAIT olmo3_7b_think jid=3477609_0 state=PENDING
[2026-09-06T11:51:34+08:00] WAIT olmo3_7b_think jid=3477609_1 state=PENDING
[2026-09-06T11:51:34+08:00] WAIT olmo3_7b_think jid=3477609_2 state=PENDING
[2026-09-06T11:51:34+08:00] WAIT olmo3_7b_think jid=3477609_3 state=PENDING
[2026-09-06T11:51:34+08:00] WAIT olmo3_7b_think jid=3477609_4 state=PENDING
[2026-09-06T11:51:34+08:00] WAIT olmo3_7b_think jid=3477609_5 state=PENDING
[2026-09-06T11:51:34+08:00] WAIT olmo3_7b_think jid=3477609_6 state=PENDING
[2026-09-06T11:51:34+08:00] progress done=0/37 pending=37 failed=0
[2026-09-06T11:53:34+08:00] WAIT qwen3_1.7b jid=3477428 state=PENDING
[2026-09-06T11:53:34+08:00] WAIT qwen3_1.7b jid=3477429 state=PENDING
[2026-09-06T11:53:34+08:00] WAIT qwen3_1.7b jid=3477430 state=PENDING
[2026-09-06T11:53:34+08:00] WAIT olmo3_7b_think jid=3477431 state=PENDING
[2026-09-06T11:53:34+08:00] WAIT olmo3_7b_think jid=3477432 state=PENDING
[2026-09-06T11:53:34+08:00] WAIT olmo3_7b_think jid=3477433 state=PENDING
[2026-09-06T11:53:34+08:00] WAIT qwen3_4b_instruct jid=3477434 state=PENDING
[2026-09-06T11:53:34+08:00] WAIT qwen3_4b_instruct jid=3477435 state=PENDING
[2026-09-06T11:53:34+08:00] WAIT qwen3_4b_instruct jid=3477436 state=PENDING
[2026-09-06T11:53:34+08:00] WAIT qwen3_1.7b jid=3477606_0 state=PENDING
[2026-09-06T11:53:34+08:00] WAIT qwen3_1.7b jid=3477606_1 state=PENDING
[2026-09-06T11:53:34+08:00] WAIT qwen3_1.7b jid=3477606_2 state=PENDING
[2026-09-06T11:53:34+08:00] WAIT qwen3_1.7b jid=3477606_3 state=PENDING
[2026-09-06T11:53:34+08:00] WAIT qwen3_1.7b jid=3477606_4 state=PENDING
[2026-09-06T11:53:34+08:00] WAIT qwen3_1.7b jid=3477606_5 state=PENDING
[2026-09-06T11:53:34+08:00] WAIT qwen3_1.7b jid=3477606_6 state=PENDING
[2026-09-06T11:53:34+08:00] WAIT olmo3_7b_think jid=3477607_0 state=PENDING
[2026-09-06T11:53:34+08:00] WAIT olmo3_7b_think jid=3477607_1 state=PENDING
[2026-09-06T11:53:34+08:00] WAIT olmo3_7b_think jid=3477607_2 state=PENDING
[2026-09-06T11:53:34+08:00] WAIT olmo3_7b_think jid=3477607_3 state=PENDING
[2026-09-06T11:53:34+08:00] WAIT olmo3_7b_think jid=3477607_4 state=PENDING
[2026-09-06T11:53:34+08:00] WAIT olmo3_7b_think jid=3477607_5 state=PENDING
[2026-09-06T11:53:34+08:00] WAIT olmo3_7b_think jid=3477607_6 state=PENDING
[2026-09-06T11:53:34+08:00] WAIT qwen3_1.7b jid=3477608_0 state=PENDING
[2026-09-06T11:53:34+08:00] WAIT qwen3_1.7b jid=3477608_1 state=PENDING
[2026-09-06T11:53:34+08:00] WAIT qwen3_1.7b jid=3477608_2 state=PENDING
[2026-09-06T11:53:34+08:00] WAIT qwen3_1.7b jid=3477608_3 state=PENDING
[2026-09-06T11:53:34+08:00] WAIT qwen3_1.7b jid=3477608_4 state=PENDING
[2026-09-06T11:53:34+08:00] WAIT qwen3_1.7b jid=3477608_5 state=PENDING
[2026-09-06T11:53:34+08:00] WAIT qwen3_1.7b jid=3477608_6 state=PENDING
[2026-09-06T11:53:34+08:00] WAIT olmo3_7b_think jid=3477609_0 state=PENDING
[2026-09-06T11:53:34+08:00] WAIT olmo3_7b_think jid=3477609_1 state=PENDING
[2026-09-06T11:53:34+08:00] WAIT olmo3_7b_think jid=3477609_2 state=PENDING
[2026-09-06T11:53:34+08:00] WAIT olmo3_7b_think jid=3477609_3 state=PENDING
[2026-09-06T11:53:34+08:00] WAIT olmo3_7b_think jid=3477609_4 state=PENDING
[2026-09-06T11:53:34+08:00] WAIT olmo3_7b_think jid=3477609_5 state=PENDING
[2026-09-06T11:53:34+08:00] WAIT olmo3_7b_think jid=3477609_6 state=PENDING
[2026-09-06T11:53:34+08:00] progress done=0/37 pending=37 failed=0
[2026-09-06T11:55:34+08:00] WAIT qwen3_1.7b jid=3477428 state=PENDING
[2026-09-06T11:55:34+08:00] WAIT qwen3_1.7b jid=3477429 state=PENDING
[2026-09-06T11:55:34+08:00] WAIT qwen3_1.7b jid=3477430 state=PENDING
[2026-09-06T11:55:34+08:00] WAIT olmo3_7b_think jid=3477431 state=PENDING
[2026-09-06T11:55:34+08:00] WAIT olmo3_7b_think jid=3477432 state=PENDING
[2026-09-06T11:55:34+08:00] WAIT olmo3_7b_think jid=3477433 state=PENDING
[2026-09-06T11:55:34+08:00] WAIT qwen3_4b_instruct jid=3477434 state=PENDING
[2026-09-06T11:55:35+08:00] WAIT qwen3_4b_instruct jid=3477435 state=PENDING
[2026-09-06T11:55:35+08:00] WAIT qwen3_4b_instruct jid=3477436 state=PENDING
[2026-09-06T11:55:35+08:00] WAIT qwen3_1.7b jid=3477606_0 state=PENDING
[2026-09-06T11:55:35+08:00] WAIT qwen3_1.7b jid=3477606_1 state=PENDING
[2026-09-06T11:55:35+08:00] WAIT qwen3_1.7b jid=3477606_2 state=PENDING
[2026-09-06T11:55:35+08:00] WAIT qwen3_1.7b jid=3477606_3 state=PENDING
[2026-09-06T11:55:35+08:00] WAIT qwen3_1.7b jid=3477606_4 state=PENDING
[2026-09-06T11:55:35+08:00] WAIT qwen3_1.7b jid=3477606_5 state=PENDING
[2026-09-06T11:55:35+08:00] WAIT qwen3_1.7b jid=3477606_6 state=PENDING
[2026-09-06T11:55:35+08:00] WAIT olmo3_7b_think jid=3477607_0 state=PENDING
[2026-09-06T11:55:35+08:00] WAIT olmo3_7b_think jid=3477607_1 state=PENDING
[2026-09-06T11:55:35+08:00] WAIT olmo3_7b_think jid=3477607_2 state=PENDING
[2026-09-06T11:55:35+08:00] WAIT olmo3_7b_think jid=3477607_3 state=PENDING
[2026-09-06T11:55:35+08:00] WAIT olmo3_7b_think jid=3477607_4 state=PENDING
[2026-09-06T11:55:35+08:00] WAIT olmo3_7b_think jid=3477607_5 state=PENDING
[2026-09-06T11:55:35+08:00] WAIT olmo3_7b_think jid=3477607_6 state=PENDING
[2026-09-06T11:55:35+08:00] WAIT qwen3_1.7b jid=3477608_0 state=PENDING
[2026-09-06T11:55:35+08:00] WAIT qwen3_1.7b jid=3477608_1 state=PENDING
[2026-09-06T11:55:35+08:00] WAIT qwen3_1.7b jid=3477608_2 state=PENDING
[2026-09-06T11:55:35+08:00] WAIT qwen3_1.7b jid=3477608_3 state=PENDING
[2026-09-06T11:55:35+08:00] WAIT qwen3_1.7b jid=3477608_4 state=PENDING
[2026-09-06T11:55:35+08:00] WAIT qwen3_1.7b jid=3477608_5 state=PENDING
[2026-09-06T11:55:35+08:00] WAIT qwen3_1.7b jid=3477608_6 state=PENDING
[2026-09-06T11:55:35+08:00] WAIT olmo3_7b_think jid=3477609_0 state=PENDING
[2026-09-06T11:55:35+08:00] WAIT olmo3_7b_think jid=3477609_1 state=PENDING
[2026-09-06T11:55:35+08:00] WAIT olmo3_7b_think jid=3477609_2 state=PENDING
[2026-09-06T11:55:35+08:00] WAIT olmo3_7b_think jid=3477609_3 state=PENDING
[2026-09-06T11:55:35+08:00] WAIT olmo3_7b_think jid=3477609_4 state=PENDING
[2026-09-06T11:55:35+08:00] WAIT olmo3_7b_think jid=3477609_5 state=PENDING
[2026-09-06T11:55:35+08:00] WAIT olmo3_7b_think jid=3477609_6 state=PENDING
[2026-09-06T11:55:35+08:00] progress done=0/37 pending=37 failed=0
[2026-09-06T11:57:35+08:00] WAIT qwen3_1.7b jid=3477428 state=PENDING
[2026-09-06T11:57:35+08:00] WAIT qwen3_1.7b jid=3477429 state=PENDING
[2026-09-06T11:57:35+08:00] WAIT qwen3_1.7b jid=3477430 state=PENDING
[2026-09-06T11:57:35+08:00] WAIT olmo3_7b_think jid=3477431 state=PENDING
[2026-09-06T11:57:35+08:00] WAIT olmo3_7b_think jid=3477432 state=PENDING
[2026-09-06T11:57:35+08:00] WAIT olmo3_7b_think jid=3477433 state=PENDING
[2026-09-06T11:57:35+08:00] WAIT qwen3_4b_instruct jid=3477434 state=PENDING
[2026-09-06T11:57:35+08:00] WAIT qwen3_4b_instruct jid=3477435 state=PENDING
[2026-09-06T11:57:35+08:00] WAIT qwen3_4b_instruct jid=3477436 state=PENDING
[2026-09-06T11:57:35+08:00] WAIT qwen3_1.7b jid=3477606_0 state=PENDING
[2026-09-06T11:57:35+08:00] WAIT qwen3_1.7b jid=3477606_1 state=PENDING
[2026-09-06T11:57:35+08:00] WAIT qwen3_1.7b jid=3477606_2 state=PENDING
[2026-09-06T11:57:35+08:00] WAIT qwen3_1.7b jid=3477606_3 state=PENDING
[2026-09-06T11:57:35+08:00] WAIT qwen3_1.7b jid=3477606_4 state=PENDING
[2026-09-06T11:57:35+08:00] WAIT qwen3_1.7b jid=3477606_5 state=PENDING
[2026-09-06T11:57:35+08:00] WAIT qwen3_1.7b jid=3477606_6 state=PENDING
[2026-09-06T11:57:35+08:00] WAIT olmo3_7b_think jid=3477607_0 state=PENDING
[2026-09-06T11:57:35+08:00] WAIT olmo3_7b_think jid=3477607_1 state=PENDING
[2026-09-06T11:57:35+08:00] WAIT olmo3_7b_think jid=3477607_2 state=PENDING
[2026-09-06T11:57:35+08:00] WAIT olmo3_7b_think jid=3477607_3 state=PENDING
[2026-09-06T11:57:35+08:00] WAIT olmo3_7b_think jid=3477607_4 state=PENDING
[2026-09-06T11:57:35+08:00] WAIT olmo3_7b_think jid=3477607_5 state=PENDING
[2026-09-06T11:57:35+08:00] WAIT olmo3_7b_think jid=3477607_6 state=PENDING
[2026-09-06T11:57:35+08:00] WAIT qwen3_1.7b jid=3477608_0 state=PENDING
[2026-09-06T11:57:35+08:00] WAIT qwen3_1.7b jid=3477608_1 state=PENDING
[2026-09-06T11:57:35+08:00] WAIT qwen3_1.7b jid=3477608_2 state=PENDING
[2026-09-06T11:57:35+08:00] WAIT qwen3_1.7b jid=3477608_3 state=PENDING
[2026-09-06T11:57:35+08:00] WAIT qwen3_1.7b jid=3477608_4 state=PENDING
[2026-09-06T11:57:35+08:00] WAIT qwen3_1.7b jid=3477608_5 state=PENDING
[2026-09-06T11:57:35+08:00] WAIT qwen3_1.7b jid=3477608_6 state=PENDING
[2026-09-06T11:57:35+08:00] WAIT olmo3_7b_think jid=3477609_0 state=PENDING
[2026-09-06T11:57:35+08:00] WAIT olmo3_7b_think jid=3477609_1 state=PENDING
[2026-09-06T11:57:35+08:00] WAIT olmo3_7b_think jid=3477609_2 state=PENDING
[2026-09-06T11:57:35+08:00] WAIT olmo3_7b_think jid=3477609_3 state=PENDING
[2026-09-06T11:57:35+08:00] WAIT olmo3_7b_think jid=3477609_4 state=PENDING
[2026-09-06T11:57:35+08:00] WAIT olmo3_7b_think jid=3477609_5 state=PENDING
[2026-09-06T11:57:35+08:00] WAIT olmo3_7b_think jid=3477609_6 state=PENDING
[2026-09-06T11:57:35+08:00] progress done=0/37 pending=37 failed=0
[2026-09-06T11:59:35+08:00] WAIT qwen3_1.7b jid=3477428 state=PENDING
[2026-09-06T11:59:35+08:00] WAIT qwen3_1.7b jid=3477429 state=PENDING
[2026-09-06T11:59:35+08:00] WAIT qwen3_1.7b jid=3477430 state=PENDING
[2026-09-06T11:59:35+08:00] WAIT olmo3_7b_think jid=3477431 state=PENDING
[2026-09-06T11:59:35+08:00] WAIT olmo3_7b_think jid=3477432 state=PENDING
[2026-09-06T11:59:35+08:00] WAIT olmo3_7b_think jid=3477433 state=PENDING
[2026-09-06T11:59:35+08:00] WAIT qwen3_4b_instruct jid=3477434 state=PENDING
[2026-09-06T11:59:35+08:00] WAIT qwen3_4b_instruct jid=3477435 state=PENDING
[2026-09-06T11:59:35+08:00] WAIT qwen3_4b_instruct jid=3477436 state=PENDING
[2026-09-06T11:59:35+08:00] WAIT qwen3_1.7b jid=3477606_0 state=PENDING
[2026-09-06T11:59:35+08:00] WAIT qwen3_1.7b jid=3477606_1 state=PENDING
[2026-09-06T11:59:35+08:00] WAIT qwen3_1.7b jid=3477606_2 state=PENDING
[2026-09-06T11:59:35+08:00] WAIT qwen3_1.7b jid=3477606_3 state=PENDING
[2026-09-06T11:59:35+08:00] WAIT qwen3_1.7b jid=3477606_4 state=PENDING
[2026-09-06T11:59:35+08:00] WAIT qwen3_1.7b jid=3477606_5 state=PENDING
[2026-09-06T11:59:35+08:00] WAIT qwen3_1.7b jid=3477606_6 state=PENDING
[2026-09-06T11:59:35+08:00] WAIT olmo3_7b_think jid=3477607_0 state=PENDING
[2026-09-06T11:59:35+08:00] WAIT olmo3_7b_think jid=3477607_1 state=PENDING
[2026-09-06T11:59:35+08:00] WAIT olmo3_7b_think jid=3477607_2 state=PENDING
[2026-09-06T11:59:35+08:00] WAIT olmo3_7b_think jid=3477607_3 state=PENDING
[2026-09-06T11:59:35+08:00] WAIT olmo3_7b_think jid=3477607_4 state=PENDING
[2026-09-06T11:59:35+08:00] WAIT olmo3_7b_think jid=3477607_5 state=PENDING
[2026-09-06T11:59:35+08:00] WAIT olmo3_7b_think jid=3477607_6 state=PENDING
[2026-09-06T11:59:35+08:00] WAIT qwen3_1.7b jid=3477608_0 state=PENDING
[2026-09-06T11:59:35+08:00] WAIT qwen3_1.7b jid=3477608_1 state=PENDING
[2026-09-06T11:59:35+08:00] WAIT qwen3_1.7b jid=3477608_2 state=PENDING
[2026-09-06T11:59:35+08:00] WAIT qwen3_1.7b jid=3477608_3 state=PENDING
[2026-09-06T11:59:35+08:00] WAIT qwen3_1.7b jid=3477608_4 state=PENDING
[2026-09-06T11:59:35+08:00] WAIT qwen3_1.7b jid=3477608_5 state=PENDING
[2026-09-06T11:59:35+08:00] WAIT qwen3_1.7b jid=3477608_6 state=PENDING
[2026-09-06T11:59:35+08:00] WAIT olmo3_7b_think jid=3477609_0 state=PENDING
[2026-09-06T11:59:35+08:00] WAIT olmo3_7b_think jid=3477609_1 state=PENDING
[2026-09-06T11:59:36+08:00] WAIT olmo3_7b_think jid=3477609_2 state=PENDING
[2026-09-06T11:59:36+08:00] WAIT olmo3_7b_think jid=3477609_3 state=PENDING
[2026-09-06T11:59:36+08:00] WAIT olmo3_7b_think jid=3477609_4 state=PENDING
[2026-09-06T11:59:36+08:00] WAIT olmo3_7b_think jid=3477609_5 state=PENDING
[2026-09-06T11:59:36+08:00] WAIT olmo3_7b_think jid=3477609_6 state=PENDING
[2026-09-06T11:59:36+08:00] progress done=0/37 pending=37 failed=0
[2026-09-06T12:01:36+08:00] WAIT qwen3_1.7b jid=3477428 state=PENDING
[2026-09-06T12:01:36+08:00] WAIT qwen3_1.7b jid=3477429 state=PENDING
[2026-09-06T12:01:36+08:00] WAIT qwen3_1.7b jid=3477430 state=PENDING
[2026-09-06T12:01:36+08:00] WAIT olmo3_7b_think jid=3477431 state=PENDING
[2026-09-06T12:01:36+08:00] WAIT olmo3_7b_think jid=3477432 state=PENDING
[2026-09-06T12:01:36+08:00] WAIT olmo3_7b_think jid=3477433 state=PENDING
[2026-09-06T12:01:36+08:00] WAIT qwen3_4b_instruct jid=3477434 state=PENDING
[2026-09-06T12:01:36+08:00] WAIT qwen3_4b_instruct jid=3477435 state=PENDING
[2026-09-06T12:01:36+08:00] WAIT qwen3_4b_instruct jid=3477436 state=PENDING
[2026-09-06T12:01:36+08:00] WAIT qwen3_1.7b jid=3477606_0 state=PENDING
[2026-09-06T12:01:36+08:00] WAIT qwen3_1.7b jid=3477606_1 state=PENDING
[2026-09-06T12:01:36+08:00] WAIT qwen3_1.7b jid=3477606_2 state=PENDING
[2026-09-06T12:01:36+08:00] WAIT qwen3_1.7b jid=3477606_3 state=PENDING
[2026-09-06T12:01:36+08:00] WAIT qwen3_1.7b jid=3477606_4 state=PENDING
[2026-09-06T12:01:36+08:00] WAIT qwen3_1.7b jid=3477606_5 state=PENDING
[2026-09-06T12:01:36+08:00] WAIT qwen3_1.7b jid=3477606_6 state=PENDING
[2026-09-06T12:01:36+08:00] WAIT olmo3_7b_think jid=3477607_0 state=PENDING
[2026-09-06T12:01:36+08:00] WAIT olmo3_7b_think jid=3477607_1 state=PENDING
[2026-09-06T12:01:36+08:00] WAIT olmo3_7b_think jid=3477607_2 state=PENDING
[2026-09-06T12:01:36+08:00] WAIT olmo3_7b_think jid=3477607_3 state=PENDING
[2026-09-06T12:01:36+08:00] WAIT olmo3_7b_think jid=3477607_4 state=PENDING
[2026-09-06T12:01:36+08:00] WAIT olmo3_7b_think jid=3477607_5 state=PENDING
[2026-09-06T12:01:36+08:00] WAIT olmo3_7b_think jid=3477607_6 state=PENDING
[2026-09-06T12:01:36+08:00] WAIT qwen3_1.7b jid=3477608_0 state=PENDING
[2026-09-06T12:01:36+08:00] WAIT qwen3_1.7b jid=3477608_1 state=PENDING
[2026-09-06T12:01:36+08:00] WAIT qwen3_1.7b jid=3477608_2 state=PENDING
[2026-09-06T12:01:36+08:00] WAIT qwen3_1.7b jid=3477608_3 state=PENDING
[2026-09-06T12:01:36+08:00] WAIT qwen3_1.7b jid=3477608_4 state=PENDING
[2026-09-06T12:01:36+08:00] WAIT qwen3_1.7b jid=3477608_5 state=PENDING
[2026-09-06T12:01:36+08:00] WAIT qwen3_1.7b jid=3477608_6 state=PENDING
[2026-09-06T12:01:36+08:00] WAIT olmo3_7b_think jid=3477609_0 state=PENDING
[2026-09-06T12:01:36+08:00] WAIT olmo3_7b_think jid=3477609_1 state=PENDING
[2026-09-06T12:01:36+08:00] WAIT olmo3_7b_think jid=3477609_2 state=PENDING
[2026-09-06T12:01:36+08:00] WAIT olmo3_7b_think jid=3477609_3 state=PENDING
[2026-09-06T12:01:36+08:00] WAIT olmo3_7b_think jid=3477609_4 state=PENDING
[2026-09-06T12:01:36+08:00] WAIT olmo3_7b_think jid=3477609_5 state=PENDING
[2026-09-06T12:01:36+08:00] WAIT olmo3_7b_think jid=3477609_6 state=PENDING
[2026-09-06T12:01:36+08:00] progress done=0/37 pending=37 failed=0
[2026-09-06T12:03:36+08:00] WAIT qwen3_1.7b jid=3477428 state=PENDING
[2026-09-06T12:03:36+08:00] WAIT qwen3_1.7b jid=3477429 state=PENDING
[2026-09-06T12:03:36+08:00] WAIT qwen3_1.7b jid=3477430 state=PENDING
[2026-09-06T12:03:36+08:00] WAIT olmo3_7b_think jid=3477431 state=PENDING
[2026-09-06T12:03:36+08:00] WAIT olmo3_7b_think jid=3477432 state=PENDING
[2026-09-06T12:03:36+08:00] WAIT olmo3_7b_think jid=3477433 state=PENDING
[2026-09-06T12:03:36+08:00] WAIT qwen3_4b_instruct jid=3477434 state=PENDING
[2026-09-06T12:03:36+08:00] WAIT qwen3_4b_instruct jid=3477435 state=PENDING
[2026-09-06T12:03:36+08:00] WAIT qwen3_4b_instruct jid=3477436 state=PENDING
[2026-09-06T12:03:36+08:00] WAIT qwen3_1.7b jid=3477606_0 state=PENDING
[2026-09-06T12:03:36+08:00] WAIT qwen3_1.7b jid=3477606_1 state=PENDING
[2026-09-06T12:03:36+08:00] WAIT qwen3_1.7b jid=3477606_2 state=PENDING
[2026-09-06T12:03:36+08:00] WAIT qwen3_1.7b jid=3477606_3 state=PENDING
[2026-09-06T12:03:36+08:00] WAIT qwen3_1.7b jid=3477606_4 state=PENDING
[2026-09-06T12:03:36+08:00] WAIT qwen3_1.7b jid=3477606_5 state=PENDING
[2026-09-06T12:03:36+08:00] WAIT qwen3_1.7b jid=3477606_6 state=PENDING
[2026-09-06T12:03:36+08:00] WAIT olmo3_7b_think jid=3477607_0 state=PENDING
[2026-09-06T12:03:36+08:00] WAIT olmo3_7b_think jid=3477607_1 state=PENDING
[2026-09-06T12:03:36+08:00] WAIT olmo3_7b_think jid=3477607_2 state=PENDING
[2026-09-06T12:03:36+08:00] WAIT olmo3_7b_think jid=3477607_3 state=PENDING
[2026-09-06T12:03:36+08:00] WAIT olmo3_7b_think jid=3477607_4 state=PENDING
[2026-09-06T12:03:36+08:00] WAIT olmo3_7b_think jid=3477607_5 state=PENDING
[2026-09-06T12:03:36+08:00] WAIT olmo3_7b_think jid=3477607_6 state=PENDING
[2026-09-06T12:03:36+08:00] WAIT qwen3_1.7b jid=3477608_0 state=PENDING
[2026-09-06T12:03:36+08:00] WAIT qwen3_1.7b jid=3477608_1 state=PENDING
[2026-09-06T12:03:36+08:00] WAIT qwen3_1.7b jid=3477608_2 state=PENDING
[2026-09-06T12:03:36+08:00] WAIT qwen3_1.7b jid=3477608_3 state=PENDING
[2026-09-06T12:03:36+08:00] WAIT qwen3_1.7b jid=3477608_4 state=PENDING
[2026-09-06T12:03:36+08:00] WAIT qwen3_1.7b jid=3477608_5 state=PENDING
[2026-09-06T12:03:36+08:00] WAIT qwen3_1.7b jid=3477608_6 state=PENDING
[2026-09-06T12:03:36+08:00] WAIT olmo3_7b_think jid=3477609_0 state=PENDING
[2026-09-06T12:03:36+08:00] WAIT olmo3_7b_think jid=3477609_1 state=PENDING
[2026-09-06T12:03:36+08:00] WAIT olmo3_7b_think jid=3477609_2 state=PENDING
[2026-09-06T12:03:36+08:00] WAIT olmo3_7b_think jid=3477609_3 state=PENDING
[2026-09-06T12:03:36+08:00] WAIT olmo3_7b_think jid=3477609_4 state=PENDING
[2026-09-06T12:03:36+08:00] WAIT olmo3_7b_think jid=3477609_5 state=PENDING
[2026-09-06T12:03:36+08:00] WAIT olmo3_7b_think jid=3477609_6 state=PENDING
[2026-09-06T12:03:36+08:00] progress done=0/37 pending=37 failed=0
[2026-09-06T12:05:36+08:00] WAIT qwen3_1.7b jid=3477428 state=PENDING
[2026-09-06T12:05:36+08:00] WAIT qwen3_1.7b jid=3477429 state=PENDING
[2026-09-06T12:05:36+08:00] WAIT qwen3_1.7b jid=3477430 state=PENDING
[2026-09-06T12:05:36+08:00] WAIT olmo3_7b_think jid=3477431 state=PENDING
[2026-09-06T12:05:36+08:00] WAIT olmo3_7b_think jid=3477432 state=PENDING
[2026-09-06T12:05:36+08:00] WAIT olmo3_7b_think jid=3477433 state=PENDING
[2026-09-06T12:05:36+08:00] WAIT qwen3_4b_instruct jid=3477434 state=PENDING
[2026-09-06T12:05:36+08:00] WAIT qwen3_4b_instruct jid=3477435 state=PENDING
[2026-09-06T12:05:36+08:00] WAIT qwen3_4b_instruct jid=3477436 state=PENDING
[2026-09-06T12:05:36+08:00] WAIT qwen3_1.7b jid=3477606_0 state=PENDING
[2026-09-06T12:05:36+08:00] WAIT qwen3_1.7b jid=3477606_1 state=PENDING
[2026-09-06T12:05:36+08:00] WAIT qwen3_1.7b jid=3477606_2 state=PENDING
[2026-09-06T12:05:36+08:00] WAIT qwen3_1.7b jid=3477606_3 state=PENDING
[2026-09-06T12:05:36+08:00] WAIT qwen3_1.7b jid=3477606_4 state=PENDING
[2026-09-06T12:05:36+08:00] WAIT qwen3_1.7b jid=3477606_5 state=PENDING
[2026-09-06T12:05:36+08:00] WAIT qwen3_1.7b jid=3477606_6 state=PENDING
[2026-09-06T12:05:36+08:00] WAIT olmo3_7b_think jid=3477607_0 state=PENDING
[2026-09-06T12:05:37+08:00] WAIT olmo3_7b_think jid=3477607_1 state=PENDING
[2026-09-06T12:05:37+08:00] WAIT olmo3_7b_think jid=3477607_2 state=PENDING
[2026-09-06T12:05:37+08:00] WAIT olmo3_7b_think jid=3477607_3 state=PENDING
[2026-09-06T12:05:37+08:00] WAIT olmo3_7b_think jid=3477607_4 state=PENDING
[2026-09-06T12:05:37+08:00] WAIT olmo3_7b_think jid=3477607_5 state=PENDING
[2026-09-06T12:05:37+08:00] WAIT olmo3_7b_think jid=3477607_6 state=PENDING
[2026-09-06T12:05:37+08:00] WAIT qwen3_1.7b jid=3477608_0 state=PENDING
[2026-09-06T12:05:37+08:00] WAIT qwen3_1.7b jid=3477608_1 state=PENDING
[2026-09-06T12:05:37+08:00] WAIT qwen3_1.7b jid=3477608_2 state=PENDING
[2026-09-06T12:05:37+08:00] WAIT qwen3_1.7b jid=3477608_3 state=PENDING
[2026-09-06T12:05:37+08:00] WAIT qwen3_1.7b jid=3477608_4 state=PENDING
[2026-09-06T12:05:37+08:00] WAIT qwen3_1.7b jid=3477608_5 state=PENDING
[2026-09-06T12:05:37+08:00] WAIT qwen3_1.7b jid=3477608_6 state=PENDING
[2026-09-06T12:05:37+08:00] WAIT olmo3_7b_think jid=3477609_0 state=PENDING
[2026-09-06T12:05:37+08:00] WAIT olmo3_7b_think jid=3477609_1 state=PENDING
[2026-09-06T12:05:37+08:00] WAIT olmo3_7b_think jid=3477609_2 state=PENDING
[2026-09-06T12:05:37+08:00] WAIT olmo3_7b_think jid=3477609_3 state=PENDING
[2026-09-06T12:05:37+08:00] WAIT olmo3_7b_think jid=3477609_4 state=PENDING
[2026-09-06T12:05:37+08:00] WAIT olmo3_7b_think jid=3477609_5 state=PENDING
[2026-09-06T12:05:37+08:00] WAIT olmo3_7b_think jid=3477609_6 state=PENDING
[2026-09-06T12:05:37+08:00] progress done=0/37 pending=37 failed=0
[2026-09-06T12:07:37+08:00] WAIT qwen3_1.7b jid=3477428 state=PENDING
[2026-09-06T12:07:37+08:00] WAIT qwen3_1.7b jid=3477429 state=PENDING
[2026-09-06T12:07:37+08:00] WAIT qwen3_1.7b jid=3477430 state=PENDING
[2026-09-06T12:07:37+08:00] WAIT olmo3_7b_think jid=3477431 state=PENDING
[2026-09-06T12:07:37+08:00] WAIT olmo3_7b_think jid=3477432 state=PENDING
[2026-09-06T12:07:37+08:00] WAIT olmo3_7b_think jid=3477433 state=PENDING
[2026-09-06T12:07:37+08:00] WAIT qwen3_4b_instruct jid=3477434 state=PENDING
[2026-09-06T12:07:37+08:00] WAIT qwen3_4b_instruct jid=3477435 state=PENDING
[2026-09-06T12:07:37+08:00] WAIT qwen3_4b_instruct jid=3477436 state=PENDING
[2026-09-06T12:07:37+08:00] WAIT qwen3_1.7b jid=3477606_0 state=PENDING
[2026-09-06T12:07:37+08:00] WAIT qwen3_1.7b jid=3477606_1 state=PENDING
[2026-09-06T12:07:37+08:00] WAIT qwen3_1.7b jid=3477606_2 state=PENDING
[2026-09-06T12:07:37+08:00] WAIT qwen3_1.7b jid=3477606_3 state=PENDING
[2026-09-06T12:07:37+08:00] WAIT qwen3_1.7b jid=3477606_4 state=PENDING
[2026-09-06T12:07:37+08:00] WAIT qwen3_1.7b jid=3477606_5 state=PENDING
[2026-09-06T12:07:37+08:00] WAIT qwen3_1.7b jid=3477606_6 state=PENDING
[2026-09-06T12:07:37+08:00] WAIT olmo3_7b_think jid=3477607_0 state=PENDING
[2026-09-06T12:07:37+08:00] WAIT olmo3_7b_think jid=3477607_1 state=PENDING
[2026-09-06T12:07:37+08:00] WAIT olmo3_7b_think jid=3477607_2 state=PENDING
[2026-09-06T12:07:37+08:00] WAIT olmo3_7b_think jid=3477607_3 state=PENDING
[2026-09-06T12:07:37+08:00] WAIT olmo3_7b_think jid=3477607_4 state=PENDING
[2026-09-06T12:07:37+08:00] WAIT olmo3_7b_think jid=3477607_5 state=PENDING
[2026-09-06T12:07:37+08:00] WAIT olmo3_7b_think jid=3477607_6 state=PENDING
[2026-09-06T12:07:37+08:00] WAIT qwen3_1.7b jid=3477608_0 state=PENDING
[2026-09-06T12:07:37+08:00] WAIT qwen3_1.7b jid=3477608_1 state=PENDING
[2026-09-06T12:07:37+08:00] WAIT qwen3_1.7b jid=3477608_2 state=PENDING
[2026-09-06T12:07:37+08:00] WAIT qwen3_1.7b jid=3477608_3 state=PENDING
[2026-09-06T12:07:37+08:00] WAIT qwen3_1.7b jid=3477608_4 state=PENDING
[2026-09-06T12:07:37+08:00] WAIT qwen3_1.7b jid=3477608_5 state=PENDING
[2026-09-06T12:07:37+08:00] WAIT qwen3_1.7b jid=3477608_6 state=PENDING
[2026-09-06T12:07:37+08:00] WAIT olmo3_7b_think jid=3477609_0 state=PENDING
[2026-09-06T12:07:37+08:00] WAIT olmo3_7b_think jid=3477609_1 state=PENDING
[2026-09-06T12:07:37+08:00] WAIT olmo3_7b_think jid=3477609_2 state=PENDING
[2026-09-06T12:07:37+08:00] WAIT olmo3_7b_think jid=3477609_3 state=PENDING
[2026-09-06T12:07:37+08:00] WAIT olmo3_7b_think jid=3477609_4 state=PENDING
[2026-09-06T12:07:37+08:00] WAIT olmo3_7b_think jid=3477609_5 state=PENDING
[2026-09-06T12:07:37+08:00] WAIT olmo3_7b_think jid=3477609_6 state=PENDING
[2026-09-06T12:07:37+08:00] progress done=0/37 pending=37 failed=0
[2026-09-06T12:09:37+08:00] WAIT qwen3_1.7b jid=3477428 state=PENDING
[2026-09-06T12:09:37+08:00] WAIT qwen3_1.7b jid=3477429 state=PENDING
[2026-09-06T12:09:37+08:00] WAIT qwen3_1.7b jid=3477430 state=PENDING
[2026-09-06T12:09:37+08:00] WAIT olmo3_7b_think jid=3477431 state=PENDING
[2026-09-06T12:09:37+08:00] WAIT olmo3_7b_think jid=3477432 state=PENDING
[2026-09-06T12:09:37+08:00] WAIT olmo3_7b_think jid=3477433 state=PENDING
[2026-09-06T12:09:37+08:00] WAIT qwen3_4b_instruct jid=3477434 state=PENDING
[2026-09-06T12:09:37+08:00] WAIT qwen3_4b_instruct jid=3477435 state=PENDING
[2026-09-06T12:09:37+08:00] WAIT qwen3_4b_instruct jid=3477436 state=PENDING
[2026-09-06T12:09:37+08:00] WAIT qwen3_1.7b jid=3477606_0 state=PENDING
[2026-09-06T12:09:37+08:00] WAIT qwen3_1.7b jid=3477606_1 state=PENDING
[2026-09-06T12:09:37+08:00] WAIT qwen3_1.7b jid=3477606_2 state=PENDING
[2026-09-06T12:09:37+08:00] WAIT qwen3_1.7b jid=3477606_3 state=PENDING
[2026-09-06T12:09:37+08:00] WAIT qwen3_1.7b jid=3477606_4 state=PENDING
[2026-09-06T12:09:37+08:00] WAIT qwen3_1.7b jid=3477606_5 state=PENDING
[2026-09-06T12:09:37+08:00] WAIT qwen3_1.7b jid=3477606_6 state=PENDING
[2026-09-06T12:09:37+08:00] WAIT olmo3_7b_think jid=3477607_0 state=PENDING
[2026-09-06T12:09:37+08:00] WAIT olmo3_7b_think jid=3477607_1 state=PENDING
[2026-09-06T12:09:37+08:00] WAIT olmo3_7b_think jid=3477607_2 state=PENDING
[2026-09-06T12:09:37+08:00] WAIT olmo3_7b_think jid=3477607_3 state=PENDING
[2026-09-06T12:09:37+08:00] WAIT olmo3_7b_think jid=3477607_4 state=PENDING
[2026-09-06T12:09:37+08:00] WAIT olmo3_7b_think jid=3477607_5 state=PENDING
[2026-09-06T12:09:37+08:00] WAIT olmo3_7b_think jid=3477607_6 state=PENDING
[2026-09-06T12:09:37+08:00] WAIT qwen3_1.7b jid=3477608_0 state=PENDING
[2026-09-06T12:09:37+08:00] WAIT qwen3_1.7b jid=3477608_1 state=PENDING
[2026-09-06T12:09:37+08:00] WAIT qwen3_1.7b jid=3477608_2 state=PENDING
[2026-09-06T12:09:37+08:00] WAIT qwen3_1.7b jid=3477608_3 state=PENDING
[2026-09-06T12:09:37+08:00] WAIT qwen3_1.7b jid=3477608_4 state=PENDING
[2026-09-06T12:09:37+08:00] WAIT qwen3_1.7b jid=3477608_5 state=PENDING
[2026-09-06T12:09:37+08:00] WAIT qwen3_1.7b jid=3477608_6 state=PENDING
[2026-09-06T12:09:37+08:00] WAIT olmo3_7b_think jid=3477609_0 state=PENDING
[2026-09-06T12:09:37+08:00] WAIT olmo3_7b_think jid=3477609_1 state=PENDING
[2026-09-06T12:09:37+08:00] WAIT olmo3_7b_think jid=3477609_2 state=PENDING
[2026-09-06T12:09:37+08:00] WAIT olmo3_7b_think jid=3477609_3 state=PENDING
[2026-09-06T12:09:37+08:00] WAIT olmo3_7b_think jid=3477609_4 state=PENDING
[2026-09-06T12:09:37+08:00] WAIT olmo3_7b_think jid=3477609_5 state=PENDING
[2026-09-06T12:09:37+08:00] WAIT olmo3_7b_think jid=3477609_6 state=PENDING
[2026-09-06T12:09:37+08:00] progress done=0/37 pending=37 failed=0
[2026-09-06T12:11:37+08:00] WAIT qwen3_1.7b jid=3477428 state=PENDING
[2026-09-06T12:11:37+08:00] WAIT qwen3_1.7b jid=3477429 state=PENDING
[2026-09-06T12:11:37+08:00] WAIT qwen3_1.7b jid=3477430 state=PENDING
[2026-09-06T12:11:37+08:00] WAIT olmo3_7b_think jid=3477431 state=PENDING
[2026-09-06T12:11:38+08:00] WAIT olmo3_7b_think jid=3477432 state=PENDING
[2026-09-06T12:11:38+08:00] WAIT olmo3_7b_think jid=3477433 state=PENDING
[2026-09-06T12:11:38+08:00] WAIT qwen3_4b_instruct jid=3477434 state=PENDING
[2026-09-06T12:11:38+08:00] WAIT qwen3_4b_instruct jid=3477435 state=PENDING
[2026-09-06T12:11:38+08:00] WAIT qwen3_4b_instruct jid=3477436 state=PENDING
[2026-09-06T12:11:38+08:00] WAIT qwen3_1.7b jid=3477606_0 state=PENDING
[2026-09-06T12:11:38+08:00] WAIT qwen3_1.7b jid=3477606_1 state=PENDING
[2026-09-06T12:11:38+08:00] WAIT qwen3_1.7b jid=3477606_2 state=PENDING
[2026-09-06T12:11:38+08:00] WAIT qwen3_1.7b jid=3477606_3 state=PENDING
[2026-09-06T12:11:38+08:00] WAIT qwen3_1.7b jid=3477606_4 state=PENDING
[2026-09-06T12:11:38+08:00] WAIT qwen3_1.7b jid=3477606_5 state=PENDING
[2026-09-06T12:11:38+08:00] WAIT qwen3_1.7b jid=3477606_6 state=PENDING
[2026-09-06T12:11:38+08:00] WAIT olmo3_7b_think jid=3477607_0 state=PENDING
[2026-09-06T12:11:38+08:00] WAIT olmo3_7b_think jid=3477607_1 state=PENDING
[2026-09-06T12:11:38+08:00] WAIT olmo3_7b_think jid=3477607_2 state=PENDING
[2026-09-06T12:11:38+08:00] WAIT olmo3_7b_think jid=3477607_3 state=PENDING
[2026-09-06T12:11:38+08:00] WAIT olmo3_7b_think jid=3477607_4 state=PENDING
[2026-09-06T12:11:38+08:00] WAIT olmo3_7b_think jid=3477607_5 state=PENDING
[2026-09-06T12:11:38+08:00] WAIT olmo3_7b_think jid=3477607_6 state=PENDING
[2026-09-06T12:11:38+08:00] WAIT qwen3_1.7b jid=3477608_0 state=PENDING
[2026-09-06T12:11:38+08:00] WAIT qwen3_1.7b jid=3477608_1 state=PENDING
[2026-09-06T12:11:38+08:00] WAIT qwen3_1.7b jid=3477608_2 state=PENDING
[2026-09-06T12:11:38+08:00] WAIT qwen3_1.7b jid=3477608_3 state=PENDING
[2026-09-06T12:11:38+08:00] WAIT qwen3_1.7b jid=3477608_4 state=PENDING
[2026-09-06T12:11:38+08:00] WAIT qwen3_1.7b jid=3477608_5 state=PENDING
[2026-09-06T12:11:38+08:00] WAIT qwen3_1.7b jid=3477608_6 state=PENDING
[2026-09-06T12:11:38+08:00] WAIT olmo3_7b_think jid=3477609_0 state=PENDING
[2026-09-06T12:11:38+08:00] WAIT olmo3_7b_think jid=3477609_1 state=PENDING
[2026-09-06T12:11:38+08:00] WAIT olmo3_7b_think jid=3477609_2 state=PENDING
[2026-09-06T12:11:38+08:00] WAIT olmo3_7b_think jid=3477609_3 state=PENDING
[2026-09-06T12:11:38+08:00] WAIT olmo3_7b_think jid=3477609_4 state=PENDING
[2026-09-06T12:11:38+08:00] WAIT olmo3_7b_think jid=3477609_5 state=PENDING
[2026-09-06T12:11:38+08:00] WAIT olmo3_7b_think jid=3477609_6 state=PENDING
[2026-09-06T12:11:38+08:00] progress done=0/37 pending=37 failed=0
[2026-09-06T12:13:38+08:00] WAIT qwen3_1.7b jid=3477428 state=PENDING
[2026-09-06T12:13:38+08:00] WAIT qwen3_1.7b jid=3477429 state=PENDING
[2026-09-06T12:13:38+08:00] WAIT qwen3_1.7b jid=3477430 state=PENDING
[2026-09-06T12:13:38+08:00] WAIT olmo3_7b_think jid=3477431 state=PENDING
[2026-09-06T12:13:38+08:00] WAIT olmo3_7b_think jid=3477432 state=PENDING
[2026-09-06T12:13:38+08:00] WAIT olmo3_7b_think jid=3477433 state=PENDING
[2026-09-06T12:13:38+08:00] WAIT qwen3_4b_instruct jid=3477434 state=PENDING
[2026-09-06T12:13:38+08:00] WAIT qwen3_4b_instruct jid=3477435 state=PENDING
[2026-09-06T12:13:38+08:00] WAIT qwen3_4b_instruct jid=3477436 state=PENDING
[2026-09-06T12:13:38+08:00] WAIT qwen3_1.7b jid=3477606_0 state=PENDING
[2026-09-06T12:13:38+08:00] WAIT qwen3_1.7b jid=3477606_1 state=PENDING
[2026-09-06T12:13:38+08:00] WAIT qwen3_1.7b jid=3477606_2 state=PENDING
[2026-09-06T12:13:38+08:00] WAIT qwen3_1.7b jid=3477606_3 state=PENDING
[2026-09-06T12:13:38+08:00] WAIT qwen3_1.7b jid=3477606_4 state=PENDING
[2026-09-06T12:13:38+08:00] WAIT qwen3_1.7b jid=3477606_5 state=PENDING
[2026-09-06T12:13:38+08:00] WAIT qwen3_1.7b jid=3477606_6 state=PENDING
[2026-09-06T12:13:38+08:00] WAIT olmo3_7b_think jid=3477607_0 state=PENDING
[2026-09-06T12:13:38+08:00] WAIT olmo3_7b_think jid=3477607_1 state=PENDING
[2026-09-06T12:13:38+08:00] WAIT olmo3_7b_think jid=3477607_2 state=PENDING
[2026-09-06T12:13:38+08:00] WAIT olmo3_7b_think jid=3477607_3 state=PENDING
[2026-09-06T12:13:38+08:00] WAIT olmo3_7b_think jid=3477607_4 state=PENDING
[2026-09-06T12:13:38+08:00] WAIT olmo3_7b_think jid=3477607_5 state=PENDING
[2026-09-06T12:13:38+08:00] WAIT olmo3_7b_think jid=3477607_6 state=PENDING
[2026-09-06T12:13:38+08:00] WAIT qwen3_1.7b jid=3477608_0 state=PENDING
[2026-09-06T12:13:38+08:00] WAIT qwen3_1.7b jid=3477608_1 state=PENDING
[2026-09-06T12:13:38+08:00] WAIT qwen3_1.7b jid=3477608_2 state=PENDING
[2026-09-06T12:13:38+08:00] WAIT qwen3_1.7b jid=3477608_3 state=PENDING
[2026-09-06T12:13:38+08:00] WAIT qwen3_1.7b jid=3477608_4 state=PENDING
[2026-09-06T12:13:38+08:00] WAIT qwen3_1.7b jid=3477608_5 state=PENDING
[2026-09-06T12:13:38+08:00] WAIT qwen3_1.7b jid=3477608_6 state=PENDING
[2026-09-06T12:13:38+08:00] WAIT olmo3_7b_think jid=3477609_0 state=PENDING
[2026-09-06T12:13:38+08:00] WAIT olmo3_7b_think jid=3477609_1 state=PENDING
[2026-09-06T12:13:38+08:00] WAIT olmo3_7b_think jid=3477609_2 state=PENDING
[2026-09-06T12:13:38+08:00] WAIT olmo3_7b_think jid=3477609_3 state=PENDING
[2026-09-06T12:13:38+08:00] WAIT olmo3_7b_think jid=3477609_4 state=PENDING
[2026-09-06T12:13:38+08:00] WAIT olmo3_7b_think jid=3477609_5 state=PENDING
[2026-09-06T12:13:38+08:00] WAIT olmo3_7b_think jid=3477609_6 state=PENDING
[2026-09-06T12:13:38+08:00] progress done=0/37 pending=37 failed=0
[2026-09-06T12:15:38+08:00] WAIT qwen3_1.7b jid=3477428 state=PENDING
[2026-09-06T12:15:38+08:00] WAIT qwen3_1.7b jid=3477429 state=PENDING
[2026-09-06T12:15:38+08:00] WAIT qwen3_1.7b jid=3477430 state=PENDING
[2026-09-06T12:15:38+08:00] WAIT olmo3_7b_think jid=3477431 state=PENDING
[2026-09-06T12:15:38+08:00] WAIT olmo3_7b_think jid=3477432 state=PENDING
[2026-09-06T12:15:38+08:00] WAIT olmo3_7b_think jid=3477433 state=PENDING
[2026-09-06T12:15:38+08:00] WAIT qwen3_4b_instruct jid=3477434 state=PENDING
[2026-09-06T12:15:38+08:00] WAIT qwen3_4b_instruct jid=3477435 state=PENDING
[2026-09-06T12:15:38+08:00] WAIT qwen3_4b_instruct jid=3477436 state=PENDING
[2026-09-06T12:15:38+08:00] WAIT qwen3_1.7b jid=3477606_0 state=PENDING
[2026-09-06T12:15:38+08:00] WAIT qwen3_1.7b jid=3477606_1 state=PENDING
[2026-09-06T12:15:38+08:00] WAIT qwen3_1.7b jid=3477606_2 state=PENDING
[2026-09-06T12:15:38+08:00] WAIT qwen3_1.7b jid=3477606_3 state=PENDING
[2026-09-06T12:15:38+08:00] WAIT qwen3_1.7b jid=3477606_4 state=PENDING
[2026-09-06T12:15:38+08:00] WAIT qwen3_1.7b jid=3477606_5 state=PENDING
[2026-09-06T12:15:38+08:00] WAIT qwen3_1.7b jid=3477606_6 state=PENDING
[2026-09-06T12:15:38+08:00] WAIT olmo3_7b_think jid=3477607_0 state=PENDING
[2026-09-06T12:15:38+08:00] WAIT olmo3_7b_think jid=3477607_1 state=PENDING
[2026-09-06T12:15:38+08:00] WAIT olmo3_7b_think jid=3477607_2 state=PENDING
[2026-09-06T12:15:38+08:00] WAIT olmo3_7b_think jid=3477607_3 state=PENDING
[2026-09-06T12:15:38+08:00] WAIT olmo3_7b_think jid=3477607_4 state=PENDING
[2026-09-06T12:15:38+08:00] WAIT olmo3_7b_think jid=3477607_5 state=PENDING
[2026-09-06T12:15:38+08:00] WAIT olmo3_7b_think jid=3477607_6 state=PENDING
[2026-09-06T12:15:38+08:00] WAIT qwen3_1.7b jid=3477608_0 state=PENDING
[2026-09-06T12:15:38+08:00] WAIT qwen3_1.7b jid=3477608_1 state=PENDING
[2026-09-06T12:15:38+08:00] WAIT qwen3_1.7b jid=3477608_2 state=PENDING
[2026-09-06T12:15:39+08:00] WAIT qwen3_1.7b jid=3477608_3 state=PENDING
[2026-09-06T12:15:39+08:00] WAIT qwen3_1.7b jid=3477608_4 state=PENDING
[2026-09-06T12:15:39+08:00] WAIT qwen3_1.7b jid=3477608_5 state=PENDING
[2026-09-06T12:15:39+08:00] WAIT qwen3_1.7b jid=3477608_6 state=PENDING
[2026-09-06T12:15:39+08:00] WAIT olmo3_7b_think jid=3477609_0 state=PENDING
[2026-09-06T12:15:39+08:00] WAIT olmo3_7b_think jid=3477609_1 state=PENDING
[2026-09-06T12:15:39+08:00] WAIT olmo3_7b_think jid=3477609_2 state=PENDING
[2026-09-06T12:15:39+08:00] WAIT olmo3_7b_think jid=3477609_3 state=PENDING
[2026-09-06T12:15:39+08:00] WAIT olmo3_7b_think jid=3477609_4 state=PENDING
[2026-09-06T12:15:39+08:00] WAIT olmo3_7b_think jid=3477609_5 state=PENDING
[2026-09-06T12:15:39+08:00] WAIT olmo3_7b_think jid=3477609_6 state=PENDING
[2026-09-06T12:15:39+08:00] progress done=0/37 pending=37 failed=0
[2026-09-06T12:17:39+08:00] WAIT qwen3_1.7b jid=3477428 state=PENDING
[2026-09-06T12:17:39+08:00] WAIT qwen3_1.7b jid=3477429 state=PENDING
[2026-09-06T12:17:39+08:00] WAIT qwen3_1.7b jid=3477430 state=PENDING
[2026-09-06T12:17:39+08:00] WAIT olmo3_7b_think jid=3477431 state=PENDING
[2026-09-06T12:17:39+08:00] WAIT olmo3_7b_think jid=3477432 state=PENDING
[2026-09-06T12:17:39+08:00] WAIT olmo3_7b_think jid=3477433 state=PENDING
[2026-09-06T12:17:39+08:00] WAIT qwen3_4b_instruct jid=3477434 state=PENDING
[2026-09-06T12:17:39+08:00] WAIT qwen3_4b_instruct jid=3477435 state=PENDING
[2026-09-06T12:17:39+08:00] WAIT qwen3_4b_instruct jid=3477436 state=PENDING
[2026-09-06T12:17:39+08:00] WAIT qwen3_1.7b jid=3477606_0 state=PENDING
[2026-09-06T12:17:39+08:00] WAIT qwen3_1.7b jid=3477606_1 state=PENDING
[2026-09-06T12:17:39+08:00] WAIT qwen3_1.7b jid=3477606_2 state=PENDING
[2026-09-06T12:17:39+08:00] WAIT qwen3_1.7b jid=3477606_3 state=PENDING
[2026-09-06T12:17:39+08:00] WAIT qwen3_1.7b jid=3477606_4 state=PENDING
[2026-09-06T12:17:39+08:00] WAIT qwen3_1.7b jid=3477606_5 state=PENDING
[2026-09-06T12:17:39+08:00] WAIT qwen3_1.7b jid=3477606_6 state=PENDING
[2026-09-06T12:17:39+08:00] WAIT olmo3_7b_think jid=3477607_0 state=PENDING
[2026-09-06T12:17:39+08:00] WAIT olmo3_7b_think jid=3477607_1 state=PENDING
[2026-09-06T12:17:39+08:00] WAIT olmo3_7b_think jid=3477607_2 state=PENDING
[2026-09-06T12:17:39+08:00] WAIT olmo3_7b_think jid=3477607_3 state=PENDING
[2026-09-06T12:17:39+08:00] WAIT olmo3_7b_think jid=3477607_4 state=PENDING
[2026-09-06T12:17:39+08:00] WAIT olmo3_7b_think jid=3477607_5 state=PENDING
[2026-09-06T12:17:39+08:00] WAIT olmo3_7b_think jid=3477607_6 state=PENDING
[2026-09-06T12:17:39+08:00] WAIT qwen3_1.7b jid=3477608_0 state=PENDING
[2026-09-06T12:17:39+08:00] WAIT qwen3_1.7b jid=3477608_1 state=PENDING
[2026-09-06T12:17:39+08:00] WAIT qwen3_1.7b jid=3477608_2 state=PENDING
[2026-09-06T12:17:39+08:00] WAIT qwen3_1.7b jid=3477608_3 state=PENDING
[2026-09-06T12:17:39+08:00] WAIT qwen3_1.7b jid=3477608_4 state=PENDING
[2026-09-06T12:17:39+08:00] WAIT qwen3_1.7b jid=3477608_5 state=PENDING
[2026-09-06T12:17:39+08:00] WAIT qwen3_1.7b jid=3477608_6 state=PENDING
[2026-09-06T12:17:39+08:00] WAIT olmo3_7b_think jid=3477609_0 state=PENDING
[2026-09-06T12:17:39+08:00] WAIT olmo3_7b_think jid=3477609_1 state=PENDING
[2026-09-06T12:17:39+08:00] WAIT olmo3_7b_think jid=3477609_2 state=PENDING
[2026-09-06T12:17:39+08:00] WAIT olmo3_7b_think jid=3477609_3 state=PENDING
[2026-09-06T12:17:39+08:00] WAIT olmo3_7b_think jid=3477609_4 state=PENDING
[2026-09-06T12:17:39+08:00] WAIT olmo3_7b_think jid=3477609_5 state=PENDING
[2026-09-06T12:17:39+08:00] WAIT olmo3_7b_think jid=3477609_6 state=PENDING
[2026-09-06T12:17:39+08:00] progress done=0/37 pending=37 failed=0
[2026-09-06T12:19:39+08:00] WAIT qwen3_1.7b jid=3477428 state=PENDING
[2026-09-06T12:19:39+08:00] WAIT qwen3_1.7b jid=3477429 state=PENDING
[2026-09-06T12:19:39+08:00] WAIT qwen3_1.7b jid=3477430 state=PENDING
[2026-09-06T12:19:39+08:00] WAIT olmo3_7b_think jid=3477431 state=PENDING
[2026-09-06T12:19:39+08:00] WAIT olmo3_7b_think jid=3477432 state=PENDING
[2026-09-06T12:19:39+08:00] WAIT olmo3_7b_think jid=3477433 state=PENDING
[2026-09-06T12:19:39+08:00] WAIT qwen3_4b_instruct jid=3477434 state=PENDING
[2026-09-06T12:19:39+08:00] WAIT qwen3_4b_instruct jid=3477435 state=PENDING
[2026-09-06T12:19:39+08:00] WAIT qwen3_4b_instruct jid=3477436 state=PENDING
[2026-09-06T12:19:39+08:00] WAIT qwen3_1.7b jid=3477606_0 state=PENDING
[2026-09-06T12:19:39+08:00] WAIT qwen3_1.7b jid=3477606_1 state=PENDING
[2026-09-06T12:19:39+08:00] WAIT qwen3_1.7b jid=3477606_2 state=PENDING
[2026-09-06T12:19:39+08:00] WAIT qwen3_1.7b jid=3477606_3 state=PENDING
[2026-09-06T12:19:39+08:00] WAIT qwen3_1.7b jid=3477606_4 state=PENDING
[2026-09-06T12:19:39+08:00] WAIT qwen3_1.7b jid=3477606_5 state=PENDING
[2026-09-06T12:19:39+08:00] WAIT qwen3_1.7b jid=3477606_6 state=PENDING
[2026-09-06T12:19:39+08:00] WAIT olmo3_7b_think jid=3477607_0 state=PENDING
[2026-09-06T12:19:39+08:00] WAIT olmo3_7b_think jid=3477607_1 state=PENDING
[2026-09-06T12:19:39+08:00] WAIT olmo3_7b_think jid=3477607_2 state=PENDING
[2026-09-06T12:19:39+08:00] WAIT olmo3_7b_think jid=3477607_3 state=PENDING
[2026-09-06T12:19:39+08:00] WAIT olmo3_7b_think jid=3477607_4 state=PENDING
[2026-09-06T12:19:39+08:00] WAIT olmo3_7b_think jid=3477607_5 state=PENDING
[2026-09-06T12:19:39+08:00] WAIT olmo3_7b_think jid=3477607_6 state=PENDING
[2026-09-06T12:19:39+08:00] WAIT qwen3_1.7b jid=3477608_0 state=PENDING
[2026-09-06T12:19:39+08:00] WAIT qwen3_1.7b jid=3477608_1 state=PENDING
[2026-09-06T12:19:39+08:00] WAIT qwen3_1.7b jid=3477608_2 state=PENDING
[2026-09-06T12:19:39+08:00] WAIT qwen3_1.7b jid=3477608_3 state=PENDING
[2026-09-06T12:19:39+08:00] WAIT qwen3_1.7b jid=3477608_4 state=PENDING
[2026-09-06T12:19:39+08:00] WAIT qwen3_1.7b jid=3477608_5 state=PENDING
[2026-09-06T12:19:39+08:00] WAIT qwen3_1.7b jid=3477608_6 state=PENDING
[2026-09-06T12:19:39+08:00] WAIT olmo3_7b_think jid=3477609_0 state=PENDING
[2026-09-06T12:19:39+08:00] WAIT olmo3_7b_think jid=3477609_1 state=PENDING
[2026-09-06T12:19:39+08:00] WAIT olmo3_7b_think jid=3477609_2 state=PENDING
[2026-09-06T12:19:39+08:00] WAIT olmo3_7b_think jid=3477609_3 state=PENDING
[2026-09-06T12:19:39+08:00] WAIT olmo3_7b_think jid=3477609_4 state=PENDING
[2026-09-06T12:19:39+08:00] WAIT olmo3_7b_think jid=3477609_5 state=PENDING
[2026-09-06T12:19:39+08:00] WAIT olmo3_7b_think jid=3477609_6 state=PENDING
[2026-09-06T12:19:39+08:00] progress done=0/37 pending=37 failed=0
[2026-09-06T12:21:39+08:00] WAIT qwen3_1.7b jid=3477428 state=PENDING
[2026-09-06T12:21:39+08:00] WAIT qwen3_1.7b jid=3477429 state=PENDING
[2026-09-06T12:21:39+08:00] WAIT qwen3_1.7b jid=3477430 state=PENDING
[2026-09-06T12:21:39+08:00] WAIT olmo3_7b_think jid=3477431 state=PENDING
[2026-09-06T12:21:39+08:00] WAIT olmo3_7b_think jid=3477432 state=PENDING
[2026-09-06T12:21:39+08:00] WAIT olmo3_7b_think jid=3477433 state=PENDING
[2026-09-06T12:21:39+08:00] WAIT qwen3_4b_instruct jid=3477434 state=PENDING
[2026-09-06T12:21:39+08:00] WAIT qwen3_4b_instruct jid=3477435 state=PENDING
[2026-09-06T12:21:39+08:00] WAIT qwen3_4b_instruct jid=3477436 state=PENDING
[2026-09-06T12:21:39+08:00] WAIT qwen3_1.7b jid=3477606_0 state=PENDING
[2026-09-06T12:21:39+08:00] WAIT qwen3_1.7b jid=3477606_1 state=PENDING
[2026-09-06T12:21:40+08:00] WAIT qwen3_1.7b jid=3477606_2 state=PENDING
[2026-09-06T12:21:40+08:00] WAIT qwen3_1.7b jid=3477606_3 state=PENDING
[2026-09-06T12:21:40+08:00] WAIT qwen3_1.7b jid=3477606_4 state=PENDING
[2026-09-06T12:21:40+08:00] WAIT qwen3_1.7b jid=3477606_5 state=PENDING
[2026-09-06T12:21:40+08:00] WAIT qwen3_1.7b jid=3477606_6 state=PENDING
[2026-09-06T12:21:40+08:00] WAIT olmo3_7b_think jid=3477607_0 state=PENDING
[2026-09-06T12:21:40+08:00] WAIT olmo3_7b_think jid=3477607_1 state=PENDING
[2026-09-06T12:21:40+08:00] WAIT olmo3_7b_think jid=3477607_2 state=PENDING
[2026-09-06T12:21:40+08:00] WAIT olmo3_7b_think jid=3477607_3 state=PENDING
[2026-09-06T12:21:40+08:00] WAIT olmo3_7b_think jid=3477607_4 state=PENDING
[2026-09-06T12:21:40+08:00] WAIT olmo3_7b_think jid=3477607_5 state=PENDING
[2026-09-06T12:21:40+08:00] WAIT olmo3_7b_think jid=3477607_6 state=PENDING
[2026-09-06T12:21:40+08:00] WAIT qwen3_1.7b jid=3477608_0 state=PENDING
[2026-09-06T12:21:40+08:00] WAIT qwen3_1.7b jid=3477608_1 state=PENDING
[2026-09-06T12:21:40+08:00] WAIT qwen3_1.7b jid=3477608_2 state=PENDING
[2026-09-06T12:21:40+08:00] WAIT qwen3_1.7b jid=3477608_3 state=PENDING
[2026-09-06T12:21:40+08:00] WAIT qwen3_1.7b jid=3477608_4 state=PENDING
[2026-09-06T12:21:40+08:00] WAIT qwen3_1.7b jid=3477608_5 state=PENDING
[2026-09-06T12:21:40+08:00] WAIT qwen3_1.7b jid=3477608_6 state=PENDING
[2026-09-06T12:21:40+08:00] WAIT olmo3_7b_think jid=3477609_0 state=PENDING
[2026-09-06T12:21:40+08:00] WAIT olmo3_7b_think jid=3477609_1 state=PENDING
[2026-09-06T12:21:40+08:00] WAIT olmo3_7b_think jid=3477609_2 state=PENDING
[2026-09-06T12:21:40+08:00] WAIT olmo3_7b_think jid=3477609_3 state=PENDING
[2026-09-06T12:21:40+08:00] WAIT olmo3_7b_think jid=3477609_4 state=PENDING
[2026-09-06T12:21:40+08:00] WAIT olmo3_7b_think jid=3477609_5 state=PENDING
[2026-09-06T12:21:40+08:00] WAIT olmo3_7b_think jid=3477609_6 state=PENDING
[2026-09-06T12:21:40+08:00] progress done=0/37 pending=37 failed=0
[2026-09-06T12:23:40+08:00] WAIT qwen3_1.7b jid=3477428 state=PENDING
[2026-09-06T12:23:40+08:00] WAIT qwen3_1.7b jid=3477429 state=PENDING
[2026-09-06T12:23:40+08:00] WAIT qwen3_1.7b jid=3477430 state=PENDING
[2026-09-06T12:23:40+08:00] WAIT olmo3_7b_think jid=3477431 state=PENDING
[2026-09-06T12:23:40+08:00] WAIT olmo3_7b_think jid=3477432 state=PENDING
[2026-09-06T12:23:40+08:00] WAIT olmo3_7b_think jid=3477433 state=PENDING
[2026-09-06T12:23:40+08:00] WAIT qwen3_4b_instruct jid=3477434 state=PENDING
[2026-09-06T12:23:40+08:00] WAIT qwen3_4b_instruct jid=3477435 state=PENDING
[2026-09-06T12:23:40+08:00] WAIT qwen3_4b_instruct jid=3477436 state=PENDING
[2026-09-06T12:23:40+08:00] WAIT qwen3_1.7b jid=3477606_0 state=PENDING
[2026-09-06T12:23:40+08:00] WAIT qwen3_1.7b jid=3477606_1 state=PENDING
[2026-09-06T12:23:40+08:00] WAIT qwen3_1.7b jid=3477606_2 state=PENDING
[2026-09-06T12:23:40+08:00] WAIT qwen3_1.7b jid=3477606_3 state=PENDING
[2026-09-06T12:23:40+08:00] WAIT qwen3_1.7b jid=3477606_4 state=PENDING
[2026-09-06T12:23:40+08:00] WAIT qwen3_1.7b jid=3477606_5 state=PENDING
[2026-09-06T12:23:40+08:00] WAIT qwen3_1.7b jid=3477606_6 state=PENDING
[2026-09-06T12:23:40+08:00] WAIT olmo3_7b_think jid=3477607_0 state=PENDING
[2026-09-06T12:23:40+08:00] WAIT olmo3_7b_think jid=3477607_1 state=PENDING
[2026-09-06T12:23:40+08:00] WAIT olmo3_7b_think jid=3477607_2 state=PENDING
[2026-09-06T12:23:40+08:00] WAIT olmo3_7b_think jid=3477607_3 state=PENDING
[2026-09-06T12:23:40+08:00] WAIT olmo3_7b_think jid=3477607_4 state=PENDING
[2026-09-06T12:23:40+08:00] WAIT olmo3_7b_think jid=3477607_5 state=PENDING
[2026-09-06T12:23:40+08:00] WAIT olmo3_7b_think jid=3477607_6 state=PENDING
[2026-09-06T12:23:40+08:00] WAIT qwen3_1.7b jid=3477608_0 state=PENDING
[2026-09-06T12:23:40+08:00] WAIT qwen3_1.7b jid=3477608_1 state=PENDING
[2026-09-06T12:23:40+08:00] WAIT qwen3_1.7b jid=3477608_2 state=PENDING
[2026-09-06T12:23:40+08:00] WAIT qwen3_1.7b jid=3477608_3 state=PENDING
[2026-09-06T12:23:40+08:00] WAIT qwen3_1.7b jid=3477608_4 state=PENDING
[2026-09-06T12:23:40+08:00] WAIT qwen3_1.7b jid=3477608_5 state=PENDING
[2026-09-06T12:23:40+08:00] WAIT qwen3_1.7b jid=3477608_6 state=PENDING
[2026-09-06T12:23:40+08:00] WAIT olmo3_7b_think jid=3477609_0 state=PENDING
[2026-09-06T12:23:40+08:00] WAIT olmo3_7b_think jid=3477609_1 state=PENDING
[2026-09-06T12:23:40+08:00] WAIT olmo3_7b_think jid=3477609_2 state=PENDING
[2026-09-06T12:23:40+08:00] WAIT olmo3_7b_think jid=3477609_3 state=PENDING
[2026-09-06T12:23:40+08:00] WAIT olmo3_7b_think jid=3477609_4 state=PENDING
[2026-09-06T12:23:40+08:00] WAIT olmo3_7b_think jid=3477609_5 state=PENDING
[2026-09-06T12:23:40+08:00] WAIT olmo3_7b_think jid=3477609_6 state=PENDING
[2026-09-06T12:23:40+08:00] progress done=0/37 pending=37 failed=0
[2026-09-06T12:25:40+08:00] WAIT qwen3_1.7b jid=3477428 state=PENDING
[2026-09-06T12:25:40+08:00] WAIT qwen3_1.7b jid=3477429 state=PENDING
[2026-09-06T12:25:40+08:00] WAIT qwen3_1.7b jid=3477430 state=PENDING
[2026-09-06T12:25:40+08:00] WAIT olmo3_7b_think jid=3477431 state=PENDING
[2026-09-06T12:25:40+08:00] WAIT olmo3_7b_think jid=3477432 state=PENDING
[2026-09-06T12:25:40+08:00] WAIT olmo3_7b_think jid=3477433 state=PENDING
[2026-09-06T12:25:40+08:00] WAIT qwen3_4b_instruct jid=3477434 state=PENDING
[2026-09-06T12:25:40+08:00] WAIT qwen3_4b_instruct jid=3477435 state=PENDING
[2026-09-06T12:25:40+08:00] WAIT qwen3_4b_instruct jid=3477436 state=PENDING
[2026-09-06T12:25:40+08:00] WAIT qwen3_1.7b jid=3477606_0 state=PENDING
[2026-09-06T12:25:40+08:00] WAIT qwen3_1.7b jid=3477606_1 state=PENDING
[2026-09-06T12:25:40+08:00] WAIT qwen3_1.7b jid=3477606_2 state=PENDING
[2026-09-06T12:25:40+08:00] WAIT qwen3_1.7b jid=3477606_3 state=PENDING
[2026-09-06T12:25:40+08:00] WAIT qwen3_1.7b jid=3477606_4 state=PENDING
[2026-09-06T12:25:40+08:00] WAIT qwen3_1.7b jid=3477606_5 state=PENDING
[2026-09-06T12:25:40+08:00] WAIT qwen3_1.7b jid=3477606_6 state=PENDING
[2026-09-06T12:25:40+08:00] WAIT olmo3_7b_think jid=3477607_0 state=PENDING
[2026-09-06T12:25:40+08:00] WAIT olmo3_7b_think jid=3477607_1 state=PENDING
[2026-09-06T12:25:40+08:00] WAIT olmo3_7b_think jid=3477607_2 state=PENDING
[2026-09-06T12:25:40+08:00] WAIT olmo3_7b_think jid=3477607_3 state=PENDING
[2026-09-06T12:25:40+08:00] WAIT olmo3_7b_think jid=3477607_4 state=PENDING
[2026-09-06T12:25:40+08:00] WAIT olmo3_7b_think jid=3477607_5 state=PENDING
[2026-09-06T12:25:40+08:00] WAIT olmo3_7b_think jid=3477607_6 state=PENDING
[2026-09-06T12:25:40+08:00] WAIT qwen3_1.7b jid=3477608_0 state=PENDING
[2026-09-06T12:25:40+08:00] WAIT qwen3_1.7b jid=3477608_1 state=PENDING
[2026-09-06T12:25:40+08:00] WAIT qwen3_1.7b jid=3477608_2 state=PENDING
[2026-09-06T12:25:40+08:00] WAIT qwen3_1.7b jid=3477608_3 state=PENDING
[2026-09-06T12:25:40+08:00] WAIT qwen3_1.7b jid=3477608_4 state=PENDING
[2026-09-06T12:25:40+08:00] WAIT qwen3_1.7b jid=3477608_5 state=PENDING
[2026-09-06T12:25:40+08:00] WAIT qwen3_1.7b jid=3477608_6 state=PENDING
[2026-09-06T12:25:40+08:00] WAIT olmo3_7b_think jid=3477609_0 state=PENDING
[2026-09-06T12:25:40+08:00] WAIT olmo3_7b_think jid=3477609_1 state=PENDING
[2026-09-06T12:25:40+08:00] WAIT olmo3_7b_think jid=3477609_2 state=PENDING
[2026-09-06T12:25:40+08:00] WAIT olmo3_7b_think jid=3477609_3 state=PENDING
[2026-09-06T12:25:41+08:00] WAIT olmo3_7b_think jid=3477609_4 state=PENDING
[2026-09-06T12:25:41+08:00] WAIT olmo3_7b_think jid=3477609_5 state=PENDING
[2026-09-06T12:25:41+08:00] WAIT olmo3_7b_think jid=3477609_6 state=PENDING
[2026-09-06T12:25:41+08:00] progress done=0/37 pending=37 failed=0
[2026-09-06T12:27:41+08:00] WAIT qwen3_1.7b jid=3477428 state=PENDING
[2026-09-06T12:27:41+08:00] WAIT qwen3_1.7b jid=3477429 state=PENDING
[2026-09-06T12:27:41+08:00] WAIT qwen3_1.7b jid=3477430 state=PENDING
[2026-09-06T12:27:41+08:00] WAIT olmo3_7b_think jid=3477431 state=PENDING
[2026-09-06T12:27:41+08:00] WAIT olmo3_7b_think jid=3477432 state=PENDING
[2026-09-06T12:27:41+08:00] WAIT olmo3_7b_think jid=3477433 state=PENDING
[2026-09-06T12:27:41+08:00] WAIT qwen3_4b_instruct jid=3477434 state=PENDING
[2026-09-06T12:27:41+08:00] WAIT qwen3_4b_instruct jid=3477435 state=PENDING
[2026-09-06T12:27:41+08:00] WAIT qwen3_4b_instruct jid=3477436 state=PENDING
[2026-09-06T12:27:41+08:00] WAIT qwen3_1.7b jid=3477606_0 state=PENDING
[2026-09-06T12:27:41+08:00] WAIT qwen3_1.7b jid=3477606_1 state=PENDING
[2026-09-06T12:27:41+08:00] WAIT qwen3_1.7b jid=3477606_2 state=PENDING
[2026-09-06T12:27:41+08:00] WAIT qwen3_1.7b jid=3477606_3 state=PENDING
[2026-09-06T12:27:41+08:00] WAIT qwen3_1.7b jid=3477606_4 state=PENDING
[2026-09-06T12:27:41+08:00] WAIT qwen3_1.7b jid=3477606_5 state=PENDING
[2026-09-06T12:27:41+08:00] WAIT qwen3_1.7b jid=3477606_6 state=PENDING
[2026-09-06T12:27:41+08:00] WAIT olmo3_7b_think jid=3477607_0 state=PENDING
[2026-09-06T12:27:41+08:00] WAIT olmo3_7b_think jid=3477607_1 state=PENDING
[2026-09-06T12:27:41+08:00] WAIT olmo3_7b_think jid=3477607_2 state=PENDING
[2026-09-06T12:27:41+08:00] WAIT olmo3_7b_think jid=3477607_3 state=PENDING
[2026-09-06T12:27:41+08:00] WAIT olmo3_7b_think jid=3477607_4 state=PENDING
[2026-09-06T12:27:41+08:00] WAIT olmo3_7b_think jid=3477607_5 state=PENDING
[2026-09-06T12:27:41+08:00] WAIT olmo3_7b_think jid=3477607_6 state=PENDING
[2026-09-06T12:27:41+08:00] WAIT qwen3_1.7b jid=3477608_0 state=PENDING
[2026-09-06T12:27:41+08:00] WAIT qwen3_1.7b jid=3477608_1 state=PENDING
[2026-09-06T12:27:41+08:00] WAIT qwen3_1.7b jid=3477608_2 state=PENDING
[2026-09-06T12:27:41+08:00] WAIT qwen3_1.7b jid=3477608_3 state=PENDING
[2026-09-06T12:27:41+08:00] WAIT qwen3_1.7b jid=3477608_4 state=PENDING
[2026-09-06T12:27:41+08:00] WAIT qwen3_1.7b jid=3477608_5 state=PENDING
[2026-09-06T12:27:41+08:00] WAIT qwen3_1.7b jid=3477608_6 state=PENDING
[2026-09-06T12:27:41+08:00] WAIT olmo3_7b_think jid=3477609_0 state=PENDING
[2026-09-06T12:27:41+08:00] WAIT olmo3_7b_think jid=3477609_1 state=PENDING
[2026-09-06T12:27:41+08:00] WAIT olmo3_7b_think jid=3477609_2 state=PENDING
[2026-09-06T12:27:41+08:00] WAIT olmo3_7b_think jid=3477609_3 state=PENDING
[2026-09-06T12:27:41+08:00] WAIT olmo3_7b_think jid=3477609_4 state=PENDING
[2026-09-06T12:27:41+08:00] WAIT olmo3_7b_think jid=3477609_5 state=PENDING
[2026-09-06T12:27:41+08:00] WAIT olmo3_7b_think jid=3477609_6 state=PENDING
[2026-09-06T12:27:41+08:00] progress done=0/37 pending=37 failed=0
[2026-09-06T12:29:41+08:00] WAIT qwen3_1.7b jid=3477428 state=PENDING
[2026-09-06T12:29:41+08:00] WAIT qwen3_1.7b jid=3477429 state=PENDING
[2026-09-06T12:29:41+08:00] WAIT qwen3_1.7b jid=3477430 state=PENDING
[2026-09-06T12:29:41+08:00] WAIT olmo3_7b_think jid=3477431 state=PENDING
[2026-09-06T12:29:41+08:00] WAIT olmo3_7b_think jid=3477432 state=PENDING
[2026-09-06T12:29:41+08:00] WAIT olmo3_7b_think jid=3477433 state=PENDING
[2026-09-06T12:29:41+08:00] WAIT qwen3_4b_instruct jid=3477434 state=PENDING
[2026-09-06T12:29:41+08:00] WAIT qwen3_4b_instruct jid=3477435 state=PENDING
[2026-09-06T12:29:41+08:00] WAIT qwen3_4b_instruct jid=3477436 state=PENDING
[2026-09-06T12:29:41+08:00] WAIT qwen3_1.7b jid=3477606_0 state=PENDING
[2026-09-06T12:29:41+08:00] WAIT qwen3_1.7b jid=3477606_1 state=PENDING
[2026-09-06T12:29:41+08:00] WAIT qwen3_1.7b jid=3477606_2 state=PENDING
[2026-09-06T12:29:41+08:00] WAIT qwen3_1.7b jid=3477606_3 state=PENDING
[2026-09-06T12:29:41+08:00] WAIT qwen3_1.7b jid=3477606_4 state=PENDING
[2026-09-06T12:29:41+08:00] WAIT qwen3_1.7b jid=3477606_5 state=PENDING
[2026-09-06T12:29:41+08:00] WAIT qwen3_1.7b jid=3477606_6 state=PENDING
[2026-09-06T12:29:41+08:00] WAIT olmo3_7b_think jid=3477607_0 state=PENDING
[2026-09-06T12:29:41+08:00] WAIT olmo3_7b_think jid=3477607_1 state=PENDING
[2026-09-06T12:29:41+08:00] WAIT olmo3_7b_think jid=3477607_2 state=PENDING
[2026-09-06T12:29:41+08:00] WAIT olmo3_7b_think jid=3477607_3 state=PENDING
[2026-09-06T12:29:41+08:00] WAIT olmo3_7b_think jid=3477607_4 state=PENDING
[2026-09-06T12:29:41+08:00] WAIT olmo3_7b_think jid=3477607_5 state=PENDING
[2026-09-06T12:29:41+08:00] WAIT olmo3_7b_think jid=3477607_6 state=PENDING
[2026-09-06T12:29:41+08:00] WAIT qwen3_1.7b jid=3477608_0 state=PENDING
[2026-09-06T12:29:41+08:00] WAIT qwen3_1.7b jid=3477608_1 state=PENDING
[2026-09-06T12:29:41+08:00] WAIT qwen3_1.7b jid=3477608_2 state=PENDING
[2026-09-06T12:29:41+08:00] WAIT qwen3_1.7b jid=3477608_3 state=PENDING
[2026-09-06T12:29:41+08:00] WAIT qwen3_1.7b jid=3477608_4 state=PENDING
[2026-09-06T12:29:41+08:00] WAIT qwen3_1.7b jid=3477608_5 state=PENDING
[2026-09-06T12:29:41+08:00] WAIT qwen3_1.7b jid=3477608_6 state=PENDING
[2026-09-06T12:29:41+08:00] WAIT olmo3_7b_think jid=3477609_0 state=PENDING
[2026-09-06T12:29:41+08:00] WAIT olmo3_7b_think jid=3477609_1 state=PENDING
[2026-09-06T12:29:41+08:00] WAIT olmo3_7b_think jid=3477609_2 state=PENDING
[2026-09-06T12:29:41+08:00] WAIT olmo3_7b_think jid=3477609_3 state=PENDING
[2026-09-06T12:29:41+08:00] WAIT olmo3_7b_think jid=3477609_4 state=PENDING
[2026-09-06T12:29:41+08:00] WAIT olmo3_7b_think jid=3477609_5 state=PENDING
[2026-09-06T12:29:41+08:00] WAIT olmo3_7b_think jid=3477609_6 state=PENDING
[2026-09-06T12:29:41+08:00] progress done=0/37 pending=37 failed=0
[2026-09-06T12:31:41+08:00] WAIT qwen3_1.7b jid=3477428 state=PENDING
[2026-09-06T12:31:41+08:00] WAIT qwen3_1.7b jid=3477429 state=PENDING
[2026-09-06T12:31:41+08:00] WAIT qwen3_1.7b jid=3477430 state=PENDING
[2026-09-06T12:31:41+08:00] WAIT olmo3_7b_think jid=3477431 state=PENDING
[2026-09-06T12:31:41+08:00] WAIT olmo3_7b_think jid=3477432 state=PENDING
[2026-09-06T12:31:41+08:00] WAIT olmo3_7b_think jid=3477433 state=PENDING
[2026-09-06T12:31:41+08:00] WAIT qwen3_4b_instruct jid=3477434 state=PENDING
[2026-09-06T12:31:41+08:00] WAIT qwen3_4b_instruct jid=3477435 state=PENDING
[2026-09-06T12:31:41+08:00] WAIT qwen3_4b_instruct jid=3477436 state=PENDING
[2026-09-06T12:31:41+08:00] WAIT qwen3_1.7b jid=3477606_0 state=PENDING
[2026-09-06T12:31:41+08:00] WAIT qwen3_1.7b jid=3477606_1 state=PENDING
[2026-09-06T12:31:41+08:00] WAIT qwen3_1.7b jid=3477606_2 state=PENDING
[2026-09-06T12:31:41+08:00] WAIT qwen3_1.7b jid=3477606_3 state=PENDING
[2026-09-06T12:31:41+08:00] WAIT qwen3_1.7b jid=3477606_4 state=PENDING
[2026-09-06T12:31:41+08:00] WAIT qwen3_1.7b jid=3477606_5 state=PENDING
[2026-09-06T12:31:41+08:00] WAIT qwen3_1.7b jid=3477606_6 state=PENDING
[2026-09-06T12:31:41+08:00] WAIT olmo3_7b_think jid=3477607_0 state=PENDING
[2026-09-06T12:31:41+08:00] WAIT olmo3_7b_think jid=3477607_1 state=PENDING
[2026-09-06T12:31:41+08:00] WAIT olmo3_7b_think jid=3477607_2 state=PENDING
[2026-09-06T12:31:41+08:00] WAIT olmo3_7b_think jid=3477607_3 state=PENDING
[2026-09-06T12:31:42+08:00] WAIT olmo3_7b_think jid=3477607_4 state=PENDING
[2026-09-06T12:31:42+08:00] WAIT olmo3_7b_think jid=3477607_5 state=PENDING
[2026-09-06T12:31:42+08:00] WAIT olmo3_7b_think jid=3477607_6 state=PENDING
[2026-09-06T12:31:42+08:00] WAIT qwen3_1.7b jid=3477608_0 state=PENDING
[2026-09-06T12:31:42+08:00] WAIT qwen3_1.7b jid=3477608_1 state=PENDING
[2026-09-06T12:31:42+08:00] WAIT qwen3_1.7b jid=3477608_2 state=PENDING
[2026-09-06T12:31:42+08:00] WAIT qwen3_1.7b jid=3477608_3 state=PENDING
[2026-09-06T12:31:42+08:00] WAIT qwen3_1.7b jid=3477608_4 state=PENDING
[2026-09-06T12:31:42+08:00] WAIT qwen3_1.7b jid=3477608_5 state=PENDING
[2026-09-06T12:31:42+08:00] WAIT qwen3_1.7b jid=3477608_6 state=PENDING
[2026-09-06T12:31:42+08:00] WAIT olmo3_7b_think jid=3477609_0 state=PENDING
[2026-09-06T12:31:42+08:00] WAIT olmo3_7b_think jid=3477609_1 state=PENDING
[2026-09-06T12:31:42+08:00] WAIT olmo3_7b_think jid=3477609_2 state=PENDING
[2026-09-06T12:31:42+08:00] WAIT olmo3_7b_think jid=3477609_3 state=PENDING
[2026-09-06T12:31:42+08:00] WAIT olmo3_7b_think jid=3477609_4 state=PENDING
[2026-09-06T12:31:42+08:00] WAIT olmo3_7b_think jid=3477609_5 state=PENDING
[2026-09-06T12:31:42+08:00] WAIT olmo3_7b_think jid=3477609_6 state=PENDING
[2026-09-06T12:31:42+08:00] progress done=0/37 pending=37 failed=0
[2026-09-06T12:33:42+08:00] WAIT qwen3_1.7b jid=3477428 state=PENDING
[2026-09-06T12:33:42+08:00] WAIT qwen3_1.7b jid=3477429 state=PENDING
[2026-09-06T12:33:42+08:00] WAIT qwen3_1.7b jid=3477430 state=PENDING
[2026-09-06T12:33:42+08:00] WAIT olmo3_7b_think jid=3477431 state=PENDING
[2026-09-06T12:33:42+08:00] WAIT olmo3_7b_think jid=3477432 state=PENDING
[2026-09-06T12:33:42+08:00] WAIT olmo3_7b_think jid=3477433 state=PENDING
[2026-09-06T12:33:42+08:00] WAIT qwen3_4b_instruct jid=3477434 state=PENDING
[2026-09-06T12:33:42+08:00] WAIT qwen3_4b_instruct jid=3477435 state=PENDING
[2026-09-06T12:33:42+08:00] WAIT qwen3_4b_instruct jid=3477436 state=PENDING
[2026-09-06T12:33:42+08:00] WAIT qwen3_1.7b jid=3477606_0 state=PENDING
[2026-09-06T12:33:42+08:00] WAIT qwen3_1.7b jid=3477606_1 state=PENDING
[2026-09-06T12:33:42+08:00] WAIT qwen3_1.7b jid=3477606_2 state=PENDING
[2026-09-06T12:33:42+08:00] WAIT qwen3_1.7b jid=3477606_3 state=PENDING
[2026-09-06T12:33:42+08:00] WAIT qwen3_1.7b jid=3477606_4 state=PENDING
[2026-09-06T12:33:42+08:00] WAIT qwen3_1.7b jid=3477606_5 state=PENDING
[2026-09-06T12:33:42+08:00] WAIT qwen3_1.7b jid=3477606_6 state=PENDING
[2026-09-06T12:33:42+08:00] WAIT olmo3_7b_think jid=3477607_0 state=PENDING
[2026-09-06T12:33:42+08:00] WAIT olmo3_7b_think jid=3477607_1 state=PENDING
[2026-09-06T12:33:42+08:00] WAIT olmo3_7b_think jid=3477607_2 state=PENDING
[2026-09-06T12:33:42+08:00] WAIT olmo3_7b_think jid=3477607_3 state=PENDING
[2026-09-06T12:33:42+08:00] WAIT olmo3_7b_think jid=3477607_4 state=PENDING
[2026-09-06T12:33:42+08:00] WAIT olmo3_7b_think jid=3477607_5 state=PENDING
[2026-09-06T12:33:42+08:00] WAIT olmo3_7b_think jid=3477607_6 state=PENDING
[2026-09-06T12:33:42+08:00] WAIT qwen3_1.7b jid=3477608_0 state=PENDING
[2026-09-06T12:33:42+08:00] WAIT qwen3_1.7b jid=3477608_1 state=PENDING
[2026-09-06T12:33:42+08:00] WAIT qwen3_1.7b jid=3477608_2 state=PENDING
[2026-09-06T12:33:42+08:00] WAIT qwen3_1.7b jid=3477608_3 state=PENDING
[2026-09-06T12:33:42+08:00] WAIT qwen3_1.7b jid=3477608_4 state=PENDING
[2026-09-06T12:33:42+08:00] WAIT qwen3_1.7b jid=3477608_5 state=PENDING
[2026-09-06T12:33:42+08:00] WAIT qwen3_1.7b jid=3477608_6 state=PENDING
[2026-09-06T12:33:42+08:00] WAIT olmo3_7b_think jid=3477609_0 state=PENDING
[2026-09-06T12:33:42+08:00] WAIT olmo3_7b_think jid=3477609_1 state=PENDING
[2026-09-06T12:33:42+08:00] WAIT olmo3_7b_think jid=3477609_2 state=PENDING
[2026-09-06T12:33:42+08:00] WAIT olmo3_7b_think jid=3477609_3 state=PENDING
[2026-09-06T12:33:42+08:00] WAIT olmo3_7b_think jid=3477609_4 state=PENDING
[2026-09-06T12:33:42+08:00] WAIT olmo3_7b_think jid=3477609_5 state=PENDING
[2026-09-06T12:33:42+08:00] WAIT olmo3_7b_think jid=3477609_6 state=PENDING
[2026-09-06T12:33:42+08:00] progress done=0/37 pending=37 failed=0
[2026-09-06T12:35:42+08:00] WAIT qwen3_1.7b jid=3477428 state=PENDING
[2026-09-06T12:35:42+08:00] WAIT qwen3_1.7b jid=3477429 state=PENDING
[2026-09-06T12:35:42+08:00] WAIT qwen3_1.7b jid=3477430 state=PENDING
[2026-09-06T12:35:42+08:00] WAIT olmo3_7b_think jid=3477431 state=PENDING
[2026-09-06T12:35:42+08:00] WAIT olmo3_7b_think jid=3477432 state=PENDING
[2026-09-06T12:35:42+08:00] WAIT olmo3_7b_think jid=3477433 state=PENDING
[2026-09-06T12:35:42+08:00] WAIT qwen3_4b_instruct jid=3477434 state=PENDING
[2026-09-06T12:35:42+08:00] WAIT qwen3_4b_instruct jid=3477435 state=PENDING
[2026-09-06T12:35:42+08:00] WAIT qwen3_4b_instruct jid=3477436 state=PENDING
[2026-09-06T12:35:42+08:00] WAIT qwen3_1.7b jid=3477606_0 state=PENDING
[2026-09-06T12:35:42+08:00] WAIT qwen3_1.7b jid=3477606_1 state=PENDING
[2026-09-06T12:35:42+08:00] WAIT qwen3_1.7b jid=3477606_2 state=PENDING
[2026-09-06T12:35:42+08:00] WAIT qwen3_1.7b jid=3477606_3 state=PENDING
[2026-09-06T12:35:42+08:00] WAIT qwen3_1.7b jid=3477606_4 state=PENDING
[2026-09-06T12:35:42+08:00] WAIT qwen3_1.7b jid=3477606_5 state=PENDING
[2026-09-06T12:35:42+08:00] WAIT qwen3_1.7b jid=3477606_6 state=PENDING
[2026-09-06T12:35:42+08:00] WAIT olmo3_7b_think jid=3477607_0 state=PENDING
[2026-09-06T12:35:42+08:00] WAIT olmo3_7b_think jid=3477607_1 state=PENDING
[2026-09-06T12:35:42+08:00] WAIT olmo3_7b_think jid=3477607_2 state=PENDING
[2026-09-06T12:35:42+08:00] WAIT olmo3_7b_think jid=3477607_3 state=PENDING
[2026-09-06T12:35:42+08:00] WAIT olmo3_7b_think jid=3477607_4 state=PENDING
[2026-09-06T12:35:42+08:00] WAIT olmo3_7b_think jid=3477607_5 state=PENDING
[2026-09-06T12:35:42+08:00] WAIT olmo3_7b_think jid=3477607_6 state=PENDING
[2026-09-06T12:35:42+08:00] WAIT qwen3_1.7b jid=3477608_0 state=PENDING
[2026-09-06T12:35:42+08:00] WAIT qwen3_1.7b jid=3477608_1 state=PENDING
[2026-09-06T12:35:42+08:00] WAIT qwen3_1.7b jid=3477608_2 state=PENDING
[2026-09-06T12:35:42+08:00] WAIT qwen3_1.7b jid=3477608_3 state=PENDING
[2026-09-06T12:35:42+08:00] WAIT qwen3_1.7b jid=3477608_4 state=PENDING
[2026-09-06T12:35:42+08:00] WAIT qwen3_1.7b jid=3477608_5 state=PENDING
[2026-09-06T12:35:42+08:00] WAIT qwen3_1.7b jid=3477608_6 state=PENDING
[2026-09-06T12:35:42+08:00] WAIT olmo3_7b_think jid=3477609_0 state=PENDING
[2026-09-06T12:35:42+08:00] WAIT olmo3_7b_think jid=3477609_1 state=PENDING
[2026-09-06T12:35:42+08:00] WAIT olmo3_7b_think jid=3477609_2 state=PENDING
[2026-09-06T12:35:42+08:00] WAIT olmo3_7b_think jid=3477609_3 state=PENDING
[2026-09-06T12:35:42+08:00] WAIT olmo3_7b_think jid=3477609_4 state=PENDING
[2026-09-06T12:35:42+08:00] WAIT olmo3_7b_think jid=3477609_5 state=PENDING
[2026-09-06T12:35:42+08:00] WAIT olmo3_7b_think jid=3477609_6 state=PENDING
[2026-09-06T12:35:42+08:00] progress done=0/37 pending=37 failed=0
[2026-09-06T12:37:42+08:00] WAIT qwen3_1.7b jid=3477428 state=PENDING
[2026-09-06T12:37:42+08:00] WAIT qwen3_1.7b jid=3477429 state=PENDING
[2026-09-06T12:37:42+08:00] WAIT qwen3_1.7b jid=3477430 state=PENDING
[2026-09-06T12:37:42+08:00] WAIT olmo3_7b_think jid=3477431 state=PENDING
[2026-09-06T12:37:42+08:00] WAIT olmo3_7b_think jid=3477432 state=PENDING
[2026-09-06T12:37:42+08:00] WAIT olmo3_7b_think jid=3477433 state=PENDING
[2026-09-06T12:37:43+08:00] WAIT qwen3_4b_instruct jid=3477434 state=PENDING
[2026-09-06T12:37:43+08:00] WAIT qwen3_4b_instruct jid=3477435 state=PENDING
[2026-09-06T12:37:43+08:00] WAIT qwen3_4b_instruct jid=3477436 state=PENDING
[2026-09-06T12:37:43+08:00] WAIT qwen3_1.7b jid=3477606_0 state=PENDING
[2026-09-06T12:37:43+08:00] WAIT qwen3_1.7b jid=3477606_1 state=PENDING
[2026-09-06T12:37:43+08:00] WAIT qwen3_1.7b jid=3477606_2 state=PENDING
[2026-09-06T12:37:43+08:00] WAIT qwen3_1.7b jid=3477606_3 state=PENDING
[2026-09-06T12:37:43+08:00] WAIT qwen3_1.7b jid=3477606_4 state=PENDING
[2026-09-06T12:37:43+08:00] WAIT qwen3_1.7b jid=3477606_5 state=PENDING
[2026-09-06T12:37:43+08:00] WAIT qwen3_1.7b jid=3477606_6 state=PENDING
[2026-09-06T12:37:43+08:00] WAIT olmo3_7b_think jid=3477607_0 state=PENDING
[2026-09-06T12:37:43+08:00] WAIT olmo3_7b_think jid=3477607_1 state=PENDING
[2026-09-06T12:37:43+08:00] WAIT olmo3_7b_think jid=3477607_2 state=PENDING
[2026-09-06T12:37:43+08:00] WAIT olmo3_7b_think jid=3477607_3 state=PENDING
[2026-09-06T12:37:43+08:00] WAIT olmo3_7b_think jid=3477607_4 state=PENDING
[2026-09-06T12:37:43+08:00] WAIT olmo3_7b_think jid=3477607_5 state=PENDING
[2026-09-06T12:37:43+08:00] WAIT olmo3_7b_think jid=3477607_6 state=PENDING
[2026-09-06T12:37:43+08:00] WAIT qwen3_1.7b jid=3477608_0 state=PENDING
[2026-09-06T12:37:43+08:00] WAIT qwen3_1.7b jid=3477608_1 state=PENDING
[2026-09-06T12:37:43+08:00] WAIT qwen3_1.7b jid=3477608_2 state=PENDING
[2026-09-06T12:37:43+08:00] WAIT qwen3_1.7b jid=3477608_3 state=PENDING
[2026-09-06T12:37:43+08:00] WAIT qwen3_1.7b jid=3477608_4 state=PENDING
[2026-09-06T12:37:43+08:00] WAIT qwen3_1.7b jid=3477608_5 state=PENDING
[2026-09-06T12:37:43+08:00] WAIT qwen3_1.7b jid=3477608_6 state=PENDING
[2026-09-06T12:37:43+08:00] WAIT olmo3_7b_think jid=3477609_0 state=PENDING
[2026-09-06T12:37:43+08:00] WAIT olmo3_7b_think jid=3477609_1 state=PENDING
[2026-09-06T12:37:43+08:00] WAIT olmo3_7b_think jid=3477609_2 state=PENDING
[2026-09-06T12:37:43+08:00] WAIT olmo3_7b_think jid=3477609_3 state=PENDING
[2026-09-06T12:37:43+08:00] WAIT olmo3_7b_think jid=3477609_4 state=PENDING
[2026-09-06T12:37:43+08:00] WAIT olmo3_7b_think jid=3477609_5 state=PENDING
[2026-09-06T12:37:43+08:00] WAIT olmo3_7b_think jid=3477609_6 state=PENDING
[2026-09-06T12:37:43+08:00] progress done=0/37 pending=37 failed=0
[2026-09-06T12:39:43+08:00] WAIT qwen3_1.7b jid=3477428 state=PENDING
[2026-09-06T12:39:43+08:00] WAIT qwen3_1.7b jid=3477429 state=PENDING
[2026-09-06T12:39:43+08:00] WAIT qwen3_1.7b jid=3477430 state=PENDING
[2026-09-06T12:39:43+08:00] WAIT olmo3_7b_think jid=3477431 state=PENDING
[2026-09-06T12:39:43+08:00] WAIT olmo3_7b_think jid=3477432 state=PENDING
[2026-09-06T12:39:43+08:00] WAIT olmo3_7b_think jid=3477433 state=PENDING
[2026-09-06T12:39:43+08:00] WAIT qwen3_4b_instruct jid=3477434 state=PENDING
[2026-09-06T12:39:43+08:00] WAIT qwen3_4b_instruct jid=3477435 state=PENDING
[2026-09-06T12:39:43+08:00] WAIT qwen3_4b_instruct jid=3477436 state=PENDING
[2026-09-06T12:39:43+08:00] WAIT qwen3_1.7b jid=3477606_0 state=PENDING
[2026-09-06T12:39:43+08:00] WAIT qwen3_1.7b jid=3477606_1 state=PENDING
[2026-09-06T12:39:43+08:00] WAIT qwen3_1.7b jid=3477606_2 state=PENDING
[2026-09-06T12:39:43+08:00] WAIT qwen3_1.7b jid=3477606_3 state=PENDING
[2026-09-06T12:39:43+08:00] WAIT qwen3_1.7b jid=3477606_4 state=PENDING
[2026-09-06T12:39:43+08:00] WAIT qwen3_1.7b jid=3477606_5 state=PENDING
[2026-09-06T12:39:43+08:00] WAIT qwen3_1.7b jid=3477606_6 state=PENDING
[2026-09-06T12:39:43+08:00] WAIT olmo3_7b_think jid=3477607_0 state=PENDING
[2026-09-06T12:39:43+08:00] WAIT olmo3_7b_think jid=3477607_1 state=PENDING
[2026-09-06T12:39:43+08:00] WAIT olmo3_7b_think jid=3477607_2 state=PENDING
[2026-09-06T12:39:43+08:00] WAIT olmo3_7b_think jid=3477607_3 state=PENDING
[2026-09-06T12:39:43+08:00] WAIT olmo3_7b_think jid=3477607_4 state=PENDING
[2026-09-06T12:39:43+08:00] WAIT olmo3_7b_think jid=3477607_5 state=PENDING
[2026-09-06T12:39:43+08:00] WAIT olmo3_7b_think jid=3477607_6 state=PENDING
[2026-09-06T12:39:43+08:00] WAIT qwen3_1.7b jid=3477608_0 state=PENDING
[2026-09-06T12:39:43+08:00] WAIT qwen3_1.7b jid=3477608_1 state=PENDING
[2026-09-06T12:39:43+08:00] WAIT qwen3_1.7b jid=3477608_2 state=PENDING
[2026-09-06T12:39:43+08:00] WAIT qwen3_1.7b jid=3477608_3 state=PENDING
[2026-09-06T12:39:43+08:00] WAIT qwen3_1.7b jid=3477608_4 state=PENDING
[2026-09-06T12:39:43+08:00] WAIT qwen3_1.7b jid=3477608_5 state=PENDING
[2026-09-06T12:39:43+08:00] WAIT qwen3_1.7b jid=3477608_6 state=PENDING
[2026-09-06T12:39:43+08:00] WAIT olmo3_7b_think jid=3477609_0 state=PENDING
[2026-09-06T12:39:43+08:00] WAIT olmo3_7b_think jid=3477609_1 state=PENDING
[2026-09-06T12:39:43+08:00] WAIT olmo3_7b_think jid=3477609_2 state=PENDING
[2026-09-06T12:39:43+08:00] WAIT olmo3_7b_think jid=3477609_3 state=PENDING
[2026-09-06T12:39:43+08:00] WAIT olmo3_7b_think jid=3477609_4 state=PENDING
[2026-09-06T12:39:43+08:00] WAIT olmo3_7b_think jid=3477609_5 state=PENDING
[2026-09-06T12:39:43+08:00] WAIT olmo3_7b_think jid=3477609_6 state=PENDING
[2026-09-06T12:39:43+08:00] progress done=0/37 pending=37 failed=0
[2026-09-06T12:41:43+08:00] WAIT qwen3_1.7b jid=3477428 state=PENDING
[2026-09-06T12:41:43+08:00] WAIT qwen3_1.7b jid=3477429 state=PENDING
[2026-09-06T12:41:43+08:00] WAIT qwen3_1.7b jid=3477430 state=PENDING
[2026-09-06T12:41:43+08:00] WAIT olmo3_7b_think jid=3477431 state=PENDING
[2026-09-06T12:41:43+08:00] WAIT olmo3_7b_think jid=3477432 state=PENDING
[2026-09-06T12:41:43+08:00] WAIT olmo3_7b_think jid=3477433 state=PENDING
[2026-09-06T12:41:43+08:00] WAIT qwen3_4b_instruct jid=3477434 state=PENDING
[2026-09-06T12:41:43+08:00] WAIT qwen3_4b_instruct jid=3477435 state=PENDING
[2026-09-06T12:41:43+08:00] WAIT qwen3_4b_instruct jid=3477436 state=PENDING
[2026-09-06T12:41:43+08:00] WAIT qwen3_1.7b jid=3477606_0 state=PENDING
[2026-09-06T12:41:43+08:00] WAIT qwen3_1.7b jid=3477606_1 state=PENDING
[2026-09-06T12:41:43+08:00] WAIT qwen3_1.7b jid=3477606_2 state=PENDING
[2026-09-06T12:41:43+08:00] WAIT qwen3_1.7b jid=3477606_3 state=PENDING
[2026-09-06T12:41:43+08:00] WAIT qwen3_1.7b jid=3477606_4 state=PENDING
[2026-09-06T12:41:43+08:00] WAIT qwen3_1.7b jid=3477606_5 state=PENDING
[2026-09-06T12:41:43+08:00] WAIT qwen3_1.7b jid=3477606_6 state=PENDING
[2026-09-06T12:41:43+08:00] WAIT olmo3_7b_think jid=3477607_0 state=PENDING
[2026-09-06T12:41:43+08:00] WAIT olmo3_7b_think jid=3477607_1 state=PENDING
[2026-09-06T12:41:43+08:00] WAIT olmo3_7b_think jid=3477607_2 state=PENDING
[2026-09-06T12:41:43+08:00] WAIT olmo3_7b_think jid=3477607_3 state=PENDING
[2026-09-06T12:41:43+08:00] WAIT olmo3_7b_think jid=3477607_4 state=PENDING
[2026-09-06T12:41:43+08:00] WAIT olmo3_7b_think jid=3477607_5 state=PENDING
[2026-09-06T12:41:43+08:00] WAIT olmo3_7b_think jid=3477607_6 state=PENDING
[2026-09-06T12:41:43+08:00] WAIT qwen3_1.7b jid=3477608_0 state=PENDING
[2026-09-06T12:41:43+08:00] WAIT qwen3_1.7b jid=3477608_1 state=PENDING
[2026-09-06T12:41:43+08:00] WAIT qwen3_1.7b jid=3477608_2 state=PENDING
[2026-09-06T12:41:43+08:00] WAIT qwen3_1.7b jid=3477608_3 state=PENDING
[2026-09-06T12:41:43+08:00] WAIT qwen3_1.7b jid=3477608_4 state=PENDING
[2026-09-06T12:41:43+08:00] WAIT qwen3_1.7b jid=3477608_5 state=PENDING
[2026-09-06T12:41:44+08:00] WAIT qwen3_1.7b jid=3477608_6 state=PENDING
[2026-09-06T12:41:44+08:00] WAIT olmo3_7b_think jid=3477609_0 state=PENDING
[2026-09-06T12:41:44+08:00] WAIT olmo3_7b_think jid=3477609_1 state=PENDING
[2026-09-06T12:41:44+08:00] WAIT olmo3_7b_think jid=3477609_2 state=PENDING
[2026-09-06T12:41:44+08:00] WAIT olmo3_7b_think jid=3477609_3 state=PENDING
[2026-09-06T12:41:44+08:00] WAIT olmo3_7b_think jid=3477609_4 state=PENDING
[2026-09-06T12:41:44+08:00] WAIT olmo3_7b_think jid=3477609_5 state=PENDING
[2026-09-06T12:41:44+08:00] WAIT olmo3_7b_think jid=3477609_6 state=PENDING
[2026-09-06T12:41:44+08:00] progress done=0/37 pending=37 failed=0
[2026-09-06T12:43:44+08:00] WAIT qwen3_1.7b jid=3477428 state=PENDING
[2026-09-06T12:43:44+08:00] WAIT qwen3_1.7b jid=3477429 state=PENDING
[2026-09-06T12:43:44+08:00] WAIT qwen3_1.7b jid=3477430 state=PENDING
[2026-09-06T12:43:44+08:00] WAIT olmo3_7b_think jid=3477431 state=PENDING
[2026-09-06T12:43:44+08:00] WAIT olmo3_7b_think jid=3477432 state=PENDING
[2026-09-06T12:43:44+08:00] WAIT olmo3_7b_think jid=3477433 state=PENDING
[2026-09-06T12:43:44+08:00] WAIT qwen3_4b_instruct jid=3477434 state=PENDING
[2026-09-06T12:43:44+08:00] WAIT qwen3_4b_instruct jid=3477435 state=PENDING
[2026-09-06T12:43:44+08:00] WAIT qwen3_4b_instruct jid=3477436 state=PENDING
[2026-09-06T12:43:44+08:00] WAIT qwen3_1.7b jid=3477606_0 state=PENDING
[2026-09-06T12:43:44+08:00] WAIT qwen3_1.7b jid=3477606_1 state=PENDING
[2026-09-06T12:43:44+08:00] WAIT qwen3_1.7b jid=3477606_2 state=PENDING
[2026-09-06T12:43:44+08:00] WAIT qwen3_1.7b jid=3477606_3 state=PENDING
[2026-09-06T12:43:44+08:00] WAIT qwen3_1.7b jid=3477606_4 state=PENDING
[2026-09-06T12:43:44+08:00] WAIT qwen3_1.7b jid=3477606_5 state=PENDING
[2026-09-06T12:43:44+08:00] WAIT qwen3_1.7b jid=3477606_6 state=PENDING
[2026-09-06T12:43:44+08:00] WAIT olmo3_7b_think jid=3477607_0 state=PENDING
[2026-09-06T12:43:44+08:00] WAIT olmo3_7b_think jid=3477607_1 state=PENDING
[2026-09-06T12:43:44+08:00] WAIT olmo3_7b_think jid=3477607_2 state=PENDING
[2026-09-06T12:43:44+08:00] WAIT olmo3_7b_think jid=3477607_3 state=PENDING
[2026-09-06T12:43:44+08:00] WAIT olmo3_7b_think jid=3477607_4 state=PENDING
[2026-09-06T12:43:44+08:00] WAIT olmo3_7b_think jid=3477607_5 state=PENDING
[2026-09-06T12:43:44+08:00] WAIT olmo3_7b_think jid=3477607_6 state=PENDING
[2026-09-06T12:43:44+08:00] WAIT qwen3_1.7b jid=3477608_0 state=PENDING
[2026-09-06T12:43:44+08:00] WAIT qwen3_1.7b jid=3477608_1 state=PENDING
[2026-09-06T12:43:44+08:00] WAIT qwen3_1.7b jid=3477608_2 state=PENDING
[2026-09-06T12:43:44+08:00] WAIT qwen3_1.7b jid=3477608_3 state=PENDING
[2026-09-06T12:43:44+08:00] WAIT qwen3_1.7b jid=3477608_4 state=PENDING
[2026-09-06T12:43:44+08:00] WAIT qwen3_1.7b jid=3477608_5 state=PENDING
[2026-09-06T12:43:44+08:00] WAIT qwen3_1.7b jid=3477608_6 state=PENDING
[2026-09-06T12:43:44+08:00] WAIT olmo3_7b_think jid=3477609_0 state=PENDING
[2026-09-06T12:43:44+08:00] WAIT olmo3_7b_think jid=3477609_1 state=PENDING
[2026-09-06T12:43:44+08:00] WAIT olmo3_7b_think jid=3477609_2 state=PENDING
[2026-09-06T12:43:44+08:00] WAIT olmo3_7b_think jid=3477609_3 state=PENDING
[2026-09-06T12:43:44+08:00] WAIT olmo3_7b_think jid=3477609_4 state=PENDING
[2026-09-06T12:43:44+08:00] WAIT olmo3_7b_think jid=3477609_5 state=PENDING
[2026-09-06T12:43:44+08:00] WAIT olmo3_7b_think jid=3477609_6 state=PENDING
[2026-09-06T12:43:44+08:00] progress done=0/37 pending=37 failed=0
[2026-09-06T12:45:44+08:00] WAIT qwen3_1.7b jid=3477428 state=PENDING
[2026-09-06T12:45:44+08:00] WAIT qwen3_1.7b jid=3477429 state=PENDING
[2026-09-06T12:45:44+08:00] WAIT qwen3_1.7b jid=3477430 state=PENDING
[2026-09-06T12:45:44+08:00] WAIT olmo3_7b_think jid=3477431 state=PENDING
[2026-09-06T12:45:44+08:00] WAIT olmo3_7b_think jid=3477432 state=PENDING
[2026-09-06T12:45:44+08:00] WAIT olmo3_7b_think jid=3477433 state=PENDING
[2026-09-06T12:45:44+08:00] WAIT qwen3_4b_instruct jid=3477434 state=PENDING
[2026-09-06T12:45:44+08:00] WAIT qwen3_4b_instruct jid=3477435 state=PENDING
[2026-09-06T12:45:44+08:00] WAIT qwen3_4b_instruct jid=3477436 state=PENDING
[2026-09-06T12:45:44+08:00] WAIT qwen3_1.7b jid=3477606_0 state=PENDING
[2026-09-06T12:45:44+08:00] WAIT qwen3_1.7b jid=3477606_1 state=PENDING
[2026-09-06T12:45:44+08:00] WAIT qwen3_1.7b jid=3477606_2 state=PENDING
[2026-09-06T12:45:44+08:00] WAIT qwen3_1.7b jid=3477606_3 state=PENDING
[2026-09-06T12:45:44+08:00] WAIT qwen3_1.7b jid=3477606_4 state=PENDING
[2026-09-06T12:45:44+08:00] WAIT qwen3_1.7b jid=3477606_5 state=PENDING
[2026-09-06T12:45:44+08:00] WAIT qwen3_1.7b jid=3477606_6 state=PENDING
[2026-09-06T12:45:44+08:00] WAIT olmo3_7b_think jid=3477607_0 state=PENDING
[2026-09-06T12:45:44+08:00] WAIT olmo3_7b_think jid=3477607_1 state=PENDING
[2026-09-06T12:45:44+08:00] WAIT olmo3_7b_think jid=3477607_2 state=PENDING
[2026-09-06T12:45:44+08:00] WAIT olmo3_7b_think jid=3477607_3 state=PENDING
[2026-09-06T12:45:44+08:00] WAIT olmo3_7b_think jid=3477607_4 state=PENDING
[2026-09-06T12:45:44+08:00] WAIT olmo3_7b_think jid=3477607_5 state=PENDING
[2026-09-06T12:45:44+08:00] WAIT olmo3_7b_think jid=3477607_6 state=PENDING
[2026-09-06T12:45:44+08:00] WAIT qwen3_1.7b jid=3477608_0 state=PENDING
[2026-09-06T12:45:44+08:00] WAIT qwen3_1.7b jid=3477608_1 state=PENDING
[2026-09-06T12:45:44+08:00] WAIT qwen3_1.7b jid=3477608_2 state=PENDING
[2026-09-06T12:45:44+08:00] WAIT qwen3_1.7b jid=3477608_3 state=PENDING
[2026-09-06T12:45:44+08:00] WAIT qwen3_1.7b jid=3477608_4 state=PENDING
[2026-09-06T12:45:44+08:00] WAIT qwen3_1.7b jid=3477608_5 state=PENDING
[2026-09-06T12:45:44+08:00] WAIT qwen3_1.7b jid=3477608_6 state=PENDING
[2026-09-06T12:45:44+08:00] WAIT olmo3_7b_think jid=3477609_0 state=PENDING
[2026-09-06T12:45:44+08:00] WAIT olmo3_7b_think jid=3477609_1 state=PENDING
[2026-09-06T12:45:44+08:00] WAIT olmo3_7b_think jid=3477609_2 state=PENDING
[2026-09-06T12:45:44+08:00] WAIT olmo3_7b_think jid=3477609_3 state=PENDING
[2026-09-06T12:45:44+08:00] WAIT olmo3_7b_think jid=3477609_4 state=PENDING
[2026-09-06T12:45:44+08:00] WAIT olmo3_7b_think jid=3477609_5 state=PENDING
[2026-09-06T12:45:44+08:00] WAIT olmo3_7b_think jid=3477609_6 state=PENDING
[2026-09-06T12:45:44+08:00] progress done=0/37 pending=37 failed=0
[2026-09-06T12:47:44+08:00] WAIT qwen3_1.7b jid=3477428 state=PENDING
[2026-09-06T12:47:44+08:00] WAIT qwen3_1.7b jid=3477429 state=PENDING
[2026-09-06T12:47:44+08:00] WAIT qwen3_1.7b jid=3477430 state=PENDING
[2026-09-06T12:47:44+08:00] WAIT olmo3_7b_think jid=3477431 state=PENDING
[2026-09-06T12:47:44+08:00] WAIT olmo3_7b_think jid=3477432 state=PENDING
[2026-09-06T12:47:44+08:00] WAIT olmo3_7b_think jid=3477433 state=PENDING
[2026-09-06T12:47:44+08:00] WAIT qwen3_4b_instruct jid=3477434 state=PENDING
[2026-09-06T12:47:44+08:00] WAIT qwen3_4b_instruct jid=3477435 state=PENDING
[2026-09-06T12:47:44+08:00] WAIT qwen3_4b_instruct jid=3477436 state=PENDING
[2026-09-06T12:47:44+08:00] WAIT qwen3_1.7b jid=3477606_0 state=PENDING
[2026-09-06T12:47:44+08:00] WAIT qwen3_1.7b jid=3477606_1 state=PENDING
[2026-09-06T12:47:44+08:00] WAIT qwen3_1.7b jid=3477606_2 state=PENDING
[2026-09-06T12:47:45+08:00] WAIT qwen3_1.7b jid=3477606_3 state=PENDING
[2026-09-06T12:47:45+08:00] WAIT qwen3_1.7b jid=3477606_4 state=PENDING
[2026-09-06T12:47:45+08:00] WAIT qwen3_1.7b jid=3477606_5 state=PENDING
[2026-09-06T12:47:45+08:00] WAIT qwen3_1.7b jid=3477606_6 state=PENDING
[2026-09-06T12:47:45+08:00] WAIT olmo3_7b_think jid=3477607_0 state=PENDING
[2026-09-06T12:47:45+08:00] WAIT olmo3_7b_think jid=3477607_1 state=PENDING
[2026-09-06T12:47:45+08:00] WAIT olmo3_7b_think jid=3477607_2 state=PENDING
[2026-09-06T12:47:45+08:00] WAIT olmo3_7b_think jid=3477607_3 state=PENDING
[2026-09-06T12:47:45+08:00] WAIT olmo3_7b_think jid=3477607_4 state=PENDING
[2026-09-06T12:47:45+08:00] WAIT olmo3_7b_think jid=3477607_5 state=PENDING
[2026-09-06T12:47:45+08:00] WAIT olmo3_7b_think jid=3477607_6 state=PENDING
[2026-09-06T12:47:45+08:00] WAIT qwen3_1.7b jid=3477608_0 state=PENDING
[2026-09-06T12:47:45+08:00] WAIT qwen3_1.7b jid=3477608_1 state=PENDING
[2026-09-06T12:47:45+08:00] WAIT qwen3_1.7b jid=3477608_2 state=PENDING
[2026-09-06T12:47:45+08:00] WAIT qwen3_1.7b jid=3477608_3 state=PENDING
[2026-09-06T12:47:45+08:00] WAIT qwen3_1.7b jid=3477608_4 state=PENDING
[2026-09-06T12:47:45+08:00] WAIT qwen3_1.7b jid=3477608_5 state=PENDING
[2026-09-06T12:47:45+08:00] WAIT qwen3_1.7b jid=3477608_6 state=PENDING
[2026-09-06T12:47:45+08:00] WAIT olmo3_7b_think jid=3477609_0 state=PENDING
[2026-09-06T12:47:45+08:00] WAIT olmo3_7b_think jid=3477609_1 state=PENDING
[2026-09-06T12:47:45+08:00] WAIT olmo3_7b_think jid=3477609_2 state=PENDING
[2026-09-06T12:47:45+08:00] WAIT olmo3_7b_think jid=3477609_3 state=PENDING
[2026-09-06T12:47:45+08:00] WAIT olmo3_7b_think jid=3477609_4 state=PENDING
[2026-09-06T12:47:45+08:00] WAIT olmo3_7b_think jid=3477609_5 state=PENDING
[2026-09-06T12:47:45+08:00] WAIT olmo3_7b_think jid=3477609_6 state=PENDING
[2026-09-06T12:47:45+08:00] progress done=0/37 pending=37 failed=0
[2026-09-06T12:49:45+08:00] WAIT qwen3_1.7b jid=3477428 state=PENDING
[2026-09-06T12:49:45+08:00] WAIT qwen3_1.7b jid=3477429 state=PENDING
[2026-09-06T12:49:45+08:00] WAIT qwen3_1.7b jid=3477430 state=PENDING
[2026-09-06T12:49:45+08:00] WAIT olmo3_7b_think jid=3477431 state=PENDING
[2026-09-06T12:49:45+08:00] WAIT olmo3_7b_think jid=3477432 state=PENDING
[2026-09-06T12:49:45+08:00] WAIT olmo3_7b_think jid=3477433 state=PENDING
[2026-09-06T12:49:45+08:00] WAIT qwen3_4b_instruct jid=3477434 state=PENDING
[2026-09-06T12:49:45+08:00] WAIT qwen3_4b_instruct jid=3477435 state=PENDING
[2026-09-06T12:49:45+08:00] WAIT qwen3_4b_instruct jid=3477436 state=PENDING
[2026-09-06T12:49:45+08:00] WAIT qwen3_1.7b jid=3477606_0 state=PENDING
[2026-09-06T12:49:45+08:00] WAIT qwen3_1.7b jid=3477606_1 state=PENDING
[2026-09-06T12:49:45+08:00] WAIT qwen3_1.7b jid=3477606_2 state=PENDING
[2026-09-06T12:49:45+08:00] WAIT qwen3_1.7b jid=3477606_3 state=PENDING
[2026-09-06T12:49:45+08:00] WAIT qwen3_1.7b jid=3477606_4 state=PENDING
[2026-09-06T12:49:45+08:00] WAIT qwen3_1.7b jid=3477606_5 state=PENDING
[2026-09-06T12:49:45+08:00] WAIT qwen3_1.7b jid=3477606_6 state=PENDING
[2026-09-06T12:49:45+08:00] WAIT olmo3_7b_think jid=3477607_0 state=PENDING
[2026-09-06T12:49:45+08:00] WAIT olmo3_7b_think jid=3477607_1 state=PENDING
[2026-09-06T12:49:45+08:00] WAIT olmo3_7b_think jid=3477607_2 state=PENDING
[2026-09-06T12:49:45+08:00] WAIT olmo3_7b_think jid=3477607_3 state=PENDING
[2026-09-06T12:49:45+08:00] WAIT olmo3_7b_think jid=3477607_4 state=PENDING
[2026-09-06T12:49:45+08:00] WAIT olmo3_7b_think jid=3477607_5 state=PENDING
[2026-09-06T12:49:45+08:00] WAIT olmo3_7b_think jid=3477607_6 state=PENDING
[2026-09-06T12:49:45+08:00] WAIT qwen3_1.7b jid=3477608_0 state=PENDING
[2026-09-06T12:49:45+08:00] WAIT qwen3_1.7b jid=3477608_1 state=PENDING
[2026-09-06T12:49:45+08:00] WAIT qwen3_1.7b jid=3477608_2 state=PENDING
[2026-09-06T12:49:45+08:00] WAIT qwen3_1.7b jid=3477608_3 state=PENDING
[2026-09-06T12:49:45+08:00] WAIT qwen3_1.7b jid=3477608_4 state=PENDING
[2026-09-06T12:49:45+08:00] WAIT qwen3_1.7b jid=3477608_5 state=PENDING
[2026-09-06T12:49:45+08:00] WAIT qwen3_1.7b jid=3477608_6 state=PENDING
[2026-09-06T12:49:45+08:00] WAIT olmo3_7b_think jid=3477609_0 state=PENDING
[2026-09-06T12:49:45+08:00] WAIT olmo3_7b_think jid=3477609_1 state=PENDING
[2026-09-06T12:49:45+08:00] WAIT olmo3_7b_think jid=3477609_2 state=PENDING
[2026-09-06T12:49:45+08:00] WAIT olmo3_7b_think jid=3477609_3 state=PENDING
[2026-09-06T12:49:45+08:00] WAIT olmo3_7b_think jid=3477609_4 state=PENDING
[2026-09-06T12:49:45+08:00] WAIT olmo3_7b_think jid=3477609_5 state=PENDING
[2026-09-06T12:49:45+08:00] WAIT olmo3_7b_think jid=3477609_6 state=PENDING
[2026-09-06T12:49:45+08:00] progress done=0/37 pending=37 failed=0
[2026-09-06T12:51:45+08:00] WAIT qwen3_1.7b jid=3477428 state=PENDING
[2026-09-06T12:51:45+08:00] WAIT qwen3_1.7b jid=3477429 state=PENDING
[2026-09-06T12:51:45+08:00] WAIT qwen3_1.7b jid=3477430 state=PENDING
[2026-09-06T12:51:45+08:00] WAIT olmo3_7b_think jid=3477431 state=PENDING
[2026-09-06T12:51:45+08:00] WAIT olmo3_7b_think jid=3477432 state=PENDING
[2026-09-06T12:51:45+08:00] WAIT olmo3_7b_think jid=3477433 state=PENDING
[2026-09-06T12:51:45+08:00] WAIT qwen3_4b_instruct jid=3477434 state=PENDING
[2026-09-06T12:51:45+08:00] WAIT qwen3_4b_instruct jid=3477435 state=PENDING
[2026-09-06T12:51:45+08:00] WAIT qwen3_4b_instruct jid=3477436 state=PENDING
[2026-09-06T12:51:45+08:00] WAIT qwen3_1.7b jid=3477606_0 state=PENDING
[2026-09-06T12:51:45+08:00] WAIT qwen3_1.7b jid=3477606_1 state=PENDING
[2026-09-06T12:51:45+08:00] WAIT qwen3_1.7b jid=3477606_2 state=PENDING
[2026-09-06T12:51:45+08:00] WAIT qwen3_1.7b jid=3477606_3 state=PENDING
[2026-09-06T12:51:45+08:00] WAIT qwen3_1.7b jid=3477606_4 state=PENDING
[2026-09-06T12:51:45+08:00] WAIT qwen3_1.7b jid=3477606_5 state=PENDING
[2026-09-06T12:51:45+08:00] WAIT qwen3_1.7b jid=3477606_6 state=PENDING
[2026-09-06T12:51:45+08:00] WAIT olmo3_7b_think jid=3477607_0 state=PENDING
[2026-09-06T12:51:45+08:00] WAIT olmo3_7b_think jid=3477607_1 state=PENDING
[2026-09-06T12:51:45+08:00] WAIT olmo3_7b_think jid=3477607_2 state=PENDING
[2026-09-06T12:51:45+08:00] WAIT olmo3_7b_think jid=3477607_3 state=PENDING
[2026-09-06T12:51:45+08:00] WAIT olmo3_7b_think jid=3477607_4 state=PENDING
[2026-09-06T12:51:45+08:00] WAIT olmo3_7b_think jid=3477607_5 state=PENDING
[2026-09-06T12:51:45+08:00] WAIT olmo3_7b_think jid=3477607_6 state=PENDING
[2026-09-06T12:51:45+08:00] WAIT qwen3_1.7b jid=3477608_0 state=PENDING
[2026-09-06T12:51:45+08:00] WAIT qwen3_1.7b jid=3477608_1 state=PENDING
[2026-09-06T12:51:45+08:00] WAIT qwen3_1.7b jid=3477608_2 state=PENDING
[2026-09-06T12:51:45+08:00] WAIT qwen3_1.7b jid=3477608_3 state=PENDING
[2026-09-06T12:51:45+08:00] WAIT qwen3_1.7b jid=3477608_4 state=PENDING
[2026-09-06T12:51:45+08:00] WAIT qwen3_1.7b jid=3477608_5 state=PENDING
[2026-09-06T12:51:45+08:00] WAIT qwen3_1.7b jid=3477608_6 state=PENDING
[2026-09-06T12:51:45+08:00] WAIT olmo3_7b_think jid=3477609_0 state=PENDING
[2026-09-06T12:51:45+08:00] WAIT olmo3_7b_think jid=3477609_1 state=PENDING
[2026-09-06T12:51:46+08:00] WAIT olmo3_7b_think jid=3477609_2 state=PENDING
[2026-09-06T12:51:46+08:00] WAIT olmo3_7b_think jid=3477609_3 state=PENDING
[2026-09-06T12:51:46+08:00] WAIT olmo3_7b_think jid=3477609_4 state=PENDING
[2026-09-06T12:51:46+08:00] WAIT olmo3_7b_think jid=3477609_5 state=PENDING
[2026-09-06T12:51:46+08:00] WAIT olmo3_7b_think jid=3477609_6 state=PENDING
[2026-09-06T12:51:46+08:00] progress done=0/37 pending=37 failed=0
[2026-09-06T12:53:46+08:00] WAIT qwen3_1.7b jid=3477428 state=PENDING
[2026-09-06T12:53:46+08:00] WAIT qwen3_1.7b jid=3477429 state=PENDING
[2026-09-06T12:53:46+08:00] WAIT qwen3_1.7b jid=3477430 state=PENDING
[2026-09-06T12:53:46+08:00] WAIT olmo3_7b_think jid=3477431 state=PENDING
[2026-09-06T12:53:46+08:00] WAIT olmo3_7b_think jid=3477432 state=PENDING
[2026-09-06T12:53:46+08:00] WAIT olmo3_7b_think jid=3477433 state=PENDING
[2026-09-06T12:53:46+08:00] WAIT qwen3_4b_instruct jid=3477434 state=PENDING
[2026-09-06T12:53:46+08:00] WAIT qwen3_4b_instruct jid=3477435 state=PENDING
[2026-09-06T12:53:46+08:00] WAIT qwen3_4b_instruct jid=3477436 state=PENDING
[2026-09-06T12:53:46+08:00] WAIT qwen3_1.7b jid=3477606_0 state=PENDING
[2026-09-06T12:53:46+08:00] WAIT qwen3_1.7b jid=3477606_1 state=PENDING
[2026-09-06T12:53:46+08:00] WAIT qwen3_1.7b jid=3477606_2 state=PENDING
[2026-09-06T12:53:46+08:00] WAIT qwen3_1.7b jid=3477606_3 state=PENDING
[2026-09-06T12:53:46+08:00] WAIT qwen3_1.7b jid=3477606_4 state=PENDING
[2026-09-06T12:53:46+08:00] WAIT qwen3_1.7b jid=3477606_5 state=PENDING
[2026-09-06T12:53:46+08:00] WAIT qwen3_1.7b jid=3477606_6 state=PENDING
[2026-09-06T12:53:46+08:00] WAIT olmo3_7b_think jid=3477607_0 state=PENDING
[2026-09-06T12:53:46+08:00] WAIT olmo3_7b_think jid=3477607_1 state=PENDING
[2026-09-06T12:53:46+08:00] WAIT olmo3_7b_think jid=3477607_2 state=PENDING
[2026-09-06T12:53:46+08:00] WAIT olmo3_7b_think jid=3477607_3 state=PENDING
[2026-09-06T12:53:46+08:00] WAIT olmo3_7b_think jid=3477607_4 state=PENDING
[2026-09-06T12:53:46+08:00] WAIT olmo3_7b_think jid=3477607_5 state=PENDING
[2026-09-06T12:53:46+08:00] WAIT olmo3_7b_think jid=3477607_6 state=PENDING
[2026-09-06T12:53:46+08:00] WAIT qwen3_1.7b jid=3477608_0 state=PENDING
[2026-09-06T12:53:46+08:00] WAIT qwen3_1.7b jid=3477608_1 state=PENDING
[2026-09-06T12:53:46+08:00] WAIT qwen3_1.7b jid=3477608_2 state=PENDING
[2026-09-06T12:53:46+08:00] WAIT qwen3_1.7b jid=3477608_3 state=PENDING
[2026-09-06T12:53:46+08:00] WAIT qwen3_1.7b jid=3477608_4 state=PENDING
[2026-09-06T12:53:46+08:00] WAIT qwen3_1.7b jid=3477608_5 state=PENDING
[2026-09-06T12:53:46+08:00] WAIT qwen3_1.7b jid=3477608_6 state=PENDING
[2026-09-06T12:53:46+08:00] WAIT olmo3_7b_think jid=3477609_0 state=PENDING
[2026-09-06T12:53:46+08:00] WAIT olmo3_7b_think jid=3477609_1 state=PENDING
[2026-09-06T12:53:46+08:00] WAIT olmo3_7b_think jid=3477609_2 state=PENDING
[2026-09-06T12:53:46+08:00] WAIT olmo3_7b_think jid=3477609_3 state=PENDING
[2026-09-06T12:53:46+08:00] WAIT olmo3_7b_think jid=3477609_4 state=PENDING
[2026-09-06T12:53:46+08:00] WAIT olmo3_7b_think jid=3477609_5 state=PENDING
[2026-09-06T12:53:46+08:00] WAIT olmo3_7b_think jid=3477609_6 state=PENDING
[2026-09-06T12:53:46+08:00] progress done=0/37 pending=37 failed=0
[2026-09-06T12:55:46+08:00] WAIT qwen3_1.7b jid=3477428 state=PENDING
[2026-09-06T12:55:46+08:00] WAIT qwen3_1.7b jid=3477429 state=PENDING
[2026-09-06T12:55:46+08:00] WAIT qwen3_1.7b jid=3477430 state=PENDING
[2026-09-06T12:55:46+08:00] WAIT olmo3_7b_think jid=3477431 state=PENDING
[2026-09-06T12:55:46+08:00] WAIT olmo3_7b_think jid=3477432 state=PENDING
[2026-09-06T12:55:46+08:00] WAIT olmo3_7b_think jid=3477433 state=PENDING
[2026-09-06T12:55:46+08:00] WAIT qwen3_4b_instruct jid=3477434 state=PENDING
[2026-09-06T12:55:46+08:00] WAIT qwen3_4b_instruct jid=3477435 state=PENDING
[2026-09-06T12:55:46+08:00] WAIT qwen3_4b_instruct jid=3477436 state=PENDING
[2026-09-06T12:55:46+08:00] WAIT qwen3_1.7b jid=3477606_0 state=PENDING
[2026-09-06T12:55:46+08:00] WAIT qwen3_1.7b jid=3477606_1 state=PENDING
[2026-09-06T12:55:46+08:00] WAIT qwen3_1.7b jid=3477606_2 state=PENDING
[2026-09-06T12:55:46+08:00] WAIT qwen3_1.7b jid=3477606_3 state=PENDING
[2026-09-06T12:55:46+08:00] WAIT qwen3_1.7b jid=3477606_4 state=PENDING
[2026-09-06T12:55:46+08:00] WAIT qwen3_1.7b jid=3477606_5 state=PENDING
[2026-09-06T12:55:46+08:00] WAIT qwen3_1.7b jid=3477606_6 state=PENDING
[2026-09-06T12:55:46+08:00] WAIT olmo3_7b_think jid=3477607_0 state=PENDING
[2026-09-06T12:55:46+08:00] WAIT olmo3_7b_think jid=3477607_1 state=PENDING
[2026-09-06T12:55:46+08:00] WAIT olmo3_7b_think jid=3477607_2 state=PENDING
[2026-09-06T12:55:46+08:00] WAIT olmo3_7b_think jid=3477607_3 state=PENDING
[2026-09-06T12:55:46+08:00] WAIT olmo3_7b_think jid=3477607_4 state=PENDING
[2026-09-06T12:55:46+08:00] WAIT olmo3_7b_think jid=3477607_5 state=PENDING
[2026-09-06T12:55:46+08:00] WAIT olmo3_7b_think jid=3477607_6 state=PENDING
[2026-09-06T12:55:46+08:00] WAIT qwen3_1.7b jid=3477608_0 state=PENDING
[2026-09-06T12:55:46+08:00] WAIT qwen3_1.7b jid=3477608_1 state=PENDING
[2026-09-06T12:55:46+08:00] WAIT qwen3_1.7b jid=3477608_2 state=PENDING
[2026-09-06T12:55:46+08:00] WAIT qwen3_1.7b jid=3477608_3 state=PENDING
[2026-09-06T12:55:46+08:00] WAIT qwen3_1.7b jid=3477608_4 state=PENDING
[2026-09-06T12:55:46+08:00] WAIT qwen3_1.7b jid=3477608_5 state=PENDING
[2026-09-06T12:55:46+08:00] WAIT qwen3_1.7b jid=3477608_6 state=PENDING
[2026-09-06T12:55:46+08:00] WAIT olmo3_7b_think jid=3477609_0 state=PENDING
[2026-09-06T12:55:46+08:00] WAIT olmo3_7b_think jid=3477609_1 state=PENDING
[2026-09-06T12:55:46+08:00] WAIT olmo3_7b_think jid=3477609_2 state=PENDING
[2026-09-06T12:55:46+08:00] WAIT olmo3_7b_think jid=3477609_3 state=PENDING
[2026-09-06T12:55:46+08:00] WAIT olmo3_7b_think jid=3477609_4 state=PENDING
[2026-09-06T12:55:46+08:00] WAIT olmo3_7b_think jid=3477609_5 state=PENDING
[2026-09-06T12:55:46+08:00] WAIT olmo3_7b_think jid=3477609_6 state=PENDING
[2026-09-06T12:55:46+08:00] progress done=0/37 pending=37 failed=0
[2026-09-06T12:57:46+08:00] WAIT qwen3_1.7b jid=3477428 state=PENDING
[2026-09-06T12:57:46+08:00] WAIT qwen3_1.7b jid=3477429 state=PENDING
[2026-09-06T12:57:46+08:00] WAIT qwen3_1.7b jid=3477430 state=PENDING
[2026-09-06T12:57:46+08:00] WAIT olmo3_7b_think jid=3477431 state=PENDING
[2026-09-06T12:57:46+08:00] WAIT olmo3_7b_think jid=3477432 state=PENDING
[2026-09-06T12:57:46+08:00] WAIT olmo3_7b_think jid=3477433 state=PENDING
[2026-09-06T12:57:46+08:00] WAIT qwen3_4b_instruct jid=3477434 state=PENDING
[2026-09-06T12:57:46+08:00] WAIT qwen3_4b_instruct jid=3477435 state=PENDING
[2026-09-06T12:57:46+08:00] WAIT qwen3_4b_instruct jid=3477436 state=PENDING
[2026-09-06T12:57:46+08:00] WAIT qwen3_1.7b jid=3477606_0 state=PENDING
[2026-09-06T12:57:46+08:00] WAIT qwen3_1.7b jid=3477606_1 state=PENDING
[2026-09-06T12:57:46+08:00] WAIT qwen3_1.7b jid=3477606_2 state=PENDING
[2026-09-06T12:57:46+08:00] WAIT qwen3_1.7b jid=3477606_3 state=PENDING
[2026-09-06T12:57:46+08:00] WAIT qwen3_1.7b jid=3477606_4 state=PENDING
[2026-09-06T12:57:46+08:00] WAIT qwen3_1.7b jid=3477606_5 state=PENDING
[2026-09-06T12:57:46+08:00] WAIT qwen3_1.7b jid=3477606_6 state=PENDING
[2026-09-06T12:57:46+08:00] WAIT olmo3_7b_think jid=3477607_0 state=PENDING
[2026-09-06T12:57:47+08:00] WAIT olmo3_7b_think jid=3477607_1 state=PENDING
[2026-09-06T12:57:47+08:00] WAIT olmo3_7b_think jid=3477607_2 state=PENDING
[2026-09-06T12:57:47+08:00] WAIT olmo3_7b_think jid=3477607_3 state=PENDING
[2026-09-06T12:57:47+08:00] WAIT olmo3_7b_think jid=3477607_4 state=PENDING
[2026-09-06T12:57:47+08:00] WAIT olmo3_7b_think jid=3477607_5 state=PENDING
[2026-09-06T12:57:47+08:00] WAIT olmo3_7b_think jid=3477607_6 state=PENDING
[2026-09-06T12:57:47+08:00] WAIT qwen3_1.7b jid=3477608_0 state=PENDING
[2026-09-06T12:57:47+08:00] WAIT qwen3_1.7b jid=3477608_1 state=PENDING
[2026-09-06T12:57:47+08:00] WAIT qwen3_1.7b jid=3477608_2 state=PENDING
[2026-09-06T12:57:47+08:00] WAIT qwen3_1.7b jid=3477608_3 state=PENDING
[2026-09-06T12:57:47+08:00] WAIT qwen3_1.7b jid=3477608_4 state=PENDING
[2026-09-06T12:57:47+08:00] WAIT qwen3_1.7b jid=3477608_5 state=PENDING
[2026-09-06T12:57:47+08:00] WAIT qwen3_1.7b jid=3477608_6 state=PENDING
[2026-09-06T12:57:47+08:00] WAIT olmo3_7b_think jid=3477609_0 state=PENDING
[2026-09-06T12:57:47+08:00] WAIT olmo3_7b_think jid=3477609_1 state=PENDING
[2026-09-06T12:57:47+08:00] WAIT olmo3_7b_think jid=3477609_2 state=PENDING
[2026-09-06T12:57:47+08:00] WAIT olmo3_7b_think jid=3477609_3 state=PENDING
[2026-09-06T12:57:47+08:00] WAIT olmo3_7b_think jid=3477609_4 state=PENDING
[2026-09-06T12:57:47+08:00] WAIT olmo3_7b_think jid=3477609_5 state=PENDING
[2026-09-06T12:57:47+08:00] WAIT olmo3_7b_think jid=3477609_6 state=PENDING
[2026-09-06T12:57:47+08:00] progress done=0/37 pending=37 failed=0
[2026-09-06T12:59:47+08:00] WAIT qwen3_1.7b jid=3477428 state=PENDING
[2026-09-06T12:59:47+08:00] WAIT qwen3_1.7b jid=3477429 state=PENDING
[2026-09-06T12:59:47+08:00] WAIT qwen3_1.7b jid=3477430 state=PENDING
[2026-09-06T12:59:47+08:00] WAIT olmo3_7b_think jid=3477431 state=PENDING
[2026-09-06T12:59:47+08:00] WAIT olmo3_7b_think jid=3477432 state=PENDING
[2026-09-06T12:59:47+08:00] WAIT olmo3_7b_think jid=3477433 state=PENDING
[2026-09-06T12:59:47+08:00] WAIT qwen3_4b_instruct jid=3477434 state=PENDING
[2026-09-06T12:59:47+08:00] WAIT qwen3_4b_instruct jid=3477435 state=PENDING
[2026-09-06T12:59:47+08:00] WAIT qwen3_4b_instruct jid=3477436 state=PENDING
[2026-09-06T12:59:47+08:00] WAIT qwen3_1.7b jid=3477606_0 state=PENDING
[2026-09-06T12:59:47+08:00] WAIT qwen3_1.7b jid=3477606_1 state=PENDING
[2026-09-06T12:59:47+08:00] WAIT qwen3_1.7b jid=3477606_2 state=PENDING
[2026-09-06T12:59:47+08:00] WAIT qwen3_1.7b jid=3477606_3 state=PENDING
[2026-09-06T12:59:47+08:00] WAIT qwen3_1.7b jid=3477606_4 state=PENDING
[2026-09-06T12:59:47+08:00] WAIT qwen3_1.7b jid=3477606_5 state=PENDING
[2026-09-06T12:59:47+08:00] WAIT qwen3_1.7b jid=3477606_6 state=PENDING
[2026-09-06T12:59:47+08:00] WAIT olmo3_7b_think jid=3477607_0 state=PENDING
[2026-09-06T12:59:47+08:00] WAIT olmo3_7b_think jid=3477607_1 state=PENDING
[2026-09-06T12:59:47+08:00] WAIT olmo3_7b_think jid=3477607_2 state=PENDING
[2026-09-06T12:59:47+08:00] WAIT olmo3_7b_think jid=3477607_3 state=PENDING
[2026-09-06T12:59:47+08:00] WAIT olmo3_7b_think jid=3477607_4 state=PENDING
[2026-09-06T12:59:47+08:00] WAIT olmo3_7b_think jid=3477607_5 state=PENDING
[2026-09-06T12:59:47+08:00] WAIT olmo3_7b_think jid=3477607_6 state=PENDING
[2026-09-06T12:59:47+08:00] WAIT qwen3_1.7b jid=3477608_0 state=PENDING
[2026-09-06T12:59:47+08:00] WAIT qwen3_1.7b jid=3477608_1 state=PENDING
[2026-09-06T12:59:47+08:00] WAIT qwen3_1.7b jid=3477608_2 state=PENDING
[2026-09-06T12:59:47+08:00] WAIT qwen3_1.7b jid=3477608_3 state=PENDING
[2026-09-06T12:59:47+08:00] WAIT qwen3_1.7b jid=3477608_4 state=PENDING
[2026-09-06T12:59:47+08:00] WAIT qwen3_1.7b jid=3477608_5 state=PENDING
[2026-09-06T12:59:47+08:00] WAIT qwen3_1.7b jid=3477608_6 state=PENDING
[2026-09-06T12:59:47+08:00] WAIT olmo3_7b_think jid=3477609_0 state=PENDING
[2026-09-06T12:59:47+08:00] WAIT olmo3_7b_think jid=3477609_1 state=PENDING
[2026-09-06T12:59:47+08:00] WAIT olmo3_7b_think jid=3477609_2 state=PENDING
[2026-09-06T12:59:47+08:00] WAIT olmo3_7b_think jid=3477609_3 state=PENDING
[2026-09-06T12:59:47+08:00] WAIT olmo3_7b_think jid=3477609_4 state=PENDING
[2026-09-06T12:59:47+08:00] WAIT olmo3_7b_think jid=3477609_5 state=PENDING
[2026-09-06T12:59:47+08:00] WAIT olmo3_7b_think jid=3477609_6 state=PENDING
[2026-09-06T12:59:47+08:00] progress done=0/37 pending=37 failed=0
[2026-09-06T13:01:47+08:00] WAIT qwen3_1.7b jid=3477428 state=PENDING
[2026-09-06T13:01:47+08:00] WAIT qwen3_1.7b jid=3477429 state=PENDING
[2026-09-06T13:01:47+08:00] WAIT qwen3_1.7b jid=3477430 state=PENDING
[2026-09-06T13:01:47+08:00] WAIT olmo3_7b_think jid=3477431 state=PENDING
[2026-09-06T13:01:47+08:00] WAIT olmo3_7b_think jid=3477432 state=PENDING
[2026-09-06T13:01:47+08:00] WAIT olmo3_7b_think jid=3477433 state=PENDING
[2026-09-06T13:01:47+08:00] WAIT qwen3_4b_instruct jid=3477434 state=PENDING
[2026-09-06T13:01:47+08:00] WAIT qwen3_4b_instruct jid=3477435 state=PENDING
[2026-09-06T13:01:47+08:00] WAIT qwen3_4b_instruct jid=3477436 state=PENDING
[2026-09-06T13:01:47+08:00] WAIT qwen3_1.7b jid=3477606_0 state=PENDING
[2026-09-06T13:01:47+08:00] WAIT qwen3_1.7b jid=3477606_1 state=PENDING
[2026-09-06T13:01:47+08:00] WAIT qwen3_1.7b jid=3477606_2 state=PENDING
[2026-09-06T13:01:47+08:00] WAIT qwen3_1.7b jid=3477606_3 state=PENDING
[2026-09-06T13:01:47+08:00] WAIT qwen3_1.7b jid=3477606_4 state=PENDING
[2026-09-06T13:01:47+08:00] WAIT qwen3_1.7b jid=3477606_5 state=PENDING
[2026-09-06T13:01:47+08:00] WAIT qwen3_1.7b jid=3477606_6 state=PENDING
[2026-09-06T13:01:47+08:00] WAIT olmo3_7b_think jid=3477607_0 state=PENDING
[2026-09-06T13:01:47+08:00] WAIT olmo3_7b_think jid=3477607_1 state=PENDING
[2026-09-06T13:01:47+08:00] WAIT olmo3_7b_think jid=3477607_2 state=PENDING
[2026-09-06T13:01:47+08:00] WAIT olmo3_7b_think jid=3477607_3 state=PENDING
[2026-09-06T13:01:47+08:00] WAIT olmo3_7b_think jid=3477607_4 state=PENDING
[2026-09-06T13:01:47+08:00] WAIT olmo3_7b_think jid=3477607_5 state=PENDING
[2026-09-06T13:01:47+08:00] WAIT olmo3_7b_think jid=3477607_6 state=PENDING
[2026-09-06T13:01:47+08:00] WAIT qwen3_1.7b jid=3477608_0 state=PENDING
[2026-09-06T13:01:47+08:00] WAIT qwen3_1.7b jid=3477608_1 state=PENDING
[2026-09-06T13:01:47+08:00] WAIT qwen3_1.7b jid=3477608_2 state=PENDING
[2026-09-06T13:01:47+08:00] WAIT qwen3_1.7b jid=3477608_3 state=PENDING
[2026-09-06T13:01:47+08:00] WAIT qwen3_1.7b jid=3477608_4 state=PENDING
[2026-09-06T13:01:47+08:00] WAIT qwen3_1.7b jid=3477608_5 state=PENDING
[2026-09-06T13:01:47+08:00] WAIT qwen3_1.7b jid=3477608_6 state=PENDING
[2026-09-06T13:01:47+08:00] WAIT olmo3_7b_think jid=3477609_0 state=PENDING
[2026-09-06T13:01:47+08:00] WAIT olmo3_7b_think jid=3477609_1 state=PENDING
[2026-09-06T13:01:47+08:00] WAIT olmo3_7b_think jid=3477609_2 state=PENDING
[2026-09-06T13:01:47+08:00] WAIT olmo3_7b_think jid=3477609_3 state=PENDING
[2026-09-06T13:01:47+08:00] WAIT olmo3_7b_think jid=3477609_4 state=PENDING
[2026-09-06T13:01:47+08:00] WAIT olmo3_7b_think jid=3477609_5 state=PENDING
[2026-09-06T13:01:47+08:00] WAIT olmo3_7b_think jid=3477609_6 state=PENDING
[2026-09-06T13:01:47+08:00] progress done=0/37 pending=37 failed=0
[2026-09-06T13:03:47+08:00] WAIT qwen3_1.7b jid=3477428 state=PENDING
[2026-09-06T13:03:47+08:00] WAIT qwen3_1.7b jid=3477429 state=PENDING
[2026-09-06T13:03:47+08:00] WAIT qwen3_1.7b jid=3477430 state=PENDING
[2026-09-06T13:03:48+08:00] WAIT olmo3_7b_think jid=3477431 state=PENDING
[2026-09-06T13:03:48+08:00] WAIT olmo3_7b_think jid=3477432 state=PENDING
[2026-09-06T13:03:48+08:00] WAIT olmo3_7b_think jid=3477433 state=PENDING
[2026-09-06T13:03:48+08:00] WAIT qwen3_4b_instruct jid=3477434 state=PENDING
[2026-09-06T13:03:48+08:00] WAIT qwen3_4b_instruct jid=3477435 state=PENDING
[2026-09-06T13:03:48+08:00] WAIT qwen3_4b_instruct jid=3477436 state=PENDING
[2026-09-06T13:03:48+08:00] WAIT qwen3_1.7b jid=3477606_0 state=PENDING
[2026-09-06T13:03:48+08:00] WAIT qwen3_1.7b jid=3477606_1 state=PENDING
[2026-09-06T13:03:48+08:00] WAIT qwen3_1.7b jid=3477606_2 state=PENDING
[2026-09-06T13:03:48+08:00] WAIT qwen3_1.7b jid=3477606_3 state=PENDING
[2026-09-06T13:03:48+08:00] WAIT qwen3_1.7b jid=3477606_4 state=PENDING
[2026-09-06T13:03:48+08:00] WAIT qwen3_1.7b jid=3477606_5 state=PENDING
[2026-09-06T13:03:48+08:00] WAIT qwen3_1.7b jid=3477606_6 state=PENDING
[2026-09-06T13:03:48+08:00] WAIT olmo3_7b_think jid=3477607_0 state=PENDING
[2026-09-06T13:03:48+08:00] WAIT olmo3_7b_think jid=3477607_1 state=PENDING
[2026-09-06T13:03:48+08:00] WAIT olmo3_7b_think jid=3477607_2 state=PENDING
[2026-09-06T13:03:48+08:00] WAIT olmo3_7b_think jid=3477607_3 state=PENDING
[2026-09-06T13:03:48+08:00] WAIT olmo3_7b_think jid=3477607_4 state=PENDING
[2026-09-06T13:03:48+08:00] WAIT olmo3_7b_think jid=3477607_5 state=PENDING
[2026-09-06T13:03:48+08:00] WAIT olmo3_7b_think jid=3477607_6 state=PENDING
[2026-09-06T13:03:48+08:00] WAIT qwen3_1.7b jid=3477608_0 state=PENDING
[2026-09-06T13:03:48+08:00] WAIT qwen3_1.7b jid=3477608_1 state=PENDING
[2026-09-06T13:03:48+08:00] WAIT qwen3_1.7b jid=3477608_2 state=PENDING
[2026-09-06T13:03:48+08:00] WAIT qwen3_1.7b jid=3477608_3 state=PENDING
[2026-09-06T13:03:48+08:00] WAIT qwen3_1.7b jid=3477608_4 state=PENDING
[2026-09-06T13:03:48+08:00] WAIT qwen3_1.7b jid=3477608_5 state=PENDING
[2026-09-06T13:03:48+08:00] WAIT qwen3_1.7b jid=3477608_6 state=PENDING
[2026-09-06T13:03:48+08:00] WAIT olmo3_7b_think jid=3477609_0 state=PENDING
[2026-09-06T13:03:48+08:00] WAIT olmo3_7b_think jid=3477609_1 state=PENDING
[2026-09-06T13:03:48+08:00] WAIT olmo3_7b_think jid=3477609_2 state=PENDING
[2026-09-06T13:03:48+08:00] WAIT olmo3_7b_think jid=3477609_3 state=PENDING
[2026-09-06T13:03:48+08:00] WAIT olmo3_7b_think jid=3477609_4 state=PENDING
[2026-09-06T13:03:48+08:00] WAIT olmo3_7b_think jid=3477609_5 state=PENDING
[2026-09-06T13:03:48+08:00] WAIT olmo3_7b_think jid=3477609_6 state=PENDING
[2026-09-06T13:03:48+08:00] progress done=0/37 pending=37 failed=0
[2026-09-06T13:05:48+08:00] WAIT qwen3_1.7b jid=3477428 state=PENDING
[2026-09-06T13:05:48+08:00] WAIT qwen3_1.7b jid=3477429 state=PENDING
[2026-09-06T13:05:48+08:00] WAIT qwen3_1.7b jid=3477430 state=PENDING
[2026-09-06T13:05:48+08:00] WAIT olmo3_7b_think jid=3477431 state=PENDING
[2026-09-06T13:05:48+08:00] WAIT olmo3_7b_think jid=3477432 state=PENDING
[2026-09-06T13:05:48+08:00] WAIT olmo3_7b_think jid=3477433 state=PENDING
[2026-09-06T13:05:48+08:00] WAIT qwen3_4b_instruct jid=3477434 state=PENDING
[2026-09-06T13:05:48+08:00] WAIT qwen3_4b_instruct jid=3477435 state=PENDING
[2026-09-06T13:05:48+08:00] WAIT qwen3_4b_instruct jid=3477436 state=PENDING
[2026-09-06T13:05:48+08:00] WAIT qwen3_1.7b jid=3477606_0 state=PENDING
[2026-09-06T13:05:48+08:00] WAIT qwen3_1.7b jid=3477606_1 state=PENDING
[2026-09-06T13:05:48+08:00] WAIT qwen3_1.7b jid=3477606_2 state=PENDING
[2026-09-06T13:05:48+08:00] WAIT qwen3_1.7b jid=3477606_3 state=PENDING
[2026-09-06T13:05:48+08:00] WAIT qwen3_1.7b jid=3477606_4 state=PENDING
[2026-09-06T13:05:48+08:00] WAIT qwen3_1.7b jid=3477606_5 state=PENDING
[2026-09-06T13:05:48+08:00] WAIT qwen3_1.7b jid=3477606_6 state=PENDING
[2026-09-06T13:05:48+08:00] WAIT olmo3_7b_think jid=3477607_0 state=PENDING
[2026-09-06T13:05:48+08:00] WAIT olmo3_7b_think jid=3477607_1 state=PENDING
[2026-09-06T13:05:48+08:00] WAIT olmo3_7b_think jid=3477607_2 state=PENDING
[2026-09-06T13:05:48+08:00] WAIT olmo3_7b_think jid=3477607_3 state=PENDING
[2026-09-06T13:05:48+08:00] WAIT olmo3_7b_think jid=3477607_4 state=PENDING
[2026-09-06T13:05:48+08:00] WAIT olmo3_7b_think jid=3477607_5 state=PENDING
[2026-09-06T13:05:48+08:00] WAIT olmo3_7b_think jid=3477607_6 state=PENDING
[2026-09-06T13:05:48+08:00] WAIT qwen3_1.7b jid=3477608_0 state=PENDING
[2026-09-06T13:05:48+08:00] WAIT qwen3_1.7b jid=3477608_1 state=PENDING
[2026-09-06T13:05:48+08:00] WAIT qwen3_1.7b jid=3477608_2 state=PENDING
[2026-09-06T13:05:48+08:00] WAIT qwen3_1.7b jid=3477608_3 state=PENDING
[2026-09-06T13:05:48+08:00] WAIT qwen3_1.7b jid=3477608_4 state=PENDING
[2026-09-06T13:05:48+08:00] WAIT qwen3_1.7b jid=3477608_5 state=PENDING
[2026-09-06T13:05:48+08:00] WAIT qwen3_1.7b jid=3477608_6 state=PENDING
[2026-09-06T13:05:48+08:00] WAIT olmo3_7b_think jid=3477609_0 state=PENDING
[2026-09-06T13:05:48+08:00] WAIT olmo3_7b_think jid=3477609_1 state=PENDING
[2026-09-06T13:05:48+08:00] WAIT olmo3_7b_think jid=3477609_2 state=PENDING
[2026-09-06T13:05:48+08:00] WAIT olmo3_7b_think jid=3477609_3 state=PENDING
[2026-09-06T13:05:48+08:00] WAIT olmo3_7b_think jid=3477609_4 state=PENDING
[2026-09-06T13:05:48+08:00] WAIT olmo3_7b_think jid=3477609_5 state=PENDING
[2026-09-06T13:05:48+08:00] WAIT olmo3_7b_think jid=3477609_6 state=PENDING
[2026-09-06T13:05:48+08:00] progress done=0/37 pending=37 failed=0
[2026-09-06T13:07:48+08:00] WAIT qwen3_1.7b jid=3477428 state=PENDING
[2026-09-06T13:07:48+08:00] WAIT qwen3_1.7b jid=3477429 state=PENDING
[2026-09-06T13:07:48+08:00] WAIT qwen3_1.7b jid=3477430 state=PENDING
[2026-09-06T13:07:48+08:00] WAIT olmo3_7b_think jid=3477431 state=PENDING
[2026-09-06T13:07:48+08:00] WAIT olmo3_7b_think jid=3477432 state=PENDING
[2026-09-06T13:07:48+08:00] WAIT olmo3_7b_think jid=3477433 state=PENDING
[2026-09-06T13:07:48+08:00] WAIT qwen3_4b_instruct jid=3477434 state=PENDING
[2026-09-06T13:07:48+08:00] WAIT qwen3_4b_instruct jid=3477435 state=PENDING
[2026-09-06T13:07:48+08:00] WAIT qwen3_4b_instruct jid=3477436 state=PENDING
[2026-09-06T13:07:48+08:00] WAIT qwen3_1.7b jid=3477606_0 state=PENDING
[2026-09-06T13:07:48+08:00] WAIT qwen3_1.7b jid=3477606_1 state=PENDING
[2026-09-06T13:07:48+08:00] WAIT qwen3_1.7b jid=3477606_2 state=PENDING
[2026-09-06T13:07:48+08:00] WAIT qwen3_1.7b jid=3477606_3 state=PENDING
[2026-09-06T13:07:48+08:00] WAIT qwen3_1.7b jid=3477606_4 state=PENDING
[2026-09-06T13:07:48+08:00] WAIT qwen3_1.7b jid=3477606_5 state=PENDING
[2026-09-06T13:07:48+08:00] WAIT qwen3_1.7b jid=3477606_6 state=PENDING
[2026-09-06T13:07:48+08:00] WAIT olmo3_7b_think jid=3477607_0 state=PENDING
[2026-09-06T13:07:48+08:00] WAIT olmo3_7b_think jid=3477607_1 state=PENDING
[2026-09-06T13:07:48+08:00] WAIT olmo3_7b_think jid=3477607_2 state=PENDING
[2026-09-06T13:07:48+08:00] WAIT olmo3_7b_think jid=3477607_3 state=PENDING
[2026-09-06T13:07:48+08:00] WAIT olmo3_7b_think jid=3477607_4 state=PENDING
[2026-09-06T13:07:49+08:00] WAIT olmo3_7b_think jid=3477607_5 state=PENDING
[2026-09-06T13:07:49+08:00] WAIT olmo3_7b_think jid=3477607_6 state=PENDING
[2026-09-06T13:07:49+08:00] WAIT qwen3_1.7b jid=3477608_0 state=PENDING
[2026-09-06T13:07:49+08:00] WAIT qwen3_1.7b jid=3477608_1 state=PENDING
[2026-09-06T13:07:49+08:00] WAIT qwen3_1.7b jid=3477608_2 state=PENDING
[2026-09-06T13:07:49+08:00] WAIT qwen3_1.7b jid=3477608_3 state=PENDING
[2026-09-06T13:07:49+08:00] WAIT qwen3_1.7b jid=3477608_4 state=PENDING
[2026-09-06T13:07:49+08:00] WAIT qwen3_1.7b jid=3477608_5 state=PENDING
[2026-09-06T13:07:49+08:00] WAIT qwen3_1.7b jid=3477608_6 state=PENDING
[2026-09-06T13:07:49+08:00] WAIT olmo3_7b_think jid=3477609_0 state=PENDING
[2026-09-06T13:07:49+08:00] WAIT olmo3_7b_think jid=3477609_1 state=PENDING
[2026-09-06T13:07:49+08:00] WAIT olmo3_7b_think jid=3477609_2 state=PENDING
[2026-09-06T13:07:49+08:00] WAIT olmo3_7b_think jid=3477609_3 state=PENDING
[2026-09-06T13:07:49+08:00] WAIT olmo3_7b_think jid=3477609_4 state=PENDING
[2026-09-06T13:07:49+08:00] WAIT olmo3_7b_think jid=3477609_5 state=PENDING
[2026-09-06T13:07:49+08:00] WAIT olmo3_7b_think jid=3477609_6 state=PENDING
[2026-09-06T13:07:49+08:00] progress done=0/37 pending=37 failed=0
[2026-09-06T13:09:49+08:00] WAIT qwen3_1.7b jid=3477428 state=PENDING
[2026-09-06T13:09:49+08:00] WAIT qwen3_1.7b jid=3477429 state=PENDING
[2026-09-06T13:09:49+08:00] WAIT qwen3_1.7b jid=3477430 state=PENDING
[2026-09-06T13:09:49+08:00] WAIT olmo3_7b_think jid=3477431 state=PENDING
[2026-09-06T13:09:49+08:00] WAIT olmo3_7b_think jid=3477432 state=PENDING
[2026-09-06T13:09:49+08:00] WAIT olmo3_7b_think jid=3477433 state=PENDING
[2026-09-06T13:09:49+08:00] WAIT qwen3_4b_instruct jid=3477434 state=PENDING
[2026-09-06T13:09:49+08:00] WAIT qwen3_4b_instruct jid=3477435 state=PENDING
[2026-09-06T13:09:49+08:00] WAIT qwen3_4b_instruct jid=3477436 state=PENDING
[2026-09-06T13:09:49+08:00] WAIT qwen3_1.7b jid=3477606_0 state=PENDING
[2026-09-06T13:09:49+08:00] WAIT qwen3_1.7b jid=3477606_1 state=PENDING
[2026-09-06T13:09:49+08:00] WAIT qwen3_1.7b jid=3477606_2 state=PENDING
[2026-09-06T13:09:49+08:00] WAIT qwen3_1.7b jid=3477606_3 state=PENDING
[2026-09-06T13:09:49+08:00] WAIT qwen3_1.7b jid=3477606_4 state=PENDING
[2026-09-06T13:09:49+08:00] WAIT qwen3_1.7b jid=3477606_5 state=PENDING
[2026-09-06T13:09:49+08:00] WAIT qwen3_1.7b jid=3477606_6 state=PENDING
[2026-09-06T13:09:49+08:00] WAIT olmo3_7b_think jid=3477607_0 state=PENDING
[2026-09-06T13:09:49+08:00] WAIT olmo3_7b_think jid=3477607_1 state=PENDING
[2026-09-06T13:09:49+08:00] WAIT olmo3_7b_think jid=3477607_2 state=PENDING
[2026-09-06T13:09:49+08:00] WAIT olmo3_7b_think jid=3477607_3 state=PENDING
[2026-09-06T13:09:49+08:00] WAIT olmo3_7b_think jid=3477607_4 state=PENDING
[2026-09-06T13:09:49+08:00] WAIT olmo3_7b_think jid=3477607_5 state=PENDING
[2026-09-06T13:09:49+08:00] WAIT olmo3_7b_think jid=3477607_6 state=PENDING
[2026-09-06T13:09:49+08:00] WAIT qwen3_1.7b jid=3477608_0 state=PENDING
[2026-09-06T13:09:49+08:00] WAIT qwen3_1.7b jid=3477608_1 state=PENDING
[2026-09-06T13:09:49+08:00] WAIT qwen3_1.7b jid=3477608_2 state=PENDING
[2026-09-06T13:09:49+08:00] WAIT qwen3_1.7b jid=3477608_3 state=PENDING
[2026-09-06T13:09:49+08:00] WAIT qwen3_1.7b jid=3477608_4 state=PENDING
[2026-09-06T13:09:49+08:00] WAIT qwen3_1.7b jid=3477608_5 state=PENDING
[2026-09-06T13:09:49+08:00] WAIT qwen3_1.7b jid=3477608_6 state=PENDING
[2026-09-06T13:09:49+08:00] WAIT olmo3_7b_think jid=3477609_0 state=PENDING
[2026-09-06T13:09:49+08:00] WAIT olmo3_7b_think jid=3477609_1 state=PENDING
[2026-09-06T13:09:49+08:00] WAIT olmo3_7b_think jid=3477609_2 state=PENDING
[2026-09-06T13:09:49+08:00] WAIT olmo3_7b_think jid=3477609_3 state=PENDING
[2026-09-06T13:09:49+08:00] WAIT olmo3_7b_think jid=3477609_4 state=PENDING
[2026-09-06T13:09:49+08:00] WAIT olmo3_7b_think jid=3477609_5 state=PENDING
[2026-09-06T13:09:49+08:00] WAIT olmo3_7b_think jid=3477609_6 state=PENDING
[2026-09-06T13:09:49+08:00] progress done=0/37 pending=37 failed=0
[2026-09-06T13:11:49+08:00] WAIT qwen3_1.7b jid=3477428 state=PENDING
[2026-09-06T13:11:49+08:00] WAIT qwen3_1.7b jid=3477429 state=PENDING
[2026-09-06T13:11:49+08:00] WAIT qwen3_1.7b jid=3477430 state=PENDING
[2026-09-06T13:11:49+08:00] WAIT olmo3_7b_think jid=3477431 state=PENDING
[2026-09-06T13:11:49+08:00] WAIT olmo3_7b_think jid=3477432 state=PENDING
[2026-09-06T13:11:49+08:00] WAIT olmo3_7b_think jid=3477433 state=PENDING
[2026-09-06T13:11:49+08:00] WAIT qwen3_4b_instruct jid=3477434 state=PENDING
[2026-09-06T13:11:49+08:00] WAIT qwen3_4b_instruct jid=3477435 state=PENDING
[2026-09-06T13:11:49+08:00] WAIT qwen3_4b_instruct jid=3477436 state=PENDING
[2026-09-06T13:11:49+08:00] WAIT qwen3_1.7b jid=3477606_0 state=PENDING
[2026-09-06T13:11:49+08:00] WAIT qwen3_1.7b jid=3477606_1 state=PENDING
[2026-09-06T13:11:49+08:00] WAIT qwen3_1.7b jid=3477606_2 state=PENDING
[2026-09-06T13:11:49+08:00] WAIT qwen3_1.7b jid=3477606_3 state=PENDING
[2026-09-06T13:11:49+08:00] WAIT qwen3_1.7b jid=3477606_4 state=PENDING
[2026-09-06T13:11:49+08:00] WAIT qwen3_1.7b jid=3477606_5 state=PENDING
[2026-09-06T13:11:49+08:00] WAIT qwen3_1.7b jid=3477606_6 state=PENDING
[2026-09-06T13:11:49+08:00] WAIT olmo3_7b_think jid=3477607_0 state=PENDING
[2026-09-06T13:11:49+08:00] WAIT olmo3_7b_think jid=3477607_1 state=PENDING
[2026-09-06T13:11:49+08:00] WAIT olmo3_7b_think jid=3477607_2 state=PENDING
[2026-09-06T13:11:49+08:00] WAIT olmo3_7b_think jid=3477607_3 state=PENDING
[2026-09-06T13:11:49+08:00] WAIT olmo3_7b_think jid=3477607_4 state=PENDING
[2026-09-06T13:11:49+08:00] WAIT olmo3_7b_think jid=3477607_5 state=PENDING
[2026-09-06T13:11:49+08:00] WAIT olmo3_7b_think jid=3477607_6 state=PENDING
[2026-09-06T13:11:49+08:00] WAIT qwen3_1.7b jid=3477608_0 state=PENDING
[2026-09-06T13:11:49+08:00] WAIT qwen3_1.7b jid=3477608_1 state=PENDING
[2026-09-06T13:11:49+08:00] WAIT qwen3_1.7b jid=3477608_2 state=PENDING
[2026-09-06T13:11:49+08:00] WAIT qwen3_1.7b jid=3477608_3 state=PENDING
[2026-09-06T13:11:49+08:00] WAIT qwen3_1.7b jid=3477608_4 state=PENDING
[2026-09-06T13:11:49+08:00] WAIT qwen3_1.7b jid=3477608_5 state=PENDING
[2026-09-06T13:11:49+08:00] WAIT qwen3_1.7b jid=3477608_6 state=PENDING
[2026-09-06T13:11:49+08:00] WAIT olmo3_7b_think jid=3477609_0 state=PENDING
[2026-09-06T13:11:49+08:00] WAIT olmo3_7b_think jid=3477609_1 state=PENDING
[2026-09-06T13:11:49+08:00] WAIT olmo3_7b_think jid=3477609_2 state=PENDING
[2026-09-06T13:11:49+08:00] WAIT olmo3_7b_think jid=3477609_3 state=PENDING
[2026-09-06T13:11:49+08:00] WAIT olmo3_7b_think jid=3477609_4 state=PENDING
[2026-09-06T13:11:49+08:00] WAIT olmo3_7b_think jid=3477609_5 state=PENDING
[2026-09-06T13:11:49+08:00] WAIT olmo3_7b_think jid=3477609_6 state=PENDING
[2026-09-06T13:11:49+08:00] progress done=0/37 pending=37 failed=0
[2026-09-06T13:13:49+08:00] WAIT qwen3_1.7b jid=3477428 state=PENDING
[2026-09-06T13:13:49+08:00] WAIT qwen3_1.7b jid=3477429 state=PENDING
[2026-09-06T13:13:49+08:00] WAIT qwen3_1.7b jid=3477430 state=PENDING
[2026-09-06T13:13:49+08:00] WAIT olmo3_7b_think jid=3477431 state=PENDING
[2026-09-06T13:13:49+08:00] WAIT olmo3_7b_think jid=3477432 state=PENDING
[2026-09-06T13:13:49+08:00] WAIT olmo3_7b_think jid=3477433 state=PENDING
[2026-09-06T13:13:50+08:00] WAIT qwen3_4b_instruct jid=3477434 state=PENDING
[2026-09-06T13:13:50+08:00] WAIT qwen3_4b_instruct jid=3477435 state=PENDING
[2026-09-06T13:13:50+08:00] WAIT qwen3_4b_instruct jid=3477436 state=PENDING
[2026-09-06T13:13:50+08:00] WAIT qwen3_1.7b jid=3477606_0 state=PENDING
[2026-09-06T13:13:50+08:00] WAIT qwen3_1.7b jid=3477606_1 state=PENDING
[2026-09-06T13:13:50+08:00] WAIT qwen3_1.7b jid=3477606_2 state=PENDING
[2026-09-06T13:13:50+08:00] WAIT qwen3_1.7b jid=3477606_3 state=PENDING
[2026-09-06T13:13:50+08:00] WAIT qwen3_1.7b jid=3477606_4 state=PENDING
[2026-09-06T13:13:50+08:00] WAIT qwen3_1.7b jid=3477606_5 state=PENDING
[2026-09-06T13:13:50+08:00] WAIT qwen3_1.7b jid=3477606_6 state=PENDING
[2026-09-06T13:13:50+08:00] WAIT olmo3_7b_think jid=3477607_0 state=PENDING
[2026-09-06T13:13:50+08:00] WAIT olmo3_7b_think jid=3477607_1 state=PENDING
[2026-09-06T13:13:50+08:00] WAIT olmo3_7b_think jid=3477607_2 state=PENDING
[2026-09-06T13:13:50+08:00] WAIT olmo3_7b_think jid=3477607_3 state=PENDING
[2026-09-06T13:13:50+08:00] WAIT olmo3_7b_think jid=3477607_4 state=PENDING
[2026-09-06T13:13:50+08:00] WAIT olmo3_7b_think jid=3477607_5 state=PENDING
[2026-09-06T13:13:50+08:00] WAIT olmo3_7b_think jid=3477607_6 state=PENDING
[2026-09-06T13:13:50+08:00] WAIT qwen3_1.7b jid=3477608_0 state=PENDING
[2026-09-06T13:13:50+08:00] WAIT qwen3_1.7b jid=3477608_1 state=PENDING
[2026-09-06T13:13:50+08:00] WAIT qwen3_1.7b jid=3477608_2 state=PENDING
[2026-09-06T13:13:50+08:00] WAIT qwen3_1.7b jid=3477608_3 state=PENDING
[2026-09-06T13:13:50+08:00] WAIT qwen3_1.7b jid=3477608_4 state=PENDING
[2026-09-06T13:13:50+08:00] WAIT qwen3_1.7b jid=3477608_5 state=PENDING
[2026-09-06T13:13:50+08:00] WAIT qwen3_1.7b jid=3477608_6 state=PENDING
[2026-09-06T13:13:50+08:00] WAIT olmo3_7b_think jid=3477609_0 state=PENDING
[2026-09-06T13:13:50+08:00] WAIT olmo3_7b_think jid=3477609_1 state=PENDING
[2026-09-06T13:13:50+08:00] WAIT olmo3_7b_think jid=3477609_2 state=PENDING
[2026-09-06T13:13:50+08:00] WAIT olmo3_7b_think jid=3477609_3 state=PENDING
[2026-09-06T13:13:50+08:00] WAIT olmo3_7b_think jid=3477609_4 state=PENDING
[2026-09-06T13:13:50+08:00] WAIT olmo3_7b_think jid=3477609_5 state=PENDING
[2026-09-06T13:13:50+08:00] WAIT olmo3_7b_think jid=3477609_6 state=PENDING
[2026-09-06T13:13:50+08:00] progress done=0/37 pending=37 failed=0
[2026-09-06T13:15:50+08:00] WAIT qwen3_1.7b jid=3477428 state=PENDING
[2026-09-06T13:15:50+08:00] WAIT qwen3_1.7b jid=3477429 state=PENDING
[2026-09-06T13:15:50+08:00] WAIT qwen3_1.7b jid=3477430 state=PENDING
[2026-09-06T13:15:50+08:00] WAIT olmo3_7b_think jid=3477431 state=PENDING
[2026-09-06T13:15:50+08:00] WAIT olmo3_7b_think jid=3477432 state=PENDING
[2026-09-06T13:15:50+08:00] WAIT olmo3_7b_think jid=3477433 state=PENDING
[2026-09-06T13:15:50+08:00] WAIT qwen3_4b_instruct jid=3477434 state=PENDING
[2026-09-06T13:15:50+08:00] WAIT qwen3_4b_instruct jid=3477435 state=PENDING
[2026-09-06T13:15:50+08:00] WAIT qwen3_4b_instruct jid=3477436 state=PENDING
[2026-09-06T13:15:50+08:00] WAIT qwen3_1.7b jid=3477606_0 state=PENDING
[2026-09-06T13:15:50+08:00] WAIT qwen3_1.7b jid=3477606_1 state=PENDING
[2026-09-06T13:15:50+08:00] WAIT qwen3_1.7b jid=3477606_2 state=PENDING
[2026-09-06T13:15:50+08:00] WAIT qwen3_1.7b jid=3477606_3 state=PENDING
[2026-09-06T13:15:50+08:00] WAIT qwen3_1.7b jid=3477606_4 state=PENDING
[2026-09-06T13:15:50+08:00] WAIT qwen3_1.7b jid=3477606_5 state=PENDING
[2026-09-06T13:15:50+08:00] WAIT qwen3_1.7b jid=3477606_6 state=PENDING
[2026-09-06T13:15:50+08:00] WAIT olmo3_7b_think jid=3477607_0 state=PENDING
[2026-09-06T13:15:50+08:00] WAIT olmo3_7b_think jid=3477607_1 state=PENDING
[2026-09-06T13:15:50+08:00] WAIT olmo3_7b_think jid=3477607_2 state=PENDING
[2026-09-06T13:15:50+08:00] WAIT olmo3_7b_think jid=3477607_3 state=PENDING
[2026-09-06T13:15:50+08:00] WAIT olmo3_7b_think jid=3477607_4 state=PENDING
[2026-09-06T13:15:50+08:00] WAIT olmo3_7b_think jid=3477607_5 state=PENDING
[2026-09-06T13:15:50+08:00] WAIT olmo3_7b_think jid=3477607_6 state=PENDING
[2026-09-06T13:15:50+08:00] WAIT qwen3_1.7b jid=3477608_0 state=PENDING
[2026-09-06T13:15:50+08:00] WAIT qwen3_1.7b jid=3477608_1 state=PENDING
[2026-09-06T13:15:50+08:00] WAIT qwen3_1.7b jid=3477608_2 state=PENDING
[2026-09-06T13:15:50+08:00] WAIT qwen3_1.7b jid=3477608_3 state=PENDING
[2026-09-06T13:15:50+08:00] WAIT qwen3_1.7b jid=3477608_4 state=PENDING
[2026-09-06T13:15:50+08:00] WAIT qwen3_1.7b jid=3477608_5 state=PENDING
[2026-09-06T13:15:50+08:00] WAIT qwen3_1.7b jid=3477608_6 state=PENDING
[2026-09-06T13:15:50+08:00] WAIT olmo3_7b_think jid=3477609_0 state=PENDING
[2026-09-06T13:15:50+08:00] WAIT olmo3_7b_think jid=3477609_1 state=PENDING
[2026-09-06T13:15:50+08:00] WAIT olmo3_7b_think jid=3477609_2 state=PENDING
[2026-09-06T13:15:50+08:00] WAIT olmo3_7b_think jid=3477609_3 state=PENDING
[2026-09-06T13:15:50+08:00] WAIT olmo3_7b_think jid=3477609_4 state=PENDING
[2026-09-06T13:15:50+08:00] WAIT olmo3_7b_think jid=3477609_5 state=PENDING
[2026-09-06T13:15:50+08:00] WAIT olmo3_7b_think jid=3477609_6 state=PENDING
[2026-09-06T13:15:50+08:00] progress done=0/37 pending=37 failed=0
[2026-09-06T13:17:50+08:00] WAIT qwen3_1.7b jid=3477428 state=PENDING
[2026-09-06T13:17:50+08:00] WAIT qwen3_1.7b jid=3477429 state=PENDING
[2026-09-06T13:17:50+08:00] WAIT qwen3_1.7b jid=3477430 state=PENDING
[2026-09-06T13:17:50+08:00] WAIT olmo3_7b_think jid=3477431 state=PENDING
[2026-09-06T13:17:50+08:00] WAIT olmo3_7b_think jid=3477432 state=PENDING
[2026-09-06T13:17:50+08:00] WAIT olmo3_7b_think jid=3477433 state=PENDING
[2026-09-06T13:17:50+08:00] WAIT qwen3_4b_instruct jid=3477434 state=PENDING
[2026-09-06T13:17:50+08:00] WAIT qwen3_4b_instruct jid=3477435 state=PENDING
[2026-09-06T13:17:50+08:00] WAIT qwen3_4b_instruct jid=3477436 state=PENDING
[2026-09-06T13:17:50+08:00] WAIT qwen3_1.7b jid=3477606_0 state=PENDING
[2026-09-06T13:17:50+08:00] WAIT qwen3_1.7b jid=3477606_1 state=PENDING
[2026-09-06T13:17:50+08:00] WAIT qwen3_1.7b jid=3477606_2 state=PENDING
[2026-09-06T13:17:50+08:00] WAIT qwen3_1.7b jid=3477606_3 state=PENDING
[2026-09-06T13:17:50+08:00] WAIT qwen3_1.7b jid=3477606_4 state=PENDING
[2026-09-06T13:17:50+08:00] WAIT qwen3_1.7b jid=3477606_5 state=PENDING
[2026-09-06T13:17:50+08:00] WAIT qwen3_1.7b jid=3477606_6 state=PENDING
[2026-09-06T13:17:50+08:00] WAIT olmo3_7b_think jid=3477607_0 state=PENDING
[2026-09-06T13:17:50+08:00] WAIT olmo3_7b_think jid=3477607_1 state=PENDING
[2026-09-06T13:17:50+08:00] WAIT olmo3_7b_think jid=3477607_2 state=PENDING
[2026-09-06T13:17:50+08:00] WAIT olmo3_7b_think jid=3477607_3 state=PENDING
[2026-09-06T13:17:50+08:00] WAIT olmo3_7b_think jid=3477607_4 state=PENDING
[2026-09-06T13:17:50+08:00] WAIT olmo3_7b_think jid=3477607_5 state=PENDING
[2026-09-06T13:17:50+08:00] WAIT olmo3_7b_think jid=3477607_6 state=PENDING
[2026-09-06T13:17:50+08:00] WAIT qwen3_1.7b jid=3477608_0 state=PENDING
[2026-09-06T13:17:50+08:00] WAIT qwen3_1.7b jid=3477608_1 state=PENDING
[2026-09-06T13:17:50+08:00] WAIT qwen3_1.7b jid=3477608_2 state=PENDING
[2026-09-06T13:17:50+08:00] WAIT qwen3_1.7b jid=3477608_3 state=PENDING
[2026-09-06T13:17:50+08:00] WAIT qwen3_1.7b jid=3477608_4 state=PENDING
[2026-09-06T13:17:50+08:00] WAIT qwen3_1.7b jid=3477608_5 state=PENDING
[2026-09-06T13:17:51+08:00] WAIT qwen3_1.7b jid=3477608_6 state=PENDING
[2026-09-06T13:17:51+08:00] WAIT olmo3_7b_think jid=3477609_0 state=PENDING
[2026-09-06T13:17:51+08:00] WAIT olmo3_7b_think jid=3477609_1 state=PENDING
[2026-09-06T13:17:51+08:00] WAIT olmo3_7b_think jid=3477609_2 state=PENDING
[2026-09-06T13:17:51+08:00] WAIT olmo3_7b_think jid=3477609_3 state=PENDING
[2026-09-06T13:17:51+08:00] WAIT olmo3_7b_think jid=3477609_4 state=PENDING
[2026-09-06T13:17:51+08:00] WAIT olmo3_7b_think jid=3477609_5 state=PENDING
[2026-09-06T13:17:51+08:00] WAIT olmo3_7b_think jid=3477609_6 state=PENDING
[2026-09-06T13:17:51+08:00] progress done=0/37 pending=37 failed=0
[2026-09-06T13:19:51+08:00] WAIT qwen3_1.7b jid=3477428 state=PENDING
[2026-09-06T13:19:51+08:00] WAIT qwen3_1.7b jid=3477429 state=PENDING
[2026-09-06T13:19:51+08:00] WAIT qwen3_1.7b jid=3477430 state=PENDING
[2026-09-06T13:19:51+08:00] WAIT olmo3_7b_think jid=3477431 state=PENDING
[2026-09-06T13:19:51+08:00] WAIT olmo3_7b_think jid=3477432 state=PENDING
[2026-09-06T13:19:51+08:00] WAIT olmo3_7b_think jid=3477433 state=PENDING
[2026-09-06T13:19:51+08:00] WAIT qwen3_4b_instruct jid=3477434 state=PENDING
[2026-09-06T13:19:51+08:00] WAIT qwen3_4b_instruct jid=3477435 state=PENDING
[2026-09-06T13:19:51+08:00] WAIT qwen3_4b_instruct jid=3477436 state=PENDING
[2026-09-06T13:19:51+08:00] WAIT qwen3_1.7b jid=3477606_0 state=PENDING
[2026-09-06T13:19:51+08:00] WAIT qwen3_1.7b jid=3477606_1 state=PENDING
[2026-09-06T13:19:51+08:00] WAIT qwen3_1.7b jid=3477606_2 state=PENDING
[2026-09-06T13:19:51+08:00] WAIT qwen3_1.7b jid=3477606_3 state=PENDING
[2026-09-06T13:19:51+08:00] WAIT qwen3_1.7b jid=3477606_4 state=PENDING
[2026-09-06T13:19:51+08:00] WAIT qwen3_1.7b jid=3477606_5 state=PENDING
[2026-09-06T13:19:51+08:00] WAIT qwen3_1.7b jid=3477606_6 state=PENDING
[2026-09-06T13:19:51+08:00] WAIT olmo3_7b_think jid=3477607_0 state=PENDING
[2026-09-06T13:19:51+08:00] WAIT olmo3_7b_think jid=3477607_1 state=PENDING
[2026-09-06T13:19:51+08:00] WAIT olmo3_7b_think jid=3477607_2 state=PENDING
[2026-09-06T13:19:51+08:00] WAIT olmo3_7b_think jid=3477607_3 state=PENDING
[2026-09-06T13:19:51+08:00] WAIT olmo3_7b_think jid=3477607_4 state=PENDING
[2026-09-06T13:19:51+08:00] WAIT olmo3_7b_think jid=3477607_5 state=PENDING
[2026-09-06T13:19:51+08:00] WAIT olmo3_7b_think jid=3477607_6 state=PENDING
[2026-09-06T13:19:51+08:00] WAIT qwen3_1.7b jid=3477608_0 state=PENDING
[2026-09-06T13:19:51+08:00] WAIT qwen3_1.7b jid=3477608_1 state=PENDING
[2026-09-06T13:19:51+08:00] WAIT qwen3_1.7b jid=3477608_2 state=PENDING
[2026-09-06T13:19:51+08:00] WAIT qwen3_1.7b jid=3477608_3 state=PENDING
[2026-09-06T13:19:51+08:00] WAIT qwen3_1.7b jid=3477608_4 state=PENDING
[2026-09-06T13:19:51+08:00] WAIT qwen3_1.7b jid=3477608_5 state=PENDING
[2026-09-06T13:19:51+08:00] WAIT qwen3_1.7b jid=3477608_6 state=PENDING
[2026-09-06T13:19:51+08:00] WAIT olmo3_7b_think jid=3477609_0 state=PENDING
[2026-09-06T13:19:51+08:00] WAIT olmo3_7b_think jid=3477609_1 state=PENDING
[2026-09-06T13:19:51+08:00] WAIT olmo3_7b_think jid=3477609_2 state=PENDING
[2026-09-06T13:19:51+08:00] WAIT olmo3_7b_think jid=3477609_3 state=PENDING
[2026-09-06T13:19:51+08:00] WAIT olmo3_7b_think jid=3477609_4 state=PENDING
[2026-09-06T13:19:51+08:00] WAIT olmo3_7b_think jid=3477609_5 state=PENDING
[2026-09-06T13:19:51+08:00] WAIT olmo3_7b_think jid=3477609_6 state=PENDING
[2026-09-06T13:19:51+08:00] progress done=0/37 pending=37 failed=0
[2026-09-06T13:21:51+08:00] WAIT qwen3_1.7b jid=3477428 state=PENDING
[2026-09-06T13:21:51+08:00] WAIT qwen3_1.7b jid=3477429 state=PENDING
[2026-09-06T13:21:51+08:00] WAIT qwen3_1.7b jid=3477430 state=PENDING
[2026-09-06T13:21:51+08:00] WAIT olmo3_7b_think jid=3477431 state=PENDING
[2026-09-06T13:21:51+08:00] WAIT olmo3_7b_think jid=3477432 state=PENDING
[2026-09-06T13:21:51+08:00] WAIT olmo3_7b_think jid=3477433 state=PENDING
[2026-09-06T13:21:51+08:00] WAIT qwen3_4b_instruct jid=3477434 state=PENDING
[2026-09-06T13:21:51+08:00] WAIT qwen3_4b_instruct jid=3477435 state=PENDING
[2026-09-06T13:21:51+08:00] WAIT qwen3_4b_instruct jid=3477436 state=PENDING
[2026-09-06T13:21:51+08:00] WAIT qwen3_1.7b jid=3477606_0 state=PENDING
[2026-09-06T13:21:51+08:00] WAIT qwen3_1.7b jid=3477606_1 state=PENDING
[2026-09-06T13:21:51+08:00] WAIT qwen3_1.7b jid=3477606_2 state=PENDING
[2026-09-06T13:21:51+08:00] WAIT qwen3_1.7b jid=3477606_3 state=PENDING
[2026-09-06T13:21:51+08:00] WAIT qwen3_1.7b jid=3477606_4 state=PENDING
[2026-09-06T13:21:51+08:00] WAIT qwen3_1.7b jid=3477606_5 state=PENDING
[2026-09-06T13:21:51+08:00] WAIT qwen3_1.7b jid=3477606_6 state=PENDING
[2026-09-06T13:21:51+08:00] WAIT olmo3_7b_think jid=3477607_0 state=PENDING
[2026-09-06T13:21:51+08:00] WAIT olmo3_7b_think jid=3477607_1 state=PENDING
[2026-09-06T13:21:51+08:00] WAIT olmo3_7b_think jid=3477607_2 state=PENDING
[2026-09-06T13:21:51+08:00] WAIT olmo3_7b_think jid=3477607_3 state=PENDING
[2026-09-06T13:21:51+08:00] WAIT olmo3_7b_think jid=3477607_4 state=PENDING
[2026-09-06T13:21:51+08:00] WAIT olmo3_7b_think jid=3477607_5 state=PENDING
[2026-09-06T13:21:51+08:00] WAIT olmo3_7b_think jid=3477607_6 state=PENDING
[2026-09-06T13:21:51+08:00] WAIT qwen3_1.7b jid=3477608_0 state=PENDING
[2026-09-06T13:21:51+08:00] WAIT qwen3_1.7b jid=3477608_1 state=PENDING
[2026-09-06T13:21:51+08:00] WAIT qwen3_1.7b jid=3477608_2 state=PENDING
[2026-09-06T13:21:51+08:00] WAIT qwen3_1.7b jid=3477608_3 state=PENDING
[2026-09-06T13:21:51+08:00] WAIT qwen3_1.7b jid=3477608_4 state=PENDING
[2026-09-06T13:21:51+08:00] WAIT qwen3_1.7b jid=3477608_5 state=PENDING
[2026-09-06T13:21:51+08:00] WAIT qwen3_1.7b jid=3477608_6 state=PENDING
[2026-09-06T13:21:51+08:00] WAIT olmo3_7b_think jid=3477609_0 state=PENDING
[2026-09-06T13:21:51+08:00] WAIT olmo3_7b_think jid=3477609_1 state=PENDING
[2026-09-06T13:21:51+08:00] WAIT olmo3_7b_think jid=3477609_2 state=PENDING
[2026-09-06T13:21:51+08:00] WAIT olmo3_7b_think jid=3477609_3 state=PENDING
[2026-09-06T13:21:51+08:00] WAIT olmo3_7b_think jid=3477609_4 state=PENDING
[2026-09-06T13:21:51+08:00] WAIT olmo3_7b_think jid=3477609_5 state=PENDING
[2026-09-06T13:21:51+08:00] WAIT olmo3_7b_think jid=3477609_6 state=PENDING
[2026-09-06T13:21:51+08:00] progress done=0/37 pending=37 failed=0
[2026-09-06T13:23:51+08:00] WAIT qwen3_1.7b jid=3477428 state=PENDING
[2026-09-06T13:23:51+08:00] WAIT qwen3_1.7b jid=3477429 state=PENDING
[2026-09-06T13:23:51+08:00] WAIT qwen3_1.7b jid=3477430 state=PENDING
[2026-09-06T13:23:51+08:00] WAIT olmo3_7b_think jid=3477431 state=PENDING
[2026-09-06T13:23:51+08:00] WAIT olmo3_7b_think jid=3477432 state=PENDING
[2026-09-06T13:23:51+08:00] WAIT olmo3_7b_think jid=3477433 state=PENDING
[2026-09-06T13:23:51+08:00] WAIT qwen3_4b_instruct jid=3477434 state=PENDING
[2026-09-06T13:23:51+08:00] WAIT qwen3_4b_instruct jid=3477435 state=PENDING
[2026-09-06T13:23:51+08:00] WAIT qwen3_4b_instruct jid=3477436 state=PENDING
[2026-09-06T13:23:51+08:00] WAIT qwen3_1.7b jid=3477606_0 state=PENDING
[2026-09-06T13:23:51+08:00] WAIT qwen3_1.7b jid=3477606_1 state=PENDING
[2026-09-06T13:23:51+08:00] WAIT qwen3_1.7b jid=3477606_2 state=PENDING
[2026-09-06T13:23:52+08:00] WAIT qwen3_1.7b jid=3477606_3 state=PENDING
[2026-09-06T13:23:52+08:00] WAIT qwen3_1.7b jid=3477606_4 state=PENDING
[2026-09-06T13:23:52+08:00] WAIT qwen3_1.7b jid=3477606_5 state=PENDING
[2026-09-06T13:23:52+08:00] WAIT qwen3_1.7b jid=3477606_6 state=PENDING
[2026-09-06T13:23:52+08:00] WAIT olmo3_7b_think jid=3477607_0 state=PENDING
[2026-09-06T13:23:52+08:00] WAIT olmo3_7b_think jid=3477607_1 state=PENDING
[2026-09-06T13:23:52+08:00] WAIT olmo3_7b_think jid=3477607_2 state=PENDING
[2026-09-06T13:23:52+08:00] WAIT olmo3_7b_think jid=3477607_3 state=PENDING
[2026-09-06T13:23:52+08:00] WAIT olmo3_7b_think jid=3477607_4 state=PENDING
[2026-09-06T13:23:52+08:00] WAIT olmo3_7b_think jid=3477607_5 state=PENDING
[2026-09-06T13:23:52+08:00] WAIT olmo3_7b_think jid=3477607_6 state=PENDING
[2026-09-06T13:23:52+08:00] WAIT qwen3_1.7b jid=3477608_0 state=PENDING
[2026-09-06T13:23:52+08:00] WAIT qwen3_1.7b jid=3477608_1 state=PENDING
[2026-09-06T13:23:52+08:00] WAIT qwen3_1.7b jid=3477608_2 state=PENDING
[2026-09-06T13:23:52+08:00] WAIT qwen3_1.7b jid=3477608_3 state=PENDING
[2026-09-06T13:23:52+08:00] WAIT qwen3_1.7b jid=3477608_4 state=PENDING
[2026-09-06T13:23:52+08:00] WAIT qwen3_1.7b jid=3477608_5 state=PENDING
[2026-09-06T13:23:52+08:00] WAIT qwen3_1.7b jid=3477608_6 state=PENDING
[2026-09-06T13:23:52+08:00] WAIT olmo3_7b_think jid=3477609_0 state=PENDING
[2026-09-06T13:23:52+08:00] WAIT olmo3_7b_think jid=3477609_1 state=PENDING
[2026-09-06T13:23:52+08:00] WAIT olmo3_7b_think jid=3477609_2 state=PENDING
[2026-09-06T13:23:52+08:00] WAIT olmo3_7b_think jid=3477609_3 state=PENDING
[2026-09-06T13:23:52+08:00] WAIT olmo3_7b_think jid=3477609_4 state=PENDING
[2026-09-06T13:23:52+08:00] WAIT olmo3_7b_think jid=3477609_5 state=PENDING
[2026-09-06T13:23:52+08:00] WAIT olmo3_7b_think jid=3477609_6 state=PENDING
[2026-09-06T13:23:52+08:00] progress done=0/37 pending=37 failed=0
[2026-09-06T13:25:52+08:00] WAIT qwen3_1.7b jid=3477428 state=PENDING
[2026-09-06T13:25:52+08:00] WAIT qwen3_1.7b jid=3477429 state=PENDING
[2026-09-06T13:25:52+08:00] WAIT qwen3_1.7b jid=3477430 state=PENDING
[2026-09-06T13:25:52+08:00] WAIT olmo3_7b_think jid=3477431 state=PENDING
[2026-09-06T13:25:52+08:00] WAIT olmo3_7b_think jid=3477432 state=PENDING
[2026-09-06T13:25:52+08:00] WAIT olmo3_7b_think jid=3477433 state=PENDING
[2026-09-06T13:25:52+08:00] WAIT qwen3_4b_instruct jid=3477434 state=PENDING
[2026-09-06T13:25:52+08:00] WAIT qwen3_4b_instruct jid=3477435 state=PENDING
[2026-09-06T13:25:52+08:00] WAIT qwen3_4b_instruct jid=3477436 state=PENDING
[2026-09-06T13:25:52+08:00] WAIT qwen3_1.7b jid=3477606_0 state=PENDING
[2026-09-06T13:25:52+08:00] WAIT qwen3_1.7b jid=3477606_1 state=PENDING
[2026-09-06T13:25:52+08:00] WAIT qwen3_1.7b jid=3477606_2 state=PENDING
[2026-09-06T13:25:52+08:00] WAIT qwen3_1.7b jid=3477606_3 state=PENDING
[2026-09-06T13:25:52+08:00] WAIT qwen3_1.7b jid=3477606_4 state=PENDING
[2026-09-06T13:25:52+08:00] WAIT qwen3_1.7b jid=3477606_5 state=PENDING
[2026-09-06T13:25:52+08:00] WAIT qwen3_1.7b jid=3477606_6 state=PENDING
[2026-09-06T13:25:52+08:00] WAIT olmo3_7b_think jid=3477607_0 state=PENDING
[2026-09-06T13:25:52+08:00] WAIT olmo3_7b_think jid=3477607_1 state=PENDING
[2026-09-06T13:25:52+08:00] WAIT olmo3_7b_think jid=3477607_2 state=PENDING
[2026-09-06T13:25:52+08:00] WAIT olmo3_7b_think jid=3477607_3 state=PENDING
[2026-09-06T13:25:52+08:00] WAIT olmo3_7b_think jid=3477607_4 state=PENDING
[2026-09-06T13:25:52+08:00] WAIT olmo3_7b_think jid=3477607_5 state=PENDING
[2026-09-06T13:25:52+08:00] WAIT olmo3_7b_think jid=3477607_6 state=PENDING
[2026-09-06T13:25:52+08:00] WAIT qwen3_1.7b jid=3477608_0 state=PENDING
[2026-09-06T13:25:52+08:00] WAIT qwen3_1.7b jid=3477608_1 state=PENDING
[2026-09-06T13:25:52+08:00] WAIT qwen3_1.7b jid=3477608_2 state=PENDING
[2026-09-06T13:25:52+08:00] WAIT qwen3_1.7b jid=3477608_3 state=PENDING
[2026-09-06T13:25:52+08:00] WAIT qwen3_1.7b jid=3477608_4 state=PENDING
[2026-09-06T13:25:52+08:00] WAIT qwen3_1.7b jid=3477608_5 state=PENDING
[2026-09-06T13:25:52+08:00] WAIT qwen3_1.7b jid=3477608_6 state=PENDING
[2026-09-06T13:25:52+08:00] WAIT olmo3_7b_think jid=3477609_0 state=PENDING
[2026-09-06T13:25:52+08:00] WAIT olmo3_7b_think jid=3477609_1 state=PENDING
[2026-09-06T13:25:52+08:00] WAIT olmo3_7b_think jid=3477609_2 state=PENDING
[2026-09-06T13:25:52+08:00] WAIT olmo3_7b_think jid=3477609_3 state=PENDING
[2026-09-06T13:25:52+08:00] WAIT olmo3_7b_think jid=3477609_4 state=PENDING
[2026-09-06T13:25:52+08:00] WAIT olmo3_7b_think jid=3477609_5 state=PENDING
[2026-09-06T13:25:52+08:00] WAIT olmo3_7b_think jid=3477609_6 state=PENDING
[2026-09-06T13:25:52+08:00] progress done=0/37 pending=37 failed=0
[2026-09-06T13:27:52+08:00] WAIT qwen3_1.7b jid=3477428 state=PENDING
[2026-09-06T13:27:52+08:00] WAIT qwen3_1.7b jid=3477429 state=PENDING
[2026-09-06T13:27:52+08:00] WAIT qwen3_1.7b jid=3477430 state=PENDING
[2026-09-06T13:27:52+08:00] WAIT olmo3_7b_think jid=3477431 state=PENDING
[2026-09-06T13:27:52+08:00] WAIT olmo3_7b_think jid=3477432 state=PENDING
[2026-09-06T13:27:52+08:00] WAIT olmo3_7b_think jid=3477433 state=PENDING
[2026-09-06T13:27:52+08:00] WAIT qwen3_4b_instruct jid=3477434 state=PENDING
[2026-09-06T13:27:52+08:00] WAIT qwen3_4b_instruct jid=3477435 state=PENDING
[2026-09-06T13:27:52+08:00] WAIT qwen3_4b_instruct jid=3477436 state=PENDING
[2026-09-06T13:27:52+08:00] WAIT qwen3_1.7b jid=3477606_0 state=PENDING
[2026-09-06T13:27:52+08:00] WAIT qwen3_1.7b jid=3477606_1 state=PENDING
[2026-09-06T13:27:52+08:00] WAIT qwen3_1.7b jid=3477606_2 state=PENDING
[2026-09-06T13:27:52+08:00] WAIT qwen3_1.7b jid=3477606_3 state=PENDING
[2026-09-06T13:27:52+08:00] WAIT qwen3_1.7b jid=3477606_4 state=PENDING
[2026-09-06T13:27:52+08:00] WAIT qwen3_1.7b jid=3477606_5 state=PENDING
[2026-09-06T13:27:52+08:00] WAIT qwen3_1.7b jid=3477606_6 state=PENDING
[2026-09-06T13:27:52+08:00] WAIT olmo3_7b_think jid=3477607_0 state=PENDING
[2026-09-06T13:27:52+08:00] WAIT olmo3_7b_think jid=3477607_1 state=PENDING
[2026-09-06T13:27:52+08:00] WAIT olmo3_7b_think jid=3477607_2 state=PENDING
[2026-09-06T13:27:52+08:00] WAIT olmo3_7b_think jid=3477607_3 state=PENDING
[2026-09-06T13:27:52+08:00] WAIT olmo3_7b_think jid=3477607_4 state=PENDING
[2026-09-06T13:27:52+08:00] WAIT olmo3_7b_think jid=3477607_5 state=PENDING
[2026-09-06T13:27:52+08:00] WAIT olmo3_7b_think jid=3477607_6 state=PENDING
[2026-09-06T13:27:52+08:00] WAIT qwen3_1.7b jid=3477608_0 state=PENDING
[2026-09-06T13:27:52+08:00] WAIT qwen3_1.7b jid=3477608_1 state=PENDING
[2026-09-06T13:27:52+08:00] WAIT qwen3_1.7b jid=3477608_2 state=PENDING
[2026-09-06T13:27:52+08:00] WAIT qwen3_1.7b jid=3477608_3 state=PENDING
[2026-09-06T13:27:52+08:00] WAIT qwen3_1.7b jid=3477608_4 state=PENDING
[2026-09-06T13:27:52+08:00] WAIT qwen3_1.7b jid=3477608_5 state=PENDING
[2026-09-06T13:27:52+08:00] WAIT qwen3_1.7b jid=3477608_6 state=PENDING
[2026-09-06T13:27:52+08:00] WAIT olmo3_7b_think jid=3477609_0 state=PENDING
[2026-09-06T13:27:52+08:00] WAIT olmo3_7b_think jid=3477609_1 state=PENDING
[2026-09-06T13:27:53+08:00] WAIT olmo3_7b_think jid=3477609_2 state=PENDING
[2026-09-06T13:27:53+08:00] WAIT olmo3_7b_think jid=3477609_3 state=PENDING
[2026-09-06T13:27:53+08:00] WAIT olmo3_7b_think jid=3477609_4 state=PENDING
[2026-09-06T13:27:53+08:00] WAIT olmo3_7b_think jid=3477609_5 state=PENDING
[2026-09-06T13:27:53+08:00] WAIT olmo3_7b_think jid=3477609_6 state=PENDING
[2026-09-06T13:27:53+08:00] progress done=0/37 pending=37 failed=0
[2026-09-06T13:29:53+08:00] WAIT qwen3_1.7b jid=3477428 state=PENDING
[2026-09-06T13:29:53+08:00] WAIT qwen3_1.7b jid=3477429 state=PENDING
[2026-09-06T13:29:53+08:00] WAIT qwen3_1.7b jid=3477430 state=PENDING
[2026-09-06T13:29:53+08:00] WAIT olmo3_7b_think jid=3477431 state=PENDING
[2026-09-06T13:29:53+08:00] WAIT olmo3_7b_think jid=3477432 state=PENDING
[2026-09-06T13:29:53+08:00] WAIT olmo3_7b_think jid=3477433 state=PENDING
[2026-09-06T13:29:53+08:00] WAIT qwen3_4b_instruct jid=3477434 state=PENDING
[2026-09-06T13:29:53+08:00] WAIT qwen3_4b_instruct jid=3477435 state=PENDING
[2026-09-06T13:29:53+08:00] WAIT qwen3_4b_instruct jid=3477436 state=PENDING
[2026-09-06T13:29:53+08:00] WAIT qwen3_1.7b jid=3477606_0 state=PENDING
[2026-09-06T13:29:53+08:00] WAIT qwen3_1.7b jid=3477606_1 state=PENDING
[2026-09-06T13:29:53+08:00] WAIT qwen3_1.7b jid=3477606_2 state=PENDING
[2026-09-06T13:29:53+08:00] WAIT qwen3_1.7b jid=3477606_3 state=PENDING
[2026-09-06T13:29:53+08:00] WAIT qwen3_1.7b jid=3477606_4 state=PENDING
[2026-09-06T13:29:53+08:00] WAIT qwen3_1.7b jid=3477606_5 state=PENDING
[2026-09-06T13:29:53+08:00] WAIT qwen3_1.7b jid=3477606_6 state=PENDING
[2026-09-06T13:29:53+08:00] WAIT olmo3_7b_think jid=3477607_0 state=PENDING
[2026-09-06T13:29:53+08:00] WAIT olmo3_7b_think jid=3477607_1 state=PENDING
[2026-09-06T13:29:53+08:00] WAIT olmo3_7b_think jid=3477607_2 state=PENDING
[2026-09-06T13:29:53+08:00] WAIT olmo3_7b_think jid=3477607_3 state=PENDING
[2026-09-06T13:29:53+08:00] WAIT olmo3_7b_think jid=3477607_4 state=PENDING
[2026-09-06T13:29:53+08:00] WAIT olmo3_7b_think jid=3477607_5 state=PENDING
[2026-09-06T13:29:53+08:00] WAIT olmo3_7b_think jid=3477607_6 state=PENDING
[2026-09-06T13:29:53+08:00] WAIT qwen3_1.7b jid=3477608_0 state=PENDING
[2026-09-06T13:29:53+08:00] WAIT qwen3_1.7b jid=3477608_1 state=PENDING
[2026-09-06T13:29:53+08:00] WAIT qwen3_1.7b jid=3477608_2 state=PENDING
[2026-09-06T13:29:53+08:00] WAIT qwen3_1.7b jid=3477608_3 state=PENDING
[2026-09-06T13:29:53+08:00] WAIT qwen3_1.7b jid=3477608_4 state=PENDING
[2026-09-06T13:29:53+08:00] WAIT qwen3_1.7b jid=3477608_5 state=PENDING
[2026-09-06T13:29:53+08:00] WAIT qwen3_1.7b jid=3477608_6 state=PENDING
[2026-09-06T13:29:53+08:00] WAIT olmo3_7b_think jid=3477609_0 state=PENDING
[2026-09-06T13:29:53+08:00] WAIT olmo3_7b_think jid=3477609_1 state=PENDING
[2026-09-06T13:29:53+08:00] WAIT olmo3_7b_think jid=3477609_2 state=PENDING
[2026-09-06T13:29:53+08:00] WAIT olmo3_7b_think jid=3477609_3 state=PENDING
[2026-09-06T13:29:53+08:00] WAIT olmo3_7b_think jid=3477609_4 state=PENDING
[2026-09-06T13:29:53+08:00] WAIT olmo3_7b_think jid=3477609_5 state=PENDING
[2026-09-06T13:29:53+08:00] WAIT olmo3_7b_think jid=3477609_6 state=PENDING
[2026-09-06T13:29:53+08:00] progress done=0/37 pending=37 failed=0
[2026-09-06T13:31:53+08:00] WAIT qwen3_1.7b jid=3477428 state=PENDING
[2026-09-06T13:31:53+08:00] WAIT qwen3_1.7b jid=3477429 state=PENDING
[2026-09-06T13:31:53+08:00] WAIT qwen3_1.7b jid=3477430 state=PENDING
[2026-09-06T13:31:53+08:00] WAIT olmo3_7b_think jid=3477431 state=PENDING
[2026-09-06T13:31:53+08:00] WAIT olmo3_7b_think jid=3477432 state=PENDING
[2026-09-06T13:31:53+08:00] WAIT olmo3_7b_think jid=3477433 state=PENDING
[2026-09-06T13:31:53+08:00] WAIT qwen3_4b_instruct jid=3477434 state=PENDING
[2026-09-06T13:31:53+08:00] WAIT qwen3_4b_instruct jid=3477435 state=PENDING
[2026-09-06T13:31:53+08:00] WAIT qwen3_4b_instruct jid=3477436 state=PENDING
[2026-09-06T13:31:53+08:00] WAIT qwen3_1.7b jid=3477606_0 state=PENDING
[2026-09-06T13:31:53+08:00] WAIT qwen3_1.7b jid=3477606_1 state=PENDING
[2026-09-06T13:31:53+08:00] WAIT qwen3_1.7b jid=3477606_2 state=PENDING
[2026-09-06T13:31:53+08:00] WAIT qwen3_1.7b jid=3477606_3 state=PENDING
[2026-09-06T13:31:53+08:00] WAIT qwen3_1.7b jid=3477606_4 state=PENDING
[2026-09-06T13:31:53+08:00] WAIT qwen3_1.7b jid=3477606_5 state=PENDING
[2026-09-06T13:31:53+08:00] WAIT qwen3_1.7b jid=3477606_6 state=PENDING
[2026-09-06T13:31:53+08:00] WAIT olmo3_7b_think jid=3477607_0 state=PENDING
[2026-09-06T13:31:53+08:00] WAIT olmo3_7b_think jid=3477607_1 state=PENDING
[2026-09-06T13:31:53+08:00] WAIT olmo3_7b_think jid=3477607_2 state=PENDING
[2026-09-06T13:31:53+08:00] WAIT olmo3_7b_think jid=3477607_3 state=PENDING
[2026-09-06T13:31:53+08:00] WAIT olmo3_7b_think jid=3477607_4 state=PENDING
[2026-09-06T13:31:53+08:00] WAIT olmo3_7b_think jid=3477607_5 state=PENDING
[2026-09-06T13:31:53+08:00] WAIT olmo3_7b_think jid=3477607_6 state=PENDING
[2026-09-06T13:31:53+08:00] WAIT qwen3_1.7b jid=3477608_0 state=PENDING
[2026-09-06T13:31:53+08:00] WAIT qwen3_1.7b jid=3477608_1 state=PENDING
[2026-09-06T13:31:53+08:00] WAIT qwen3_1.7b jid=3477608_2 state=PENDING
[2026-09-06T13:31:53+08:00] WAIT qwen3_1.7b jid=3477608_3 state=PENDING
[2026-09-06T13:31:53+08:00] WAIT qwen3_1.7b jid=3477608_4 state=PENDING
[2026-09-06T13:31:53+08:00] WAIT qwen3_1.7b jid=3477608_5 state=PENDING
[2026-09-06T13:31:53+08:00] WAIT qwen3_1.7b jid=3477608_6 state=PENDING
[2026-09-06T13:31:53+08:00] WAIT olmo3_7b_think jid=3477609_0 state=PENDING
[2026-09-06T13:31:53+08:00] WAIT olmo3_7b_think jid=3477609_1 state=PENDING
[2026-09-06T13:31:53+08:00] WAIT olmo3_7b_think jid=3477609_2 state=PENDING
[2026-09-06T13:31:53+08:00] WAIT olmo3_7b_think jid=3477609_3 state=PENDING
[2026-09-06T13:31:53+08:00] WAIT olmo3_7b_think jid=3477609_4 state=PENDING
[2026-09-06T13:31:53+08:00] WAIT olmo3_7b_think jid=3477609_5 state=PENDING
[2026-09-06T13:31:53+08:00] WAIT olmo3_7b_think jid=3477609_6 state=PENDING
[2026-09-06T13:31:53+08:00] progress done=0/37 pending=37 failed=0
[2026-09-06T13:33:53+08:00] WAIT qwen3_1.7b jid=3477428 state=PENDING
[2026-09-06T13:33:53+08:00] WAIT qwen3_1.7b jid=3477429 state=PENDING
[2026-09-06T13:33:53+08:00] WAIT qwen3_1.7b jid=3477430 state=PENDING
[2026-09-06T13:33:53+08:00] WAIT olmo3_7b_think jid=3477431 state=PENDING
[2026-09-06T13:33:53+08:00] WAIT olmo3_7b_think jid=3477432 state=PENDING
[2026-09-06T13:33:53+08:00] WAIT olmo3_7b_think jid=3477433 state=PENDING
[2026-09-06T13:33:53+08:00] WAIT qwen3_4b_instruct jid=3477434 state=PENDING
[2026-09-06T13:33:53+08:00] WAIT qwen3_4b_instruct jid=3477435 state=PENDING
[2026-09-06T13:33:53+08:00] WAIT qwen3_4b_instruct jid=3477436 state=PENDING
[2026-09-06T13:33:53+08:00] WAIT qwen3_1.7b jid=3477606_0 state=PENDING
[2026-09-06T13:33:53+08:00] WAIT qwen3_1.7b jid=3477606_1 state=PENDING
[2026-09-06T13:33:53+08:00] WAIT qwen3_1.7b jid=3477606_2 state=PENDING
[2026-09-06T13:33:53+08:00] WAIT qwen3_1.7b jid=3477606_3 state=PENDING
[2026-09-06T13:33:53+08:00] WAIT qwen3_1.7b jid=3477606_4 state=PENDING
[2026-09-06T13:33:53+08:00] WAIT qwen3_1.7b jid=3477606_5 state=PENDING
[2026-09-06T13:33:53+08:00] WAIT qwen3_1.7b jid=3477606_6 state=PENDING
[2026-09-06T13:33:53+08:00] WAIT olmo3_7b_think jid=3477607_0 state=PENDING
[2026-09-06T13:33:54+08:00] WAIT olmo3_7b_think jid=3477607_1 state=PENDING
[2026-09-06T13:33:54+08:00] WAIT olmo3_7b_think jid=3477607_2 state=PENDING
[2026-09-06T13:33:54+08:00] WAIT olmo3_7b_think jid=3477607_3 state=PENDING
[2026-09-06T13:33:54+08:00] WAIT olmo3_7b_think jid=3477607_4 state=PENDING
[2026-09-06T13:33:54+08:00] WAIT olmo3_7b_think jid=3477607_5 state=PENDING
[2026-09-06T13:33:54+08:00] WAIT olmo3_7b_think jid=3477607_6 state=PENDING
[2026-09-06T13:33:54+08:00] WAIT qwen3_1.7b jid=3477608_0 state=PENDING
[2026-09-06T13:33:54+08:00] WAIT qwen3_1.7b jid=3477608_1 state=PENDING
[2026-09-06T13:33:54+08:00] WAIT qwen3_1.7b jid=3477608_2 state=PENDING
[2026-09-06T13:33:54+08:00] WAIT qwen3_1.7b jid=3477608_3 state=PENDING
[2026-09-06T13:33:54+08:00] WAIT qwen3_1.7b jid=3477608_4 state=PENDING
[2026-09-06T13:33:54+08:00] WAIT qwen3_1.7b jid=3477608_5 state=PENDING
[2026-09-06T13:33:54+08:00] WAIT qwen3_1.7b jid=3477608_6 state=PENDING
[2026-09-06T13:33:54+08:00] WAIT olmo3_7b_think jid=3477609_0 state=PENDING
[2026-09-06T13:33:54+08:00] WAIT olmo3_7b_think jid=3477609_1 state=PENDING
[2026-09-06T13:33:54+08:00] WAIT olmo3_7b_think jid=3477609_2 state=PENDING
[2026-09-06T13:33:54+08:00] WAIT olmo3_7b_think jid=3477609_3 state=PENDING
[2026-09-06T13:33:54+08:00] WAIT olmo3_7b_think jid=3477609_4 state=PENDING
[2026-09-06T13:33:54+08:00] WAIT olmo3_7b_think jid=3477609_5 state=PENDING
[2026-09-06T13:33:54+08:00] WAIT olmo3_7b_think jid=3477609_6 state=PENDING
[2026-09-06T13:33:54+08:00] progress done=0/37 pending=37 failed=0
[2026-09-06T13:35:54+08:00] WAIT qwen3_1.7b jid=3477428 state=PENDING
[2026-09-06T13:35:54+08:00] WAIT qwen3_1.7b jid=3477429 state=PENDING
[2026-09-06T13:35:54+08:00] WAIT qwen3_1.7b jid=3477430 state=PENDING
[2026-09-06T13:35:54+08:00] WAIT olmo3_7b_think jid=3477431 state=PENDING
[2026-09-06T13:35:54+08:00] WAIT olmo3_7b_think jid=3477432 state=PENDING
[2026-09-06T13:35:54+08:00] WAIT olmo3_7b_think jid=3477433 state=PENDING
[2026-09-06T13:35:54+08:00] WAIT qwen3_4b_instruct jid=3477434 state=PENDING
[2026-09-06T13:35:54+08:00] WAIT qwen3_4b_instruct jid=3477435 state=PENDING
[2026-09-06T13:35:54+08:00] WAIT qwen3_4b_instruct jid=3477436 state=PENDING
[2026-09-06T13:35:54+08:00] WAIT qwen3_1.7b jid=3477606_0 state=PENDING
[2026-09-06T13:35:54+08:00] WAIT qwen3_1.7b jid=3477606_1 state=PENDING
[2026-09-06T13:35:54+08:00] WAIT qwen3_1.7b jid=3477606_2 state=PENDING
[2026-09-06T13:35:54+08:00] WAIT qwen3_1.7b jid=3477606_3 state=PENDING
[2026-09-06T13:35:54+08:00] WAIT qwen3_1.7b jid=3477606_4 state=PENDING
[2026-09-06T13:35:54+08:00] WAIT qwen3_1.7b jid=3477606_5 state=PENDING
[2026-09-06T13:35:54+08:00] WAIT qwen3_1.7b jid=3477606_6 state=PENDING
[2026-09-06T13:35:54+08:00] WAIT olmo3_7b_think jid=3477607_0 state=PENDING
[2026-09-06T13:35:54+08:00] WAIT olmo3_7b_think jid=3477607_1 state=PENDING
[2026-09-06T13:35:54+08:00] WAIT olmo3_7b_think jid=3477607_2 state=PENDING
[2026-09-06T13:35:54+08:00] WAIT olmo3_7b_think jid=3477607_3 state=PENDING
[2026-09-06T13:35:54+08:00] WAIT olmo3_7b_think jid=3477607_4 state=PENDING
[2026-09-06T13:35:54+08:00] WAIT olmo3_7b_think jid=3477607_5 state=PENDING
[2026-09-06T13:35:54+08:00] WAIT olmo3_7b_think jid=3477607_6 state=PENDING
[2026-09-06T13:35:54+08:00] WAIT qwen3_1.7b jid=3477608_0 state=PENDING
[2026-09-06T13:35:54+08:00] WAIT qwen3_1.7b jid=3477608_1 state=PENDING
[2026-09-06T13:35:54+08:00] WAIT qwen3_1.7b jid=3477608_2 state=PENDING
[2026-09-06T13:35:54+08:00] WAIT qwen3_1.7b jid=3477608_3 state=PENDING
[2026-09-06T13:35:54+08:00] WAIT qwen3_1.7b jid=3477608_4 state=PENDING
[2026-09-06T13:35:54+08:00] WAIT qwen3_1.7b jid=3477608_5 state=PENDING
[2026-09-06T13:35:54+08:00] WAIT qwen3_1.7b jid=3477608_6 state=PENDING
[2026-09-06T13:35:54+08:00] WAIT olmo3_7b_think jid=3477609_0 state=PENDING
[2026-09-06T13:35:54+08:00] WAIT olmo3_7b_think jid=3477609_1 state=PENDING
[2026-09-06T13:35:54+08:00] WAIT olmo3_7b_think jid=3477609_2 state=PENDING
[2026-09-06T13:35:54+08:00] WAIT olmo3_7b_think jid=3477609_3 state=PENDING
[2026-09-06T13:35:54+08:00] WAIT olmo3_7b_think jid=3477609_4 state=PENDING
[2026-09-06T13:35:54+08:00] WAIT olmo3_7b_think jid=3477609_5 state=PENDING
[2026-09-06T13:35:54+08:00] WAIT olmo3_7b_think jid=3477609_6 state=PENDING
[2026-09-06T13:35:54+08:00] progress done=0/37 pending=37 failed=0
[2026-09-06T13:37:54+08:00] WAIT qwen3_1.7b jid=3477428 state=PENDING
[2026-09-06T13:37:54+08:00] WAIT qwen3_1.7b jid=3477429 state=PENDING
[2026-09-06T13:37:54+08:00] WAIT qwen3_1.7b jid=3477430 state=PENDING
[2026-09-06T13:37:54+08:00] WAIT olmo3_7b_think jid=3477431 state=PENDING
[2026-09-06T13:37:54+08:00] WAIT olmo3_7b_think jid=3477432 state=PENDING
[2026-09-06T13:37:54+08:00] WAIT olmo3_7b_think jid=3477433 state=PENDING
[2026-09-06T13:37:54+08:00] WAIT qwen3_4b_instruct jid=3477434 state=PENDING
[2026-09-06T13:37:54+08:00] WAIT qwen3_4b_instruct jid=3477435 state=PENDING
[2026-09-06T13:37:54+08:00] WAIT qwen3_4b_instruct jid=3477436 state=PENDING
[2026-09-06T13:37:54+08:00] WAIT qwen3_1.7b jid=3477606_0 state=PENDING
[2026-09-06T13:37:54+08:00] WAIT qwen3_1.7b jid=3477606_1 state=PENDING
[2026-09-06T13:37:54+08:00] WAIT qwen3_1.7b jid=3477606_2 state=PENDING
[2026-09-06T13:37:54+08:00] WAIT qwen3_1.7b jid=3477606_3 state=PENDING
[2026-09-06T13:37:54+08:00] WAIT qwen3_1.7b jid=3477606_4 state=PENDING
[2026-09-06T13:37:54+08:00] WAIT qwen3_1.7b jid=3477606_5 state=PENDING
[2026-09-06T13:37:54+08:00] WAIT qwen3_1.7b jid=3477606_6 state=PENDING
[2026-09-06T13:37:54+08:00] WAIT olmo3_7b_think jid=3477607_0 state=PENDING
[2026-09-06T13:37:54+08:00] WAIT olmo3_7b_think jid=3477607_1 state=PENDING
[2026-09-06T13:37:54+08:00] WAIT olmo3_7b_think jid=3477607_2 state=PENDING
[2026-09-06T13:37:54+08:00] WAIT olmo3_7b_think jid=3477607_3 state=PENDING
[2026-09-06T13:37:54+08:00] WAIT olmo3_7b_think jid=3477607_4 state=PENDING
[2026-09-06T13:37:54+08:00] WAIT olmo3_7b_think jid=3477607_5 state=PENDING
[2026-09-06T13:37:54+08:00] WAIT olmo3_7b_think jid=3477607_6 state=PENDING
[2026-09-06T13:37:54+08:00] WAIT qwen3_1.7b jid=3477608_0 state=PENDING
[2026-09-06T13:37:54+08:00] WAIT qwen3_1.7b jid=3477608_1 state=PENDING
[2026-09-06T13:37:54+08:00] WAIT qwen3_1.7b jid=3477608_2 state=PENDING
[2026-09-06T13:37:54+08:00] WAIT qwen3_1.7b jid=3477608_3 state=PENDING
[2026-09-06T13:37:54+08:00] WAIT qwen3_1.7b jid=3477608_4 state=PENDING
[2026-09-06T13:37:54+08:00] WAIT qwen3_1.7b jid=3477608_5 state=PENDING
[2026-09-06T13:37:54+08:00] WAIT qwen3_1.7b jid=3477608_6 state=PENDING
[2026-09-06T13:37:54+08:00] WAIT olmo3_7b_think jid=3477609_0 state=PENDING
[2026-09-06T13:37:54+08:00] WAIT olmo3_7b_think jid=3477609_1 state=PENDING
[2026-09-06T13:37:54+08:00] WAIT olmo3_7b_think jid=3477609_2 state=PENDING
[2026-09-06T13:37:54+08:00] WAIT olmo3_7b_think jid=3477609_3 state=PENDING
[2026-09-06T13:37:54+08:00] WAIT olmo3_7b_think jid=3477609_4 state=PENDING
[2026-09-06T13:37:54+08:00] WAIT olmo3_7b_think jid=3477609_5 state=PENDING
[2026-09-06T13:37:54+08:00] WAIT olmo3_7b_think jid=3477609_6 state=PENDING
[2026-09-06T13:37:54+08:00] progress done=0/37 pending=37 failed=0
[2026-09-06T13:39:54+08:00] WAIT qwen3_1.7b jid=3477428 state=PENDING
[2026-09-06T13:39:54+08:00] WAIT qwen3_1.7b jid=3477429 state=PENDING
[2026-09-06T13:39:54+08:00] WAIT qwen3_1.7b jid=3477430 state=PENDING
[2026-09-06T13:39:55+08:00] WAIT olmo3_7b_think jid=3477431 state=PENDING
[2026-09-06T13:39:55+08:00] WAIT olmo3_7b_think jid=3477432 state=PENDING
[2026-09-06T13:39:55+08:00] WAIT olmo3_7b_think jid=3477433 state=PENDING
[2026-09-06T13:39:55+08:00] WAIT qwen3_4b_instruct jid=3477434 state=PENDING
[2026-09-06T13:39:55+08:00] WAIT qwen3_4b_instruct jid=3477435 state=PENDING
[2026-09-06T13:39:55+08:00] WAIT qwen3_4b_instruct jid=3477436 state=PENDING
[2026-09-06T13:39:55+08:00] WAIT qwen3_1.7b jid=3477606_0 state=PENDING
[2026-09-06T13:39:55+08:00] WAIT qwen3_1.7b jid=3477606_1 state=PENDING
[2026-09-06T13:39:55+08:00] WAIT qwen3_1.7b jid=3477606_2 state=PENDING
[2026-09-06T13:39:55+08:00] WAIT qwen3_1.7b jid=3477606_3 state=PENDING
[2026-09-06T13:39:55+08:00] WAIT qwen3_1.7b jid=3477606_4 state=PENDING
[2026-09-06T13:39:55+08:00] WAIT qwen3_1.7b jid=3477606_5 state=PENDING
[2026-09-06T13:39:55+08:00] WAIT qwen3_1.7b jid=3477606_6 state=PENDING
[2026-09-06T13:39:55+08:00] WAIT olmo3_7b_think jid=3477607_0 state=PENDING
[2026-09-06T13:39:55+08:00] WAIT olmo3_7b_think jid=3477607_1 state=PENDING
[2026-09-06T13:39:55+08:00] WAIT olmo3_7b_think jid=3477607_2 state=PENDING
[2026-09-06T13:39:55+08:00] WAIT olmo3_7b_think jid=3477607_3 state=PENDING
[2026-09-06T13:39:55+08:00] WAIT olmo3_7b_think jid=3477607_4 state=PENDING
[2026-09-06T13:39:55+08:00] WAIT olmo3_7b_think jid=3477607_5 state=PENDING
[2026-09-06T13:39:55+08:00] WAIT olmo3_7b_think jid=3477607_6 state=PENDING
[2026-09-06T13:39:55+08:00] WAIT qwen3_1.7b jid=3477608_0 state=PENDING
[2026-09-06T13:39:55+08:00] WAIT qwen3_1.7b jid=3477608_1 state=PENDING
[2026-09-06T13:39:55+08:00] WAIT qwen3_1.7b jid=3477608_2 state=PENDING
[2026-09-06T13:39:55+08:00] WAIT qwen3_1.7b jid=3477608_3 state=PENDING
[2026-09-06T13:39:55+08:00] WAIT qwen3_1.7b jid=3477608_4 state=PENDING
[2026-09-06T13:39:55+08:00] WAIT qwen3_1.7b jid=3477608_5 state=PENDING
[2026-09-06T13:39:55+08:00] WAIT qwen3_1.7b jid=3477608_6 state=PENDING
[2026-09-06T13:39:55+08:00] WAIT olmo3_7b_think jid=3477609_0 state=PENDING
[2026-09-06T13:39:55+08:00] WAIT olmo3_7b_think jid=3477609_1 state=PENDING
[2026-09-06T13:39:55+08:00] WAIT olmo3_7b_think jid=3477609_2 state=PENDING
[2026-09-06T13:39:55+08:00] WAIT olmo3_7b_think jid=3477609_3 state=PENDING
[2026-09-06T13:39:55+08:00] WAIT olmo3_7b_think jid=3477609_4 state=PENDING
[2026-09-06T13:39:55+08:00] WAIT olmo3_7b_think jid=3477609_5 state=PENDING
[2026-09-06T13:39:55+08:00] WAIT olmo3_7b_think jid=3477609_6 state=PENDING
[2026-09-06T13:39:55+08:00] progress done=0/37 pending=37 failed=0
[2026-09-06T13:41:55+08:00] WAIT qwen3_1.7b jid=3477428 state=PENDING
[2026-09-06T13:41:55+08:00] WAIT qwen3_1.7b jid=3477429 state=PENDING
[2026-09-06T13:41:55+08:00] WAIT qwen3_1.7b jid=3477430 state=PENDING
[2026-09-06T13:41:55+08:00] WAIT olmo3_7b_think jid=3477431 state=PENDING
[2026-09-06T13:41:55+08:00] WAIT olmo3_7b_think jid=3477432 state=PENDING
[2026-09-06T13:41:55+08:00] WAIT olmo3_7b_think jid=3477433 state=PENDING
[2026-09-06T13:41:55+08:00] WAIT qwen3_4b_instruct jid=3477434 state=PENDING
[2026-09-06T13:41:55+08:00] WAIT qwen3_4b_instruct jid=3477435 state=PENDING
[2026-09-06T13:41:55+08:00] WAIT qwen3_4b_instruct jid=3477436 state=PENDING
[2026-09-06T13:41:55+08:00] WAIT qwen3_1.7b jid=3477606_0 state=PENDING
[2026-09-06T13:41:55+08:00] WAIT qwen3_1.7b jid=3477606_1 state=PENDING
[2026-09-06T13:41:55+08:00] WAIT qwen3_1.7b jid=3477606_2 state=PENDING
[2026-09-06T13:41:55+08:00] WAIT qwen3_1.7b jid=3477606_3 state=PENDING
[2026-09-06T13:41:55+08:00] WAIT qwen3_1.7b jid=3477606_4 state=PENDING
[2026-09-06T13:41:55+08:00] WAIT qwen3_1.7b jid=3477606_5 state=PENDING
[2026-09-06T13:41:55+08:00] WAIT qwen3_1.7b jid=3477606_6 state=PENDING
[2026-09-06T13:41:55+08:00] WAIT olmo3_7b_think jid=3477607_0 state=PENDING
[2026-09-06T13:41:55+08:00] WAIT olmo3_7b_think jid=3477607_1 state=PENDING
[2026-09-06T13:41:55+08:00] WAIT olmo3_7b_think jid=3477607_2 state=PENDING
[2026-09-06T13:41:55+08:00] WAIT olmo3_7b_think jid=3477607_3 state=PENDING
[2026-09-06T13:41:55+08:00] WAIT olmo3_7b_think jid=3477607_4 state=PENDING
[2026-09-06T13:41:55+08:00] WAIT olmo3_7b_think jid=3477607_5 state=PENDING
[2026-09-06T13:41:55+08:00] WAIT olmo3_7b_think jid=3477607_6 state=PENDING
[2026-09-06T13:41:55+08:00] WAIT qwen3_1.7b jid=3477608_0 state=PENDING
[2026-09-06T13:41:55+08:00] WAIT qwen3_1.7b jid=3477608_1 state=PENDING
[2026-09-06T13:41:55+08:00] WAIT qwen3_1.7b jid=3477608_2 state=PENDING
[2026-09-06T13:41:55+08:00] WAIT qwen3_1.7b jid=3477608_3 state=PENDING
[2026-09-06T13:41:55+08:00] WAIT qwen3_1.7b jid=3477608_4 state=PENDING
[2026-09-06T13:41:55+08:00] WAIT qwen3_1.7b jid=3477608_5 state=PENDING
[2026-09-06T13:41:55+08:00] WAIT qwen3_1.7b jid=3477608_6 state=PENDING
[2026-09-06T13:41:55+08:00] WAIT olmo3_7b_think jid=3477609_0 state=PENDING
[2026-09-06T13:41:55+08:00] WAIT olmo3_7b_think jid=3477609_1 state=PENDING
[2026-09-06T13:41:55+08:00] WAIT olmo3_7b_think jid=3477609_2 state=PENDING
[2026-09-06T13:41:55+08:00] WAIT olmo3_7b_think jid=3477609_3 state=PENDING
[2026-09-06T13:41:55+08:00] WAIT olmo3_7b_think jid=3477609_4 state=PENDING
[2026-09-06T13:41:55+08:00] WAIT olmo3_7b_think jid=3477609_5 state=PENDING
[2026-09-06T13:41:55+08:00] WAIT olmo3_7b_think jid=3477609_6 state=PENDING
[2026-09-06T13:41:55+08:00] progress done=0/37 pending=37 failed=0
